 
 
 
 
{
"corpora": {
"FAMILJELIV-ADOPTION": [
{
"absolute": {
"2003": 0,
"2023": null,
"2007": 3,
"2008": 5,
"2009": 3,
"2010": 1,
"2011": 1,
"2012": 0
},
"relative": {
"2003": 0,
"2023": null,
"2007": 1.3629771783101263,
"2008": 1.7876832911678435,
"2009": 1.251098881851226,
"2010": 0.9723823952112113,
"2011": 1.3227425744538726,
"2012": 0.0
},
"sums": {
"absolute": 13,
"relative": 6.696884320994279
}
},
{
"absolute": {
"2003": 0,
"2023": null,
"2007": 3,
"2008": 5,
"2009": 1,
"2010": 1,
"2011": 1,
"2012": 0
},
"relative": {
"2003": 0,
"2023": null,
"2007": 1.3629771783101263,
"2008": 1.7876832911678435,
"2009": 0.41703296061707534,
"2010": 0.9723823952112113,
"2011": 1.3227425744538726,
"2012": 0.0
},
"sums": {
"absolute": 11,
"relative": 5.862818399760129
},
"cqp": "[lemma contains 'upph\u00f6ra' & (msd = '.*VB.PRS.AKT.*' | msd = '.*VB.PRT.AKT.*')] [word = 'att' %c] [msd = '.*INF.AKT.*'] [msd != '.*INF.*']"
},
{
"absolute": {
"2003": 0,
"2023": null,
"2009": 2,
"2010": 0
},
"relative": {
"2003": 0,
"2023": null,
"2009": 0.8340659212341507,
"2010": 0.0
},
"sums": {
"absolute": 2,
"relative": 0.8340659212341507
},
"cqp": "[lemma contains 'upph\u00f6ra' & (msd = '.*VB.PRS.AKT.*' | msd = '.*VB.PRT.AKT.*')] [msd = '.*INF.AKT.*'] [msd != '.*INF.*']"
}
],
"FAMILJELIV-ALLMANNA-EKONOMI": [
{
"absolute": {
"2003": 0,
"2023": null,
"2008": 5,
"2009": 4,
"2010": 3,
"2011": 0,
"2012": 1,
"2013": 4,
"2014": 2,
"2015": 0,
"2016": 2,
"2017": 0,
"2018": 1,
"2019": 1,
"2020": 0
},
"relative": {
"2003": 0,
"2023": null,
"2008": 0.6585349020863966,
"2009": 0.5437157671455669,
"2010": 0.5569285908017303,
"2011": 0.0,
"2012": 0.3444981746764215,
"2013": 1.4826906981175019,
"2014": 1.164477836493338,
"2015": 0.0,
"2016": 2.250262999488065,
"2017": 0.0,
"2018": 1.3050536899088028,
"2019": 2.051071684955389,
"2020": 0.0
},
"sums": {
"absolute": 23,
"relative": 10.35723434367321
}
},
{
"absolute": {
"2003": 0,
"2023": null,
"2008": 5,
"2009": 4,
"2010": 3,
"2011": 0,
"2012": 1,
"2013": 4,
"2014": 1,
"2015": 0,
"2016": 1,
"2017": 0,
"2018": 1,
"2019": 1,
"2020": 0
},
"relative": {
"2003": 0,
"2023": null,
"2008": 0.6585349020863966,
"2009": 0.5437157671455669,
"2010": 0.5569285908017303,
"2011": 0.0,
"2012": 0.3444981746764215,
"2013": 1.4826906981175019,
"2014": 0.582238918246669,
"2015": 0.0,
"2016": 1.1251314997440325,
"2017": 0.0,
"2018": 1.3050536899088028,
"2019": 2.051071684955389,
"2020": 0.0
},
"sums": {
"absolute": 21,
"relative": 8.64986392568251
},
"cqp": "[lemma contains 'upph\u00f6ra' & (msd = '.*VB.PRS.AKT.*' | msd = '.*VB.PRT.AKT.*')] [word = 'att' %c] [msd = '.*INF.AKT.*'] [msd != '.*INF.*']"
},
{
"absolute": {
"2003": 0,
"2023": null,
"2014": 1,
"2015": 0,
"2016": 1,
"2017": 0
},
"relative": {
"2003": 0,
"2023": null,
"2014": 0.582238918246669,
"2015": 0.0,
"2016": 1.1251314997440325,
"2017": 0.0
},
"sums": {
"absolute": 2,
"relative": 1.7073704179907014
},
"cqp": "[lemma contains 'upph\u00f6ra' & (msd = '.*VB.PRS.AKT.*' | msd = '.*VB.PRT.AKT.*')] [msd = '.*INF.AKT.*'] [msd != '.*INF.*']"
}
],
"FAMILJELIV-ALLMANNA-FAMILJELIV": [
{
"absolute": {
"2003": 0,
"2023": null,
"2006": 2,
"2007": 4,
"2008": 6,
"2009": 3,
"2010": 1,
"2011": 0,
"2015": 1,
"2016": 0
},
"relative": {
"2003": 0,
"2023": null,
"2006": 0.13374147665569275,
"2007": 0.38655978031034566,
"2008": 0.7807646652978995,
"2009": 0.3923466764770773,
"2010": 0.15901476992789,
"2011": 0.0,
"2015": 1.2762557718667282,
"2016": 0.0
},
"sums": {
"absolute": 17,
"relative": 3.1286831405356335
}
},
{
"absolute": {
"2003": 0,
"2023": null,
"2006": 2,
"2007": 3,
"2008": 6,
"2009": 3,
"2010": 1,
"2011": 0,
"2015": 1,
"2016": 0
},
"relative": {
"2003": 0,
"2023": null,
"2006": 0.13374147665569275,
"2007": 0.2899198352327592,
"2008": 0.7807646652978995,
"2009": 0.3923466764770773,
"2010": 0.15901476992789,
"2011": 0.0,
"2015": 1.2762557718667282,
"2016": 0.0
},
"sums": {
"absolute": 16,
"relative": 3.032043195458047
},
"cqp": "[lemma contains 'upph\u00f6ra' & (msd = '.*VB.PRS.AKT.*' | msd = '.*VB.PRT.AKT.*')] [word = 'att' %c] [msd = '.*INF.AKT.*'] [msd != '.*INF.*']"
},
{
"absolute": {
"2003": 0,
"2023": null,
"2007": 1,
"2008": 0
},
"relative": {
"2003": 0,
"2023": null,
"2007": 0.09663994507758641,
"2008": 0.0
},
"sums": {
"absolute": 1,
"relative": 0.09663994507758641
},
"cqp": "[lemma contains 'upph\u00f6ra' & (msd = '.*VB.PRS.AKT.*' | msd = '.*VB.PRT.AKT.*')] [msd = '.*INF.AKT.*'] [msd != '.*INF.*']"
}
],
"FAMILJELIV-ALLMANNA-FRITID": [
{
"absolute": {
"2004": 0,
"2023": null,
"2007": 1,
"2008": 2,
"2009": 1,
"2010": 1,
"2011": 2,
"2012": 0
},
"relative": {
"2004": 0,
"2023": null,
"2007": 0.18950534556678775,
"2008": 0.3715623285588193,
"2009": 0.23273149743867352,
"2010": 0.3343971621719229,
"2011": 0.7834731049352538,
"2012": 0.0
},
"sums": {
"absolute": 7,
"relative": 1.9116694386714572
}
},
{
"absolute": {
"2004": 0,
"2023": null,
"2007": 1,
"2008": 2,
"2009": 1,
"2010": 1,
"2011": 2,
"2012": 0
},
"relative": {
"2004": 0,
"2023": null,
"2007": 0.18950534556678775,
"2008": 0.3715623285588193,
"2009": 0.23273149743867352,
"2010": 0.3343971621719229,
"2011": 0.7834731049352538,
"2012": 0.0
},
"sums": {
"absolute": 7,
"relative": 1.9116694386714572
},
"cqp": "[lemma contains 'upph\u00f6ra' & (msd = '.*VB.PRS.AKT.*' | msd = '.*VB.PRT.AKT.*')] [word = 'att' %c] [msd = '.*INF.AKT.*'] [msd != '.*INF.*']"
},
{
"absolute": {
"2004": 0,
"2023": null
},
"relative": {
"2004": 0,
"2023": null
},
"sums": {
"absolute": 0,
"relative": 0.0
},
"cqp": "[lemma contains 'upph\u00f6ra' & (msd = '.*VB.PRS.AKT.*' | msd = '.*VB.PRT.AKT.*')] [msd = '.*INF.AKT.*'] [msd != '.*INF.*']"
}
],
"FAMILJELIV-ALLMANNA-HUSDJUR": [
{
"absolute": {
"2003": 0,
"2023": null,
"2005": 1,
"2006": 2,
"2007": 1,
"2008": 0,
"2009": 1,
"2010": 1,
"2011": 0,
"2012": 1,
"2013": 0,
"2015": 1,
"2016": 0
},
"relative": {
"2003": 0,
"2023": null,
"2005": 0.3987824374619412,
"2006": 0.33346533002646883,
"2007": 0.11145930999553717,
"2008": 0.0,
"2009": 0.15640745832093153,
"2010": 0.2413696472358469,
"2011": 0.0,
"2012": 0.3501157832895338,
"2013": 0.0,
"2015": 1.9872656020222415,
"2016": 0.0
},
"sums": {
"absolute": 8,
"relative": 3.578865568352501
}
},
{
"absolute": {
"2003": 0,
"2023": null,
"2005": 1,
"2006": 2,
"2007": 1,
"2008": 0,
"2009": 1,
"2010": 0,
"2012": 1,
"2013": 0,
"2015": 1,
"2016": 0
},
"relative": {
"2003": 0,
"2023": null,
"2005": 0.3987824374619412,
"2006": 0.33346533002646883,
"2007": 0.11145930999553717,
"2008": 0.0,
"2009": 0.15640745832093153,
"2010": 0.0,
"2012": 0.3501157832895338,
"2013": 0.0,
"2015": 1.9872656020222415,
"2016": 0.0
},
"sums": {
"absolute": 7,
"relative": 3.337495921116654
},
"cqp": "[lemma contains 'upph\u00f6ra' & (msd = '.*VB.PRS.AKT.*' | msd = '.*VB.PRT.AKT.*')] [word = 'att' %c] [msd = '.*INF.AKT.*'] [msd != '.*INF.*']"
},
{
"absolute": {
"2003": 0,
"2023": null,
"2010": 1,
"2011": 0
},
"relative": {
"2003": 0,
"2023": null,
"2010": 0.2413696472358469,
"2011": 0.0
},
"sums": {
"absolute": 1,
"relative": 0.2413696472358469
},
"cqp": "[lemma contains 'upph\u00f6ra' & (msd = '.*VB.PRS.AKT.*' | msd = '.*VB.PRT.AKT.*')] [msd = '.*INF.AKT.*'] [msd != '.*INF.*']"
}
],
"FAMILJELIV-ALLMANNA-HUSHEM": [
{
"absolute": {
"2004": 0,
"2023": null,
"2007": 3,
"2008": 2,
"2009": 0,
"2010": 1,
"2011": 2,
"2012": 0,
"2015": 2,
"2016": 2,
"2017": 0
},
"relative": {
"2004": 0,
"2023": null,
"2007": 0.23835203403667046,
"2008": 0.15756144049286477,
"2009": 0.0,
"2010": 0.18253871189732562,
"2011": 0.4370742077702179,
"2012": 0.0,
"2015": 2.257499413050153,
"2016": 2.9731156021674012,
"2017": 0.0
},
"sums": {
"absolute": 12,
"relative": 6.246141409414633
}
},
{
"absolute": {
"2004": 0,
"2023": null,
"2007": 2,
"2008": 2,
"2009": 0,
"2010": 1,
"2011": 2,
"2012": 0,
"2015": 2,
"2016": 1,
"2017": 0
},
"relative": {
"2004": 0,
"2023": null,
"2007": 0.158901356024447,
"2008": 0.15756144049286477,
"2009": 0.0,
"2010": 0.18253871189732562,
"2011": 0.4370742077702179,
"2012": 0.0,
"2015": 2.257499413050153,
"2016": 1.4865578010837006,
"2017": 0.0
},
"sums": {
"absolute": 10,
"relative": 4.680132930318709
},
"cqp": "[lemma contains 'upph\u00f6ra' & (msd = '.*VB.PRS.AKT.*' | msd = '.*VB.PRT.AKT.*')] [word = 'att' %c] [msd = '.*INF.AKT.*'] [msd != '.*INF.*']"
},
{
"absolute": {
"2004": 0,
"2023": null,
"2007": 1,
"2008": 0,
"2016": 1,
"2017": 0
},
"relative": {
"2004": 0,
"2023": null,
"2007": 0.0794506780122235,
"2008": 0.0,
"2016": 1.4865578010837006,
"2017": 0.0
},
"sums": {
"absolute": 2,
"relative": 1.566008479095924
},
"cqp": "[lemma contains 'upph\u00f6ra' & (msd = '.*VB.PRS.AKT.*' | msd = '.*VB.PRT.AKT.*')] [msd = '.*INF.AKT.*'] [msd != '.*INF.*']"
}
],
"FAMILJELIV-ALLMANNA-KROPP": [
{
"absolute": {
"2003": 0,
"2023": null,
"2004": 1,
"2005": 2,
"2006": 10,
"2007": 9,
"2008": 6,
"2009": 14,
"2010": 0,
"2011": 1,
"2012": 2,
"2013": 4,
"2014": 5,
"2015": 0,
"2017": 1,
"2018": 0
},
"relative": {
"2003": 0,
"2023": null,
"2004": 0.38153434801121405,
"2005": 0.24497375106257366,
"2006": 0.5385023237990779,
"2007": 0.4943553951695765,
"2008": 0.3608534400368937,
"2009": 0.6980329083625888,
"2010": 0.0,
"2011": 0.0782935452061058,
"2012": 0.21270929531112137,
"2013": 0.6350972524422664,
"2014": 1.2533467491569363,
"2015": 0.0,
"2017": 0.6342292243947392,
"2018": 0.0
},
"sums": {
"absolute": 55,
"relative": 5.531928232953094
}
},
{
"absolute": {
"2003": 0,
"2023": null,
"2004": 1,
"2005": 1,
"2006": 10,
"2007": 9,
"2008": 4,
"2009": 13,
"2010": 0,
"2011": 1,
"2012": 2,
"2013": 4,
"2014": 5,
"2015": 0
},
"relative": {
"2003": 0,
"2023": null,
"2004": 0.38153434801121405,
"2005": 0.12248687553128683,
"2006": 0.5385023237990779,
"2007": 0.4943553951695765,
"2008": 0.24056896002459574,
"2009": 0.6481734149081182,
"2010": 0.0,
"2011": 0.0782935452061058,
"2012": 0.21270929531112137,
"2013": 0.6350972524422664,
"2014": 1.2533467491569363,
"2015": 0.0
},
"sums": {
"absolute": 50,
"relative": 4.6050681595602985
},
"cqp": "[lemma contains 'upph\u00f6ra' & (msd = '.*VB.PRS.AKT.*' | msd = '.*VB.PRT.AKT.*')] [word = 'att' %c] [msd = '.*INF.AKT.*'] [msd != '.*INF.*']"
},
{
"absolute": {
"2003": 0,
"2023": null,
"2005": 1,
"2006": 0,
"2008": 2,
"2009": 1,
"2010": 0,
"2017": 1,
"2018": 0
},
"relative": {
"2003": 0,
"2023": null,
"2005": 0.12248687553128683,
"2006": 0.0,
"2008": 0.12028448001229787,
"2009": 0.04985949345447063,
"2010": 0.0,
"2017": 0.6342292243947392,
"2018": 0.0
},
"sums": {
"absolute": 5,
"relative": 0.9268600733927945
},
"cqp": "[lemma contains 'upph\u00f6ra' & (msd = '.*VB.PRS.AKT.*' | msd = '.*VB.PRT.AKT.*')] [msd = '.*INF.AKT.*'] [msd != '.*INF.*']"
}
],
"FAMILJELIV-ALLMANNA-NOJE": [
{
"absolute": {
"2003": 0,
"2023": null,
"2005": 1,
"2006": 0,
"2007": 1,
"2008": 1,
"2009": 0,
"2011": 2,
"2012": 1,
"2013": 1,
"2014": 0
},
"relative": {
"2003": 0,
"2023": null,
"2005": 0.0969204684205007,
"2006": 0.0,
"2007": 0.0785717293889068,
"2008": 0.07784078989719956,
"2009": 0.0,
"2011": 0.3006910180285314,
"2012": 0.22764129923084558,
"2013": 0.39935639723022376,
"2014": 0.0
},
"sums": {
"absolute": 7,
"relative": 1.1810217021962077
}
},
{
"absolute": {
"2003": 0,
"2023": null,
"2005": 1,
"2006": 0,
"2007": 1,
"2008": 1,
"2009": 0,
"2011": 2,
"2012": 1,
"2013": 1,
"2014": 0
},
"relative": {
"2003": 0,
"2023": null,
"2005": 0.0969204684205007,
"2006": 0.0,
"2007": 0.0785717293889068,
"2008": 0.07784078989719956,
"2009": 0.0,
"2011": 0.3006910180285314,
"2012": 0.22764129923084558,
"2013": 0.39935639723022376,
"2014": 0.0
},
"sums": {
"absolute": 7,
"relative": 1.1810217021962077
},
"cqp": "[lemma contains 'upph\u00f6ra' & (msd = '.*VB.PRS.AKT.*' | msd = '.*VB.PRT.AKT.*')] [word = 'att' %c] [msd = '.*INF.AKT.*'] [msd != '.*INF.*']"
},
{
"absolute": {
"2003": 0,
"2023": null
},
"relative": {
"2003": 0,
"2023": null
},
"sums": {
"absolute": 0,
"relative": 0.0
},
"cqp": "[lemma contains 'upph\u00f6ra' & (msd = '.*VB.PRS.AKT.*' | msd = '.*VB.PRT.AKT.*')] [msd = '.*INF.AKT.*'] [msd != '.*INF.*']"
}
],
"FAMILJELIV-ALLMANNA-SAMHALLE": [
{
"absolute": {
"2003": 0,
"2023": null,
"2004": 2,
"2005": 6,
"2006": 27,
"2007": 33,
"2008": 22,
"2009": 48,
"2010": 45,
"2011": 27,
"2012": 29,
"2013": 16,
"2014": 19,
"2015": 10,
"2016": 11,
"2017": 8,
"2018": 5,
"2019": 7,
"2020": 0,
"2021": 9,
"2022": 2
},
"relative": {
"2003": 0,
"2023": null,
"2004": 0.47377074849382356,
"2005": 0.46030929408961335,
"2006": 0.802009395926226,
"2007": 0.8710701833652889,
"2008": 0.6244809711564729,
"2009": 1.185783083366554,
"2010": 1.5026255376018516,
"2011": 0.8614283675571911,
"2012": 1.2539116096951926,
"2013": 1.0292772775204297,
"2014": 1.4201119392024666,
"2015": 1.0910675932740046,
"2016": 2.9112266426993316,
"2017": 2.09245567721151,
"2018": 1.7350815089240448,
"2019": 2.583061097144131,
"2020": 0.0,
"2021": 4.751524315397736,
"2022": 1.0367061357971
},
"sums": {
"absolute": 326,
"relative": 26.685901378422972
}
},
{
"absolute": {
"2003": 0,
"2023": null,
"2004": 2,
"2005": 6,
"2006": 27,
"2007": 31,
"2008": 18,
"2009": 42,
"2010": 34,
"2011": 27,
"2012": 27,
"2013": 16,
"2014": 19,
"2015": 9,
"2016": 9,
"2017": 7,
"2018": 5,
"2019": 7,
"2020": 0,
"2021": 9,
"2022": 2
},
"relative": {
"2003": 0,
"2023": null,
"2004": 0.47377074849382356,
"2005": 0.46030929408961335,
"2006": 0.802009395926226,
"2007": 0.8182780510401197,
"2008": 0.5109389764007506,
"2009": 1.0375601979457345,
"2010": 1.1353170728547324,
"2011": 0.8614283675571911,
"2012": 1.167434946957593,
"2013": 1.0292772775204297,
"2014": 1.4201119392024666,
"2015": 0.9819608339466042,
"2016": 2.3819127076630897,
"2017": 1.830898717560071,
"2018": 1.7350815089240448,
"2019": 2.583061097144131,
"2020": 0.0,
"2021": 4.751524315397736,
"2022": 1.0367061357971
},
"sums": {
"absolute": 297,
"relative": 25.01758158442146
},
"cqp": "[lemma contains 'upph\u00f6ra' & (msd = '.*VB.PRS.AKT.*' | msd = '.*VB.PRT.AKT.*')] [word = 'att' %c] [msd = '.*INF.AKT.*'] [msd != '.*INF.*']"
},
{
"absolute": {
"2003": 0,
"2023": null,
"2007": 2,
"2008": 4,
"2009": 6,
"2010": 11,
"2011": 0,
"2012": 2,
"2013": 0,
"2015": 1,
"2016": 2,
"2017": 1,
"2018": 0
},
"relative": {
"2003": 0,
"2023": null,
"2007": 0.05279213232516902,
"2008": 0.11354199475572235,
"2009": 0.14822288542081924,
"2010": 0.3673084647471193,
"2011": 0.0,
"2012": 0.0864766627375995,
"2013": 0.0,
"2015": 0.10910675932740047,
"2016": 0.5293139350362421,
"2017": 0.26155695965143877,
"2018": 0.0
},
"sums": {
"absolute": 29,
"relative": 1.6683197940015106
},
"cqp": "[lemma contains 'upph\u00f6ra' & (msd = '.*VB.PRS.AKT.*' | msd = '.*VB.PRT.AKT.*')] [msd = '.*INF.AKT.*'] [msd != '.*INF.*']"
}
],
"FAMILJELIV-ALLMANNA-SANDLADAN": [
{
"absolute": {
"2005": 0,
"2023": null,
"2007": 1,
"2008": 0,
"2009": 2,
"2010": 3,
"2011": 0,
"2012": 4,
"2013": 1,
"2014": 0
},
"relative": {
"2005": 0,
"2023": null,
"2007": 0.14830557176617848,
"2008": 0.0,
"2009": 0.3946653090180036,
"2010": 0.5766615830744444,
"2011": 0.0,
"2012": 0.9410495949604912,
"2013": 0.5406510086925869,
"2014": 0.0
},
"sums": {
"absolute": 11,
"relative": 2.601333067511704
}
},
{
"absolute": {
"2005": 0,
"2023": null,
"2007": 1,
"2008": 0,
"2009": 1,
"2010": 2,
"2011": 0,
"2012": 3,
"2013": 0
},
"relative": {
"2005": 0,
"2023": null,
"2007": 0.14830557176617848,
"2008": 0.0,
"2009": 0.1973326545090018,
"2010": 0.3844410553829629,
"2011": 0.0,
"2012": 0.7057871962203685,
"2013": 0.0
},
"sums": {
"absolute": 7,
"relative": 1.4358664778785117
},
"cqp": "[lemma contains 'upph\u00f6ra' & (msd = '.*VB.PRS.AKT.*' | msd = '.*VB.PRT.AKT.*')] [word = 'att' %c] [msd = '.*INF.AKT.*'] [msd != '.*INF.*']"
},
{
"absolute": {
"2005": 0,
"2023": null,
"2009": 1,
"2010": 1,
"2011": 0,
"2012": 1,
"2013": 1,
"2014": 0
},
"relative": {
"2005": 0,
"2023": null,
"2009": 0.1973326545090018,
"2010": 0.19222052769148146,
"2011": 0.0,
"2012": 0.2352623987401228,
"2013": 0.5406510086925869,
"2014": 0.0
},
"sums": {
"absolute": 4,
"relative": 1.1654665896331928
},
"cqp": "[lemma contains 'upph\u00f6ra' & (msd = '.*VB.PRS.AKT.*' | msd = '.*VB.PRT.AKT.*')] [msd = '.*INF.AKT.*'] [msd != '.*INF.*']"
}
],
"FAMILJELIV-ANGLARUM": [
{
"absolute": {
"2006": 0,
"2023": null,
"2007": 1,
"2008": 0,
"2009": 1,
"2010": 1,
"2011": 1,
"2012": 0
},
"relative": {
"2006": 0,
"2023": null,
"2007": 0.21857675060305326,
"2008": 0.0,
"2009": 0.25532616768954586,
"2010": 0.416566690660908,
"2011": 0.4656950405340963,
"2012": 0.0
},
"sums": {
"absolute": 4,
"relative": 1.3561646494876034
}
},
{
"absolute": {
"2006": 0,
"2023": null,
"2007": 1,
"2008": 0,
"2009": 1,
"2010": 0,
"2011": 1,
"2012": 0
},
"relative": {
"2006": 0,
"2023": null,
"2007": 0.21857675060305326,
"2008": 0.0,
"2009": 0.25532616768954586,
"2010": 0.0,
"2011": 0.4656950405340963,
"2012": 0.0
},
"sums": {
"absolute": 3,
"relative": 0.9395979588266954
},
"cqp": "[lemma contains 'upph\u00f6ra' & (msd = '.*VB.PRS.AKT.*' | msd = '.*VB.PRT.AKT.*')] [word = 'att' %c] [msd = '.*INF.AKT.*'] [msd != '.*INF.*']"
},
{
"absolute": {
"2006": 0,
"2023": null,
"2010": 1,
"2011": 0
},
"relative": {
"2006": 0,
"2023": null,
"2010": 0.416566690660908,
"2011": 0.0
},
"sums": {
"absolute": 1,
"relative": 0.416566690660908
},
"cqp": "[lemma contains 'upph\u00f6ra' & (msd = '.*VB.PRS.AKT.*' | msd = '.*VB.PRT.AKT.*')] [msd = '.*INF.AKT.*'] [msd != '.*INF.*']"
}
],
"FAMILJELIV-EXPERT": [
{
"absolute": {
"2009": 0,
"2023": null,
"2011": 1,
"2012": 1,
"2013": 3,
"2014": 0
},
"relative": {
"2009": 0,
"2023": null,
"2011": 0.477411285047956,
"2012": 0.4764488929948196,
"2013": 3.09011071866705,
"2014": 0.0
},
"sums": {
"absolute": 5,
"relative": 4.043970896709825
}
},
{
"absolute": {
"2009": 0,
"2023": null,
"2011": 1,
"2012": 1,
"2013": 0
},
"relative": {
"2009": 0,
"2023": null,
"2011": 0.477411285047956,
"2012": 0.4764488929948196,
"2013": 0.0
},
"sums": {
"absolute": 2,
"relative": 0.9538601780427756
},
"cqp": "[lemma contains 'upph\u00f6ra' & (msd = '.*VB.PRS.AKT.*' | msd = '.*VB.PRT.AKT.*')] [word = 'att' %c] [msd = '.*INF.AKT.*'] [msd != '.*INF.*']"
},
{
"absolute": {
"2009": 0,
"2023": null,
"2013": 3,
"2014": 0
},
"relative": {
"2009": 0,
"2023": null,
"2013": 3.09011071866705,
"2014": 0.0
},
"sums": {
"absolute": 3,
"relative": 3.09011071866705
},
"cqp": "[lemma contains 'upph\u00f6ra' & (msd = '.*VB.PRS.AKT.*' | msd = '.*VB.PRT.AKT.*')] [msd = '.*INF.AKT.*'] [msd != '.*INF.*']"
}
],
"FAMILJELIV-FORALDER": [
{
"absolute": {
"2003": 0,
"2023": null,
"2004": 1,
"2005": 6,
"2006": 9,
"2007": 9,
"2008": 15,
"2009": 23,
"2010": 9,
"2011": 8,
"2012": 5,
"2013": 3,
"2014": 1,
"2015": 0,
"2018": 2,
"2019": 1,
"2020": 1,
"2021": 0
},
"relative": {
"2003": 0,
"2023": null,
"2004": 0.06179695153166216,
"2005": 0.09783745311629247,
"2006": 0.09036238569710424,
"2007": 0.10497678245998464,
"2008": 0.1696686691000698,
"2009": 0.28397361564097046,
"2010": 0.15048666132216076,
"2011": 0.16319432658187524,
"2012": 0.17731826969711628,
"2013": 0.17840210585845756,
"2014": 0.10497286923708132,
"2015": 0.0,
"2018": 0.7171710470876581,
"2019": 0.523545407616748,
"2020": 0.6517549479606262,
"2021": 0.0
},
"sums": {
"absolute": 93,
"relative": 3.475461492907807
}
},
{
"absolute": {
"2003": 0,
"2023": null,
"2005": 5,
"2006": 5,
"2007": 8,
"2008": 13,
"2009": 18,
"2010": 9,
"2011": 8,
"2012": 4,
"2013": 3,
"2014": 1,
"2015": 0,
"2018": 1,
"2019": 1,
"2020": 1,
"2021": 0
},
"relative": {
"2003": 0,
"2023": null,
"2005": 0.08153121093024372,
"2006": 0.05020132538728014,
"2007": 0.09331269551998635,
"2008": 0.14704617988672716,
"2009": 0.22224022093641163,
"2010": 0.15048666132216076,
"2011": 0.16319432658187524,
"2012": 0.141854615757693,
"2013": 0.17840210585845756,
"2014": 0.10497286923708132,
"2015": 0.0,
"2018": 0.35858552354382905,
"2019": 0.523545407616748,
"2020": 0.6517549479606262,
"2021": 0.0
},
"sums": {
"absolute": 77,
"relative": 2.8671280905391203
},
"cqp": "[lemma contains 'upph\u00f6ra' & (msd = '.*VB.PRS.AKT.*' | msd = '.*VB.PRT.AKT.*')] [word = 'att' %c] [msd = '.*INF.AKT.*'] [msd != '.*INF.*']"
},
{
"absolute": {
"2003": 0,
"2023": null,
"2004": 1,
"2005": 1,
"2006": 4,
"2007": 1,
"2008": 2,
"2009": 5,
"2010": 0,
"2012": 1,
"2013": 0,
"2018": 1,
"2019": 0
},
"relative": {
"2003": 0,
"2023": null,
"2004": 0.06179695153166216,
"2005": 0.016306242186048744,
"2006": 0.04016106030982411,
"2007": 0.011664086939998293,
"2008": 0.02262248921334264,
"2009": 0.06173339470455879,
"2010": 0.0,
"2012": 0.03546365393942325,
"2013": 0.0,
"2018": 0.35858552354382905,
"2019": 0.0
},
"sums": {
"absolute": 16,
"relative": 0.608333402368687
},
"cqp": "[lemma contains 'upph\u00f6ra' & (msd = '.*VB.PRS.AKT.*' | msd = '.*VB.PRT.AKT.*')] [msd = '.*INF.AKT.*'] [msd != '.*INF.*']"
}
],
"FAMILJELIV-GRAVID": [
{
"absolute": {
"2003": 0,
"2023": null,
"2004": 8,
"2005": 3,
"2006": 2,
"2007": 4,
"2008": 7,
"2009": 3,
"2010": 6,
"2011": 3,
"2012": 1,
"2013": 1,
"2014": 2,
"2015": 0,
"2017": 1,
"2018": 0
},
"relative": {
"2003": 0,
"2023": null,
"2004": 0.30863444996248546,
"2005": 0.07573670799947015,
"2006": 0.03952192383872336,
"2007": 0.0829534308149515,
"2008": 0.14978359800701369,
"2009": 0.05881594215522668,
"2010": 0.16281232457820008,
"2011": 0.06515843566845746,
"2012": 0.024233397668965245,
"2013": 0.03644587283109244,
"2014": 0.11856538961268778,
"2015": 0.0,
"2017": 0.20758589437240868,
"2018": 0.0
},
"sums": {
"absolute": 41,
"relative": 1.3302473675096824
}
},
{
"absolute": {
"2003": 0,
"2023": null,
"2004": 7,
"2005": 3,
"2006": 2,
"2007": 4,
"2008": 5,
"2009": 2,
"2010": 4,
"2011": 3,
"2012": 1,
"2013": 1,
"2014": 2,
"2015": 0,
"2017": 1,
"2018": 0
},
"relative": {
"2003": 0,
"2023": null,
"2004": 0.27005514371717476,
"2005": 0.07573670799947015,
"2006": 0.03952192383872336,
"2007": 0.0829534308149515,
"2008": 0.10698828429072406,
"2009": 0.039210628103484454,
"2010": 0.10854154971880005,
"2011": 0.06515843566845746,
"2012": 0.024233397668965245,
"2013": 0.03644587283109244,
"2014": 0.11856538961268778,
"2015": 0.0,
"2017": 0.20758589437240868,
"2018": 0.0
},
"sums": {
"absolute": 35,
"relative": 1.17499665863694
},
"cqp": "[lemma contains 'upph\u00f6ra' & (msd = '.*VB.PRS.AKT.*' | msd = '.*VB.PRT.AKT.*')] [word = 'att' %c] [msd = '.*INF.AKT.*'] [msd != '.*INF.*']"
},
{
"absolute": {
"2003": 0,
"2023": null,
"2004": 1,
"2005": 0,
"2008": 2,
"2009": 1,
"2010": 2,
"2011": 0
},
"relative": {
"2003": 0,
"2023": null,
"2004": 0.03857930624531068,
"2005": 0.0,
"2008": 0.042795313716289626,
"2009": 0.019605314051742227,
"2010": 0.054270774859400024,
"2011": 0.0
},
"sums": {
"absolute": 6,
"relative": 0.15525070887274256
},
"cqp": "[lemma contains 'upph\u00f6ra' & (msd = '.*VB.PRS.AKT.*' | msd = '.*VB.PRT.AKT.*')] [msd = '.*INF.AKT.*'] [msd != '.*INF.*']"
}
],
"FAMILJELIV-KANSLIGA": [
{
"absolute": {
"2003": 0,
"2023": null,
"2005": 3,
"2006": 10,
"2007": 15,
"2008": 28,
"2009": 25,
"2010": 24,
"2011": 24,
"2012": 44,
"2013": 33,
"2014": 32,
"2015": 12,
"2016": 21,
"2017": 16,
"2018": 20,
"2019": 15,
"2020": 12,
"2021": 19,
"2022": 14
},
"relative": {
"2003": 0,
"2023": null,
"2005": 0.14915273787251518,
"2006": 0.1930011044488202,
"2007": 0.18230208225559888,
"2008": 0.32626358214901013,
"2009": 0.2605943893256619,
"2010": 0.31401403420306284,
"2011": 0.25120523036084835,
"2012": 0.4327416970809497,
"2013": 0.37900424009270856,
"2014": 0.556116257841565,
"2015": 0.33469546951749857,
"2016": 0.7010289001167013,
"2017": 0.5158143688538904,
"2018": 0.666788155468593,
"2019": 0.5905929178853387,
"2020": 0.48649367870384463,
"2021": 0.7727379043437509,
"2022": 0.6830945706374921
},
"sums": {
"absolute": 367,
"relative": 7.79564132115785
}
},
{
"absolute": {
"2003": 0,
"2023": null,
"2005": 3,
"2006": 8,
"2007": 14,
"2008": 25,
"2009": 24,
"2010": 24,
"2011": 20,
"2012": 40,
"2013": 30,
"2014": 30,
"2015": 11,
"2016": 17,
"2017": 13,
"2018": 18,
"2019": 13,
"2020": 11,
"2021": 16,
"2022": 14
},
"relative": {
"2003": 0,
"2023": null,
"2005": 0.14915273787251518,
"2006": 0.15440088355905618,
"2007": 0.1701486101052256,
"2008": 0.29130676977590186,
"2009": 0.2501706137526354,
"2010": 0.31401403420306284,
"2011": 0.20933769196737362,
"2012": 0.3934015428008634,
"2013": 0.3445493091751896,
"2014": 0.5213589917264673,
"2015": 0.3068041803910403,
"2016": 0.5674995858087583,
"2017": 0.419099174693786,
"2018": 0.6001093399217338,
"2019": 0.5118471955006269,
"2020": 0.4459525388118576,
"2021": 0.6507266562894745,
"2022": 0.6830945706374921
},
"sums": {
"absolute": 331,
"relative": 6.982974426993061
},
"cqp": "[lemma contains 'upph\u00f6ra' & (msd = '.*VB.PRS.AKT.*' | msd = '.*VB.PRT.AKT.*')] [word = 'att' %c] [msd = '.*INF.AKT.*'] [msd != '.*INF.*']"
},
{
"absolute": {
"2003": 0,
"2023": null,
"2006": 2,
"2007": 1,
"2008": 3,
"2009": 1,
"2010": 0,
"2011": 4,
"2012": 4,
"2013": 3,
"2014": 2,
"2015": 1,
"2016": 4,
"2017": 3,
"2018": 2,
"2019": 2,
"2020": 1,
"2021": 3,
"2022": 0
},
"relative": {
"2003": 0,
"2023": null,
"2006": 0.038600220889764045,
"2007": 0.012153472150373257,
"2008": 0.03495681237310823,
"2009": 0.010423775573026475,
"2010": 0.0,
"2011": 0.04186753839347473,
"2012": 0.03934015428008634,
"2013": 0.034454930917518965,
"2014": 0.034757266115097815,
"2015": 0.02789128912645821,
"2016": 0.1335293143079431,
"2017": 0.09671519416010446,
"2018": 0.06667881554685931,
"2019": 0.07874572238471184,
"2020": 0.04054113989198705,
"2021": 0.12201124805427646,
"2022": 0.0
},
"sums": {
"absolute": 36,
"relative": 0.8126668941647902
},
"cqp": "[lemma contains 'upph\u00f6ra' & (msd = '.*VB.PRS.AKT.*' | msd = '.*VB.PRT.AKT.*')] [msd = '.*INF.AKT.*'] [msd != '.*INF.*']"
}
],
"FAMILJELIV-MEDLEM-ALLMANNA": [
{
"absolute": {
"2006": 2,
"2023": null,
"2007": 4,
"2008": 1,
"2009": 8,
"2010": 0,
"2012": 1,
"2013": 0,
"2015": 1,
"2016": 0
},
"relative": {
"2006": 0.0852810640006669,
"2023": null,
"2007": 0.05445142361953832,
"2008": 0.013924474430459756,
"2009": 0.12264458769741102,
"2010": 0.0,
"2012": 0.2051438170986961,
"2013": 0.0,
"2015": 8.445517963616709,
"2016": 0.0
},
"sums": {
"absolute": 17,
"relative": 8.926963330463481
}
},
{
"absolute": {
"2006": 1,
"2023": null,
"2007": 4,
"2008": 1,
"2009": 7,
"2010": 0,
"2012": 1,
"2013": 0
},
"relative": {
"2006": 0.04264053200033345,
"2023": null,
"2007": 0.05445142361953832,
"2008": 0.013924474430459756,
"2009": 0.10731401423523464,
"2010": 0.0,
"2012": 0.2051438170986961,
"2013": 0.0
},
"sums": {
"absolute": 14,
"relative": 0.42347426138426225
},
"cqp": "[lemma contains 'upph\u00f6ra' & (msd = '.*VB.PRS.AKT.*' | msd = '.*VB.PRT.AKT.*')] [word = 'att' %c] [msd = '.*INF.AKT.*'] [msd != '.*INF.*']"
},
{
"absolute": {
"2006": 1,
"2023": null,
"2007": 0,
"2009": 1,
"2010": 0,
"2015": 1,
"2016": 0
},
"relative": {
"2006": 0.04264053200033345,
"2023": null,
"2007": 0.0,
"2009": 0.015330573462176377,
"2010": 0.0,
"2015": 8.445517963616709,
"2016": 0.0
},
"sums": {
"absolute": 3,
"relative": 8.503489069079219
},
"cqp": "[lemma contains 'upph\u00f6ra' & (msd = '.*VB.PRS.AKT.*' | msd = '.*VB.PRT.AKT.*')] [msd = '.*INF.AKT.*'] [msd != '.*INF.*']"
}
],
"FAMILJELIV-MEDLEM-FORALDRAR": [
{
"absolute": {
"2006": 0,
"2023": null,
"2007": 5,
"2008": 0,
"2009": 1,
"2010": 2,
"2011": 1,
"2012": 0,
"2013": 1,
"2014": 0
},
"relative": {
"2006": 0,
"2023": null,
"2007": 0.062446157361968575,
"2008": 0.0,
"2009": 0.0163405274411788,
"2010": 0.06636984082753368,
"2011": 0.1157021733496242,
"2012": 0.0,
"2013": 0.9030935469450604,
"2014": 0.0
},
"sums": {
"absolute": 10,
"relative": 1.1639522459253655
}
},
{
"absolute": {
"2006": 0,
"2023": null,
"2007": 4,
"2008": 0,
"2009": 1,
"2010": 2,
"2011": 1,
"2012": 0
},
"relative": {
"2006": 0,
"2023": null,
"2007": 0.04995692588957486,
"2008": 0.0,
"2009": 0.0163405274411788,
"2010": 0.06636984082753368,
"2011": 0.1157021733496242,
"2012": 0.0
},
"sums": {
"absolute": 8,
"relative": 0.2483694675079115
},
"cqp": "[lemma contains 'upph\u00f6ra' & (msd = '.*VB.PRS.AKT.*' | msd = '.*VB.PRT.AKT.*')] [word = 'att' %c] [msd = '.*INF.AKT.*'] [msd != '.*INF.*']"
},
{
"absolute": {
"2006": 0,
"2023": null,
"2007": 1,
"2008": 0,
"2013": 1,
"2014": 0
},
"relative": {
"2006": 0,
"2023": null,
"2007": 0.012489231472393714,
"2008": 0.0,
"2013": 0.9030935469450604,
"2014": 0.0
},
"sums": {
"absolute": 2,
"relative": 0.9155827784174541
},
"cqp": "[lemma contains 'upph\u00f6ra' & (msd = '.*VB.PRS.AKT.*' | msd = '.*VB.PRT.AKT.*')] [msd = '.*INF.AKT.*'] [msd != '.*INF.*']"
}
],
"FAMILJELIV-MEDLEM-PLANERARBARN": [
{
"absolute": {
"2005": 0,
"2021": null,
"2022": 0,
"2023": null,
"2007": 1,
"2008": 0,
"2010": 2,
"2011": 1,
"2012": 0
},
"relative": {
"2005": 0,
"2021": null,
"2022": 0,
"2023": null,
"2007": 0.026296810097007354,
"2008": 0.0,
"2010": 0.10056413968258437,
"2011": 0.1267589065878125,
"2012": 0.0
},
"sums": {
"absolute": 4,
"relative": 0.25361985636740425
}
},
{
"absolute": {
"2005": 0,
"2021": null,
"2022": 0,
"2023": null,
"2007": 1,
"2008": 0,
"2010": 2,
"2011": 1,
"2012": 0
},
"relative": {
"2005": 0,
"2021": null,
"2022": 0,
"2023": null,
"2007": 0.026296810097007354,
"2008": 0.0,
"2010": 0.10056413968258437,
"2011": 0.1267589065878125,
"2012": 0.0
},
"sums": {
"absolute": 4,
"relative": 0.25361985636740425
},
"cqp": "[lemma contains 'upph\u00f6ra' & (msd = '.*VB.PRS.AKT.*' | msd = '.*VB.PRT.AKT.*')] [word = 'att' %c] [msd = '.*INF.AKT.*'] [msd != '.*INF.*']"
},
{
"absolute": {
"2005": 0,
"2021": null,
"2022": 0,
"2023": null
},
"relative": {
"2005": 0,
"2021": null,
"2022": 0,
"2023": null
},
"sums": {
"absolute": 0,
"relative": 0.0
},
"cqp": "[lemma contains 'upph\u00f6ra' & (msd = '.*VB.PRS.AKT.*' | msd = '.*VB.PRT.AKT.*')] [msd = '.*INF.AKT.*'] [msd != '.*INF.*']"
}
],
"FAMILJELIV-MEDLEM-VANTARBARN": [
{
"absolute": {
"2003": 0,
"2023": null,
"2004": 1,
"2005": 0,
"2006": 4,
"2007": 2,
"2008": 2,
"2009": 2,
"2010": 1,
"2011": 2,
"2012": 1,
"2013": 0
},
"relative": {
"2003": 0,
"2023": null,
"2004": 0.10512480258876135,
"2005": 0.0,
"2006": 0.09383643361872278,
"2007": 0.035399283295490615,
"2008": 0.03811036754819885,
"2009": 0.0444981081740555,
"2010": 0.022913411386952687,
"2011": 0.09708765199436,
"2012": 0.10920114665572034,
"2013": 0.0
},
"sums": {
"absolute": 15,
"relative": 0.546171205262262
}
},
{
"absolute": {
"2003": 0,
"2023": null,
"2004": 1,
"2005": 0,
"2006": 4,
"2007": 2,
"2008": 2,
"2009": 2,
"2010": 1,
"2011": 2,
"2012": 1,
"2013": 0
},
"relative": {
"2003": 0,
"2023": null,
"2004": 0.10512480258876135,
"2005": 0.0,
"2006": 0.09383643361872278,
"2007": 0.035399283295490615,
"2008": 0.03811036754819885,
"2009": 0.0444981081740555,
"2010": 0.022913411386952687,
"2011": 0.09708765199436,
"2012": 0.10920114665572034,
"2013": 0.0
},
"sums": {
"absolute": 15,
"relative": 0.546171205262262
},
"cqp": "[lemma contains 'upph\u00f6ra' & (msd = '.*VB.PRS.AKT.*' | msd = '.*VB.PRT.AKT.*')] [word = 'att' %c] [msd = '.*INF.AKT.*'] [msd != '.*INF.*']"
},
{
"absolute": {
"2003": 0,
"2023": null
},
"relative": {
"2003": 0,
"2023": null
},
"sums": {
"absolute": 0,
"relative": 0.0
},
"cqp": "[lemma contains 'upph\u00f6ra' & (msd = '.*VB.PRS.AKT.*' | msd = '.*VB.PRT.AKT.*')] [msd = '.*INF.AKT.*'] [msd != '.*INF.*']"
}
],
"FAMILJELIV-PAPPAGRUPP": [
{
"absolute": {
"2004": 0,
"2023": null,
"2005": 1,
"2006": 1,
"2007": 0
},
"relative": {
"2004": 0,
"2023": null,
"2005": 4.510254062611347,
"2006": 2.040687221828823,
"2007": 0.0
},
"sums": {
"absolute": 2,
"relative": 6.55094128444017
}
},
{
"absolute": {
"2004": 0,
"2023": null,
"2005": 1,
"2006": 1,
"2007": 0
},
"relative": {
"2004": 0,
"2023": null,
"2005": 4.510254062611347,
"2006": 2.040687221828823,
"2007": 0.0
},
"sums": {
"absolute": 2,
"relative": 6.55094128444017
},
"cqp": "[lemma contains 'upph\u00f6ra' & (msd = '.*VB.PRS.AKT.*' | msd = '.*VB.PRT.AKT.*')] [word = 'att' %c] [msd = '.*INF.AKT.*'] [msd != '.*INF.*']"
},
{
"absolute": {
"2004": 0,
"2023": null
},
"relative": {
"2004": 0,
"2023": null
},
"sums": {
"absolute": 0,
"relative": 0.0
},
"cqp": "[lemma contains 'upph\u00f6ra' & (msd = '.*VB.PRS.AKT.*' | msd = '.*VB.PRT.AKT.*')] [msd = '.*INF.AKT.*'] [msd != '.*INF.*']"
}
],
"FAMILJELIV-PLANERARBARN": [
{
"absolute": {
"2003": 0,
"2023": null,
"2005": 1,
"2006": 1,
"2007": 1,
"2008": 0,
"2009": 4,
"2010": 0,
"2012": 2,
"2013": 2,
"2014": 0
},
"relative": {
"2003": 0,
"2023": null,
"2005": 0.044328856458685575,
"2006": 0.04429416320751399,
"2007": 0.08107861147040198,
"2008": 0.0,
"2009": 0.25382814083451327,
"2010": 0.0,
"2012": 0.11443996628140833,
"2013": 0.16971760941545777,
"2014": 0.0
},
"sums": {
"absolute": 11,
"relative": 0.7076873476679809
}
},
{
"absolute": {
"2003": 0,
"2023": null,
"2005": 1,
"2006": 0,
"2007": 1,
"2008": 0,
"2009": 4,
"2010": 0,
"2012": 2,
"2013": 2,
"2014": 0
},
"relative": {
"2003": 0,
"2023": null,
"2005": 0.044328856458685575,
"2006": 0.0,
"2007": 0.08107861147040198,
"2008": 0.0,
"2009": 0.25382814083451327,
"2010": 0.0,
"2012": 0.11443996628140833,
"2013": 0.16971760941545777,
"2014": 0.0
},
"sums": {
"absolute": 10,
"relative": 0.663393184460467
},
"cqp": "[lemma contains 'upph\u00f6ra' & (msd = '.*VB.PRS.AKT.*' | msd = '.*VB.PRT.AKT.*')] [word = 'att' %c] [msd = '.*INF.AKT.*'] [msd != '.*INF.*']"
},
{
"absolute": {
"2003": 0,
"2023": null,
"2006": 1,
"2007": 0
},
"relative": {
"2003": 0,
"2023": null,
"2006": 0.04429416320751399,
"2007": 0.0
},
"sums": {
"absolute": 1,
"relative": 0.04429416320751399
},
"cqp": "[lemma contains 'upph\u00f6ra' & (msd = '.*VB.PRS.AKT.*' | msd = '.*VB.PRT.AKT.*')] [msd = '.*INF.AKT.*'] [msd != '.*INF.*']"
}
],
"FAMILJELIV-SEXSAMLEVNAD": [
{
"absolute": {
"2004": 1,
"2023": null,
"2005": 0,
"2006": 1,
"2007": 2,
"2008": 11,
"2009": 7,
"2010": 2,
"2011": 4,
"2012": 8,
"2013": 9,
"2014": 6,
"2015": 4,
"2016": 2,
"2017": 4,
"2018": 6,
"2019": 3,
"2020": 2,
"2021": 0,
"2022": 1
},
"relative": {
"2004": 0.8387045369721927,
"2023": null,
"2005": 0.0,
"2006": 0.1431586349423314,
"2007": 0.15720793673701094,
"2008": 0.760902557711692,
"2009": 0.4817191040850468,
"2010": 0.1867615390383443,
"2011": 0.28929601838996927,
"2012": 0.5390689551401641,
"2013": 0.6115337715448445,
"2014": 0.5385575328894842,
"2015": 0.4836657608413075,
"2016": 0.32872526260217605,
"2017": 0.6182036239096433,
"2018": 0.8528991962704424,
"2019": 0.521681337215338,
"2020": 0.38709629968840686,
"2021": 0.0,
"2022": 0.24659410388565728
},
"sums": {
"absolute": 73,
"relative": 7.985776171864052
}
},
{
"absolute": {
"2004": 1,
"2023": null,
"2005": 0,
"2007": 1,
"2008": 10,
"2009": 7,
"2010": 2,
"2011": 4,
"2012": 7,
"2013": 7,
"2014": 5,
"2015": 4,
"2016": 2,
"2017": 4,
"2018": 5,
"2019": 3,
"2020": 1,
"2021": 0,
"2022": 1
},
"relative": {
"2004": 0.8387045369721927,
"2023": null,
"2005": 0.0,
"2007": 0.07860396836850547,
"2008": 0.6917295979197201,
"2009": 0.4817191040850468,
"2010": 0.1867615390383443,
"2011": 0.28929601838996927,
"2012": 0.4716853357476435,
"2013": 0.4756373778682123,
"2014": 0.44879794407457013,
"2015": 0.4836657608413075,
"2016": 0.32872526260217605,
"2017": 0.6182036239096433,
"2018": 0.7107493302253686,
"2019": 0.521681337215338,
"2020": 0.19354814984420343,
"2021": 0.0,
"2022": 0.24659410388565728
},
"sums": {
"absolute": 64,
"relative": 7.0661029909879
},
"cqp": "[lemma contains 'upph\u00f6ra' & (msd = '.*VB.PRS.AKT.*' | msd = '.*VB.PRT.AKT.*')] [word = 'att' %c] [msd = '.*INF.AKT.*'] [msd != '.*INF.*']"
},
{
"absolute": {
"2004": 0,
"2023": null,
"2006": 1,
"2007": 1,
"2008": 1,
"2009": 0,
"2012": 1,
"2013": 2,
"2014": 1,
"2015": 0,
"2018": 1,
"2019": 0,
"2020": 1,
"2021": 0
},
"relative": {
"2004": 0,
"2023": null,
"2006": 0.1431586349423314,
"2007": 0.07860396836850547,
"2008": 0.06917295979197201,
"2009": 0.0,
"2012": 0.06738361939252051,
"2013": 0.1358963936766321,
"2014": 0.08975958881491401,
"2015": 0.0,
"2018": 0.14214986604507374,
"2019": 0.0,
"2020": 0.19354814984420343,
"2021": 0.0
},
"sums": {
"absolute": 9,
"relative": 0.9196731808761527
},
"cqp": "[lemma contains 'upph\u00f6ra' & (msd = '.*VB.PRS.AKT.*' | msd = '.*VB.PRT.AKT.*')] [msd = '.*INF.AKT.*'] [msd != '.*INF.*']"
}
],
"FAMILJELIV-SVARTATTFABARN": [
{
"absolute": {
"2003": 0,
"2023": null,
"2004": 1,
"2005": 0,
"2007": 1,
"2008": 1,
"2009": 2,
"2010": 1,
"2011": 1,
"2012": 0,
"2018": 1,
"2019": 0
},
"relative": {
"2003": 0,
"2023": null,
"2004": 0.19445269247948377,
"2005": 0.0,
"2007": 0.04931738087029099,
"2008": 0.03685040203420115,
"2009": 0.09839317548870537,
"2010": 0.09702699582104729,
"2011": 0.07524529778966185,
"2012": 0.0,
"2018": 0.4764677350343867,
"2019": 0.0
},
"sums": {
"absolute": 8,
"relative": 1.027753679517777
}
},
{
"absolute": {
"2003": 0,
"2023": null,
"2004": 1,
"2005": 0,
"2007": 1,
"2008": 1,
"2009": 2,
"2010": 1,
"2011": 1,
"2012": 0,
"2018": 1,
"2019": 0
},
"relative": {
"2003": 0,
"2023": null,
"2004": 0.19445269247948377,
"2005": 0.0,
"2007": 0.04931738087029099,
"2008": 0.03685040203420115,
"2009": 0.09839317548870537,
"2010": 0.09702699582104729,
"2011": 0.07524529778966185,
"2012": 0.0,
"2018": 0.4764677350343867,
"2019": 0.0
},
"sums": {
"absolute": 8,
"relative": 1.027753679517777
},
"cqp": "[lemma contains 'upph\u00f6ra' & (msd = '.*VB.PRS.AKT.*' | msd = '.*VB.PRT.AKT.*')] [word = 'att' %c] [msd = '.*INF.AKT.*'] [msd != '.*INF.*']"
},
{
"absolute": {
"2003": 0,
"2023": null
},
"relative": {
"2003": 0,
"2023": null
},
"sums": {
"absolute": 0,
"relative": 0.0
},
"cqp": "[lemma contains 'upph\u00f6ra' & (msd = '.*VB.PRS.AKT.*' | msd = '.*VB.PRT.AKT.*')] [msd = '.*INF.AKT.*'] [msd != '.*INF.*']"
}
]
},
"combined": [
{
"absolute": {
"2003": 0,
"2023": null,
"2004": 15,
"2005": 24,
"2006": 71,
"2007": 101,
"2008": 114,
"2009": 152,
"2010": 104,
"2011": 81,
"2012": 101,
"2013": 78,
"2014": 67,
"2015": 31,
"2016": 38,
"2017": 30,
"2018": 35,
"2019": 27,
"2020": 15,
"2021": 28,
"2022": 17
},
"relative": {
"2003": 0,
"2023": null,
"2004": 0.15550203843475463,
"2005": 0.10327813092850091,
"2006": 0.15134090148966214,
"2007": 0.15906866324528976,
"2008": 0.18306035023308537,
"2009": 0.25622944435104245,
"2010": 0.252380939334337,
"2011": 0.22456718729334535,
"2012": 0.3477801003366939,
"2013": 0.37542822643065926,
"2014": 0.48359356501531137,
"2015": 0.3490545121021309,
"2016": 0.5941227377525975,
"2017": 0.48736203633634884,
"2018": 0.6189193823198711,
"2019": 0.5898708169802573,
"2020": 0.3596557116575901,
"2021": 0.6877856321532315,
"2022": 0.5150898760630129
},
"sums": {
"absolute": 1129,
"relative": 0.2510395088006834
}
},
{
"absolute": {
"2003": 0,
"2023": null,
"2004": 13,
"2005": 22,
"2006": 62,
"2007": 93,
"2008": 100,
"2009": 134,
"2010": 88,
"2011": 77,
"2012": 92,
"2013": 68,
"2014": 63,
"2015": 28,
"2016": 30,
"2017": 25,
"2018": 31,
"2019": 25,
"2020": 13,
"2021": 25,
"2022": 17
},
"relative": {
"2003": 0,
"2023": null,
"2004": 0.13476843331012067,
"2005": 0.0946716200177925,
"2006": 0.13215684355435287,
"2007": 0.14646916516645492,
"2008": 0.16057925459042577,
"2009": 0.2258864838357874,
"2010": 0.21355310251366974,
"2011": 0.21347744964922952,
"2012": 0.31678979436609733,
"2013": 0.32729640252929265,
"2014": 0.45472230740245695,
"2015": 0.31527504318902144,
"2016": 0.4690442666467875,
"2017": 0.4061350302802907,
"2018": 0.5481857386261716,
"2019": 0.5461766823891271,
"2020": 0.3117016167699114,
"2021": 0.6140943144225282,
"2022": 0.5150898760630129
},
"sums": {
"absolute": 1006,
"relative": 0.22368976603497565
},
"cqp": "[lemma contains 'upph\u00f6ra' & (msd = '.*VB.PRS.AKT.*' | msd = '.*VB.PRT.AKT.*')] [word = 'att' %c] [msd = '.*INF.AKT.*'] [msd != '.*INF.*']"
},
{
"absolute": {
"2003": 0,
"2023": null,
"2004": 2,
"2005": 2,
"2006": 9,
"2007": 8,
"2008": 14,
"2009": 18,
"2010": 16,
"2011": 4,
"2012": 9,
"2013": 10,
"2014": 4,
"2015": 3,
"2016": 8,
"2017": 5,
"2018": 4,
"2019": 2,
"2020": 2,
"2021": 3,
"2022": 0
},
"relative": {
"2003": 0,
"2023": null,
"2004": 0.02073360512463395,
"2005": 0.00860651091070841,
"2006": 0.019184057935309286,
"2007": 0.012599498078834833,
"2008": 0.022481095642659606,
"2009": 0.03034296051525503,
"2010": 0.03882783682066723,
"2011": 0.01108973764411582,
"2012": 0.03099030597059648,
"2013": 0.048131823901366576,
"2014": 0.028871257612854407,
"2015": 0.03377946891310944,
"2016": 0.12507847110581,
"2017": 0.08122700605605813,
"2018": 0.07073364369369955,
"2019": 0.04369413459113017,
"2020": 0.04795409488767868,
"2021": 0.07369131773070338,
"2022": 0.0
},
"sums": {
"absolute": 123,
"relative": 0.027349742765707757
},
"cqp": "[lemma contains 'upph\u00f6ra' & (msd = '.*VB.PRS.AKT.*' | msd = '.*VB.PRT.AKT.*')] [msd = '.*INF.AKT.*'] [msd != '.*INF.*']"
}
],
"time": 20.37221074104309
}
