year	cohort1	cohort2	cohort3	cohort4	cohort5	cohort6	cohort7	cohort8
2003	0	560	10839	10760	16629	4858	2446	0
2004	2942	16760	50128	144617	146924	104773	68662	0
2005	3961	37957	113055	276423	327177	285587	162370	0
2006	7118	59534	176938	469937	547779	681833	411671	0
2007	17250	55359	222720	584510	670911	868544	555319	26387
2008	21102	74218	190958	594535	712470	904129	618958	101199
2009	55937	95116	214048	676113	813735	920407	777003	228745
2010	62064	66499	168468	406871	670208	715788	703448	240705
2011	35240	61963	130726	379495	564007	755660	675327	307104
2012	22282	55142	66669	257578	410224	588898	533640	268544
2013	11458	28902	49758	149999	198244	303406	273117	139632
2014	17602	22481	21244	83007	126469	153319	161810	96393
2015	1987	8099	12575	50281	104444	132947	111754	76776
2016	1251	5260	18515	40188	88760	93042	71277	62486
2017	3208	23312	11283	31340	84525	71857	79046	60552
2018	3588	29384	17478	19794	47638	60485	48644	48479
2019	2810	27121	12760	28212	44276	44245	50459	43648
2020	1242	30846	15048	17305	37753	30749	35046	22963
2021	1180	8094	7025	12964	16834	31904	10380	8778
2022	722	6416	4079	5159	8869	20534	4082	3757
