 
 
 
 
 
{
"corpora": {
"BLOGGMIX1998": {
"absolute": {
"1998": 179,
"1999": null
},
"relative": {
"1998": 5787.448672766659,
"1999": null
},
"sums": {
"absolute": 179,
"relative": 5787.448672766659
}
},
"BLOGGMIX1999": {
"absolute": {
"1999": 2769,
"2000": null
},
"relative": {
"1999": 4600.493111721039,
"2000": null
},
"sums": {
"absolute": 2769,
"relative": 4600.493111721039
}
},
"BLOGGMIX2000": {
"absolute": {
"2000": 865,
"2001": null
},
"relative": {
"2000": 4659.531030321965,
"2001": null
},
"sums": {
"absolute": 865,
"relative": 4659.531030321965
}
},
"BLOGGMIX2001": {
"absolute": {
"2001": 1752,
"2002": null
},
"relative": {
"2001": 6432.42647868708,
"2002": null
},
"sums": {
"absolute": 1752,
"relative": 6432.42647868708
}
},
"BLOGGMIX2002": {
"absolute": {
"2002": 1269,
"2003": null
},
"relative": {
"2002": 7161.92497192232,
"2003": null
},
"sums": {
"absolute": 1269,
"relative": 7161.92497192232
}
},
"BLOGGMIX2003": {
"absolute": {
"2003": 1354,
"2004": null
},
"relative": {
"2003": 6308.2958283249,
"2004": null
},
"sums": {
"absolute": 1354,
"relative": 6308.2958283249
}
},
"BLOGGMIX2004": {
"absolute": {
"2004": 3433,
"2005": null
},
"relative": {
"2004": 5908.4627154144955,
"2005": null
},
"sums": {
"absolute": 3433,
"relative": 5908.4627154144955
}
},
"BLOGGMIX2005": {
"absolute": {
"2005": 25069,
"2006": null
},
"relative": {
"2005": 5511.106851148453,
"2006": null
},
"sums": {
"absolute": 25069,
"relative": 5511.106851148453
}
},
"BLOGGMIX2006": {
"absolute": {
"2006": 46182,
"2007": null
},
"relative": {
"2006": 5885.154989001176,
"2007": null
},
"sums": {
"absolute": 46182,
"relative": 5885.154989001176
}
},
"BLOGGMIX2007": {
"absolute": {
"2007": 93187,
"2008": null
},
"relative": {
"2007": 5089.94760609911,
"2008": null
},
"sums": {
"absolute": 93187,
"relative": 5089.94760609911
}
},
"BLOGGMIX2008": {
"absolute": {
"2008": 191420,
"2009": null
},
"relative": {
"2008": 4618.431140028916,
"2009": null
},
"sums": {
"absolute": 191420,
"relative": 4618.431140028916
}
},
"BLOGGMIX2009": {
"absolute": {
"2009": 316863,
"2010": null
},
"relative": {
"2009": 4435.465718651188,
"2010": null
},
"sums": {
"absolute": 316863,
"relative": 4435.465718651188
}
},
"BLOGGMIX2010": {
"absolute": {
"2010": 424344,
"2011": null
},
"relative": {
"2010": 4623.35751499175,
"2011": null
},
"sums": {
"absolute": 424344,
"relative": 4623.35751499175
}
},
"BLOGGMIX2011": {
"absolute": {
"2011": 413320,
"2012": null
},
"relative": {
"2011": 4428.950238495949,
"2012": null
},
"sums": {
"absolute": 413320,
"relative": 4428.950238495949
}
},
"BLOGGMIX2012": {
"absolute": {
"2012": 318431,
"2013": null
},
"relative": {
"2012": 4476.377011228484,
"2013": null
},
"sums": {
"absolute": 318431,
"relative": 4476.377011228484
}
},
"BLOGGMIX2013": {
"absolute": {
"2013": 242250,
"2014": null
},
"relative": {
"2013": 4694.987906118149,
"2014": null
},
"sums": {
"absolute": 242250,
"relative": 4694.987906118149
}
},
"BLOGGMIX2014": {
"absolute": {
"2014": 163021,
"2015": null
},
"relative": {
"2014": 7619.770992277211,
"2015": null
},
"sums": {
"absolute": 163021,
"relative": 7619.770992277211
}
},
"BLOGGMIX2015": {
"absolute": {},
"relative": {},
"sums": {
"absolute": 0,
"relative": 0.0
}
},
"BLOGGMIX2016": {
"absolute": {},
"relative": {},
"sums": {
"absolute": 0,
"relative": 0.0
}
},
"BLOGGMIX2017": {
"absolute": {},
"relative": {},
"sums": {
"absolute": 0,
"relative": 0.0
}
}
},
"combined": {
"absolute": {
"1998": 179,
"2015": null,
"1999": 2769,
"2000": 865,
"2001": 1752,
"2002": 1269,
"2003": 1354,
"2004": 3433,
"2005": 25069,
"2006": 46182,
"2007": 93187,
"2008": 191420,
"2009": 316863,
"2010": 424344,
"2011": 413320,
"2012": 318431,
"2013": 242250,
"2014": 163021
},
"relative": {
"1998": 5787.448672766659,
"2015": null,
"1999": 4600.493111721039,
"2000": 4659.531030321965,
"2001": 6432.42647868708,
"2002": 7161.92497192232,
"2003": 6308.2958283249,
"2004": 5908.4627154144955,
"2005": 5511.106851148453,
"2006": 5885.154989001176,
"2007": 5089.94760609911,
"2008": 4618.431140028916,
"2009": 4435.465718651188,
"2010": 4623.35751499175,
"2011": 4428.950238495949,
"2012": 4476.377011228484,
"2013": 4694.987906118149,
"2014": 7619.770992277211
},
"sums": {
"absolute": 2245708,
"relative": 3867.709279019501
}
},
"time": 28.920713186264038
}
