 
 
 
 
 
 
 
 
 
 
 
{
"corpora": {
"FAMILJELIV-ADOPTION": [
{
"absolute": {
"2003": 0,
"2023": null,
"2006": 3,
"2007": 3,
"2008": 0,
"2009": 1,
"2010": 0,
"2012": 1,
"2013": 0,
"2018": 1,
"2019": 0
},
"relative": {
"2003": 0,
"2023": null,
"2006": 2.2388377148631213,
"2007": 1.3629771783101263,
"2008": 0.0,
"2009": 0.41703296061707534,
"2010": 0.0,
"2012": 2.3943321369653754,
"2013": 0.0,
"2018": 70.78142695356739,
"2019": 0.0
},
"sums": {
"absolute": 9,
"relative": 77.19460694432308
}
},
{
"absolute": {
"2003": 0,
"2023": null,
"2006": 1,
"2007": 2,
"2008": 0,
"2009": 1,
"2010": 0,
"2012": 1,
"2013": 0,
"2018": 1,
"2019": 0
},
"relative": {
"2003": 0,
"2023": null,
"2006": 0.746279238287707,
"2007": 0.9086514522067509,
"2008": 0.0,
"2009": 0.41703296061707534,
"2010": 0.0,
"2012": 2.3943321369653754,
"2013": 0.0,
"2018": 70.78142695356739,
"2019": 0.0
},
"sums": {
"absolute": 6,
"relative": 75.2477227416443
},
"cqp": "[lemma contains 'v\u00e4nta' & (msd = '.*VB.PRS.AKT.*' | msd = '.*VB.PRT.AKT.*')] [word = 'att' %c] [msd = '.*INF.AKT.*'] [msd != '.*INF.*']"
},
{
"absolute": {
"2003": 0,
"2023": null,
"2006": 2,
"2007": 1,
"2008": 0
},
"relative": {
"2003": 0,
"2023": null,
"2006": 1.492558476575414,
"2007": 0.45432572610337546,
"2008": 0.0
},
"sums": {
"absolute": 3,
"relative": 1.9468842026787896
},
"cqp": "[lemma contains 'v\u00e4nta' & (msd = '.*VB.PRS.AKT.*' | msd = '.*VB.PRT.AKT.*')] [msd = '.*INF.AKT.*'] [msd != '.*INF.*']"
}
],
"FAMILJELIV-ALLMANNA-EKONOMI": [
{
"absolute": {
"2003": 0,
"2023": null,
"2007": 3,
"2008": 1,
"2009": 0,
"2010": 1,
"2011": 1,
"2012": 0
},
"relative": {
"2003": 0,
"2023": null,
"2007": 0.5614839947115694,
"2008": 0.13170698041727932,
"2009": 0.0,
"2010": 0.18564286360057675,
"2011": 0.24423925090844792,
"2012": 0.0
},
"sums": {
"absolute": 6,
"relative": 1.1230730896378733
}
},
{
"absolute": {
"2003": 0,
"2023": null,
"2007": 2,
"2008": 1,
"2009": 0,
"2010": 1,
"2011": 1,
"2012": 0
},
"relative": {
"2003": 0,
"2023": null,
"2007": 0.3743226631410463,
"2008": 0.13170698041727932,
"2009": 0.0,
"2010": 0.18564286360057675,
"2011": 0.24423925090844792,
"2012": 0.0
},
"sums": {
"absolute": 5,
"relative": 0.9359117580673502
},
"cqp": "[lemma contains 'v\u00e4nta' & (msd = '.*VB.PRS.AKT.*' | msd = '.*VB.PRT.AKT.*')] [word = 'att' %c] [msd = '.*INF.AKT.*'] [msd != '.*INF.*']"
},
{
"absolute": {
"2003": 0,
"2023": null,
"2007": 1,
"2008": 0
},
"relative": {
"2003": 0,
"2023": null,
"2007": 0.18716133157052314,
"2008": 0.0
},
"sums": {
"absolute": 1,
"relative": 0.18716133157052314
},
"cqp": "[lemma contains 'v\u00e4nta' & (msd = '.*VB.PRS.AKT.*' | msd = '.*VB.PRT.AKT.*')] [msd = '.*INF.AKT.*'] [msd != '.*INF.*']"
}
],
"FAMILJELIV-ALLMANNA-FAMILJELIV": [
{
"absolute": {
"2003": 0,
"2023": null,
"2005": 2,
"2006": 4,
"2007": 6,
"2008": 2,
"2009": 1,
"2010": 1,
"2011": 1,
"2012": 0
},
"relative": {
"2003": 0,
"2023": null,
"2005": 0.24194369824975512,
"2006": 0.2674829533113855,
"2007": 0.5798396704655184,
"2008": 0.26025488843263317,
"2009": 0.1307822254923591,
"2010": 0.15901476992789,
"2011": 0.5457058678114848,
"2012": 0.0
},
"sums": {
"absolute": 17,
"relative": 2.185024073691026
}
},
{
"absolute": {
"2003": 0,
"2023": null,
"2005": 1,
"2006": 2,
"2007": 4,
"2008": 2,
"2009": 0,
"2010": 1,
"2011": 1,
"2012": 0
},
"relative": {
"2003": 0,
"2023": null,
"2005": 0.12097184912487756,
"2006": 0.13374147665569275,
"2007": 0.38655978031034566,
"2008": 0.26025488843263317,
"2009": 0.0,
"2010": 0.15901476992789,
"2011": 0.5457058678114848,
"2012": 0.0
},
"sums": {
"absolute": 11,
"relative": 1.6062486322629241
},
"cqp": "[lemma contains 'v\u00e4nta' & (msd = '.*VB.PRS.AKT.*' | msd = '.*VB.PRT.AKT.*')] [word = 'att' %c] [msd = '.*INF.AKT.*'] [msd != '.*INF.*']"
},
{
"absolute": {
"2003": 0,
"2023": null,
"2005": 1,
"2006": 2,
"2007": 2,
"2008": 0,
"2009": 1,
"2010": 0
},
"relative": {
"2003": 0,
"2023": null,
"2005": 0.12097184912487756,
"2006": 0.13374147665569275,
"2007": 0.19327989015517283,
"2008": 0.0,
"2009": 0.1307822254923591,
"2010": 0.0
},
"sums": {
"absolute": 6,
"relative": 0.5787754414281022
},
"cqp": "[lemma contains 'v\u00e4nta' & (msd = '.*VB.PRS.AKT.*' | msd = '.*VB.PRT.AKT.*')] [msd = '.*INF.AKT.*'] [msd != '.*INF.*']"
}
],
"FAMILJELIV-ALLMANNA-FRITID": [
{
"absolute": {
"2004": 0,
"2023": null,
"2006": 1,
"2007": 0,
"2011": 1,
"2012": 0,
"2016": 1,
"2017": 0
},
"relative": {
"2004": 0,
"2023": null,
"2006": 0.22040165556907598,
"2007": 0.0,
"2011": 0.3917365524676269,
"2012": 0.0,
"2016": 2.799771538642447,
"2017": 0.0
},
"sums": {
"absolute": 3,
"relative": 3.4119097466791497
}
},
{
"absolute": {
"2004": 0,
"2023": null,
"2006": 1,
"2007": 0
},
"relative": {
"2004": 0,
"2023": null,
"2006": 0.22040165556907598,
"2007": 0.0
},
"sums": {
"absolute": 1,
"relative": 0.22040165556907598
},
"cqp": "[lemma contains 'v\u00e4nta' & (msd = '.*VB.PRS.AKT.*' | msd = '.*VB.PRT.AKT.*')] [word = 'att' %c] [msd = '.*INF.AKT.*'] [msd != '.*INF.*']"
},
{
"absolute": {
"2004": 0,
"2023": null,
"2011": 1,
"2012": 0,
"2016": 1,
"2017": 0
},
"relative": {
"2004": 0,
"2023": null,
"2011": 0.3917365524676269,
"2012": 0.0,
"2016": 2.799771538642447,
"2017": 0.0
},
"sums": {
"absolute": 2,
"relative": 3.191508091110074
},
"cqp": "[lemma contains 'v\u00e4nta' & (msd = '.*VB.PRS.AKT.*' | msd = '.*VB.PRT.AKT.*')] [msd = '.*INF.AKT.*'] [msd != '.*INF.*']"
}
],
"FAMILJELIV-ALLMANNA-HUSDJUR": [
{
"absolute": {
"2003": 0,
"2023": null,
"2007": 1,
"2008": 3,
"2009": 1,
"2010": 2,
"2011": 1,
"2012": 0
},
"relative": {
"2003": 0,
"2023": null,
"2007": 0.11145930999553717,
"2008": 0.39865107108240944,
"2009": 0.15640745832093153,
"2010": 0.4827392944716938,
"2011": 0.2467692963718991,
"2012": 0.0
},
"sums": {
"absolute": 8,
"relative": 1.396026430242471
}
},
{
"absolute": {
"2003": 0,
"2023": null,
"2007": 1,
"2008": 2,
"2009": 1,
"2010": 2,
"2011": 1,
"2012": 0
},
"relative": {
"2003": 0,
"2023": null,
"2007": 0.11145930999553717,
"2008": 0.26576738072160627,
"2009": 0.15640745832093153,
"2010": 0.4827392944716938,
"2011": 0.2467692963718991,
"2012": 0.0
},
"sums": {
"absolute": 7,
"relative": 1.2631427398816677
},
"cqp": "[lemma contains 'v\u00e4nta' & (msd = '.*VB.PRS.AKT.*' | msd = '.*VB.PRT.AKT.*')] [word = 'att' %c] [msd = '.*INF.AKT.*'] [msd != '.*INF.*']"
},
{
"absolute": {
"2003": 0,
"2023": null,
"2008": 1,
"2009": 0
},
"relative": {
"2003": 0,
"2023": null,
"2008": 0.13288369036080314,
"2009": 0.0
},
"sums": {
"absolute": 1,
"relative": 0.13288369036080314
},
"cqp": "[lemma contains 'v\u00e4nta' & (msd = '.*VB.PRS.AKT.*' | msd = '.*VB.PRT.AKT.*')] [msd = '.*INF.AKT.*'] [msd != '.*INF.*']"
}
],
"FAMILJELIV-ALLMANNA-HUSHEM": [
{
"absolute": {
"2004": 0,
"2023": null,
"2006": 2,
"2007": 1,
"2008": 1,
"2009": 0,
"2010": 1,
"2011": 0,
"2013": 2,
"2014": 0,
"2016": 1,
"2017": 0
},
"relative": {
"2004": 0,
"2023": null,
"2006": 0.20552135166460478,
"2007": 0.0794506780122235,
"2008": 0.07878072024643239,
"2009": 0.0,
"2010": 0.18253871189732562,
"2011": 0.0,
"2013": 0.820293402544222,
"2014": 0.0,
"2016": 1.4865578010837006,
"2017": 0.0
},
"sums": {
"absolute": 8,
"relative": 2.853142665448509
}
},
{
"absolute": {
"2004": 0,
"2023": null,
"2006": 2,
"2007": 1,
"2008": 0,
"2010": 1,
"2011": 0,
"2013": 2,
"2014": 0,
"2016": 1,
"2017": 0
},
"relative": {
"2004": 0,
"2023": null,
"2006": 0.20552135166460478,
"2007": 0.0794506780122235,
"2008": 0.0,
"2010": 0.18253871189732562,
"2011": 0.0,
"2013": 0.820293402544222,
"2014": 0.0,
"2016": 1.4865578010837006,
"2017": 0.0
},
"sums": {
"absolute": 7,
"relative": 2.7743619452020765
},
"cqp": "[lemma contains 'v\u00e4nta' & (msd = '.*VB.PRS.AKT.*' | msd = '.*VB.PRT.AKT.*')] [word = 'att' %c] [msd = '.*INF.AKT.*'] [msd != '.*INF.*']"
},
{
"absolute": {
"2004": 0,
"2023": null,
"2008": 1,
"2009": 0
},
"relative": {
"2004": 0,
"2023": null,
"2008": 0.07878072024643239,
"2009": 0.0
},
"sums": {
"absolute": 1,
"relative": 0.07878072024643239
},
"cqp": "[lemma contains 'v\u00e4nta' & (msd = '.*VB.PRS.AKT.*' | msd = '.*VB.PRT.AKT.*')] [msd = '.*INF.AKT.*'] [msd != '.*INF.*']"
}
],
"FAMILJELIV-ALLMANNA-KROPP": [
{
"absolute": {
"2003": 0,
"2023": null,
"2004": 2,
"2005": 4,
"2006": 7,
"2007": 4,
"2008": 4,
"2009": 6,
"2010": 2,
"2011": 1,
"2012": 1,
"2013": 0,
"2014": 1,
"2015": 1,
"2016": 0
},
"relative": {
"2003": 0,
"2023": null,
"2004": 0.7630686960224281,
"2005": 0.4899475021251473,
"2006": 0.3769516266593545,
"2007": 0.21971350896425623,
"2008": 0.24056896002459574,
"2009": 0.29915696072682374,
"2010": 0.15839319606186997,
"2011": 0.0782935452061058,
"2012": 0.10635464765556069,
"2013": 0.0,
"2014": 0.2506693498313873,
"2015": 0.40566075240333715,
"2016": 0.0
},
"sums": {
"absolute": 33,
"relative": 3.388778745680867
}
},
{
"absolute": {
"2003": 0,
"2023": null,
"2005": 1,
"2006": 4,
"2007": 4,
"2008": 2,
"2009": 1,
"2010": 2,
"2011": 1,
"2012": 0,
"2014": 1,
"2015": 1,
"2016": 0
},
"relative": {
"2003": 0,
"2023": null,
"2005": 0.12248687553128683,
"2006": 0.21540092951963113,
"2007": 0.21971350896425623,
"2008": 0.12028448001229787,
"2009": 0.04985949345447063,
"2010": 0.15839319606186997,
"2011": 0.0782935452061058,
"2012": 0.0,
"2014": 0.2506693498313873,
"2015": 0.40566075240333715,
"2016": 0.0
},
"sums": {
"absolute": 17,
"relative": 1.6207621309846427
},
"cqp": "[lemma contains 'v\u00e4nta' & (msd = '.*VB.PRS.AKT.*' | msd = '.*VB.PRT.AKT.*')] [word = 'att' %c] [msd = '.*INF.AKT.*'] [msd != '.*INF.*']"
},
{
"absolute": {
"2003": 0,
"2023": null,
"2004": 2,
"2005": 3,
"2006": 3,
"2007": 0,
"2008": 2,
"2009": 5,
"2010": 0,
"2012": 1,
"2013": 0
},
"relative": {
"2003": 0,
"2023": null,
"2004": 0.7630686960224281,
"2005": 0.3674606265938605,
"2006": 0.1615506971397234,
"2007": 0.0,
"2008": 0.12028448001229787,
"2009": 0.24929746727235313,
"2010": 0.0,
"2012": 0.10635464765556069,
"2013": 0.0
},
"sums": {
"absolute": 16,
"relative": 1.7680166146962235
},
"cqp": "[lemma contains 'v\u00e4nta' & (msd = '.*VB.PRS.AKT.*' | msd = '.*VB.PRT.AKT.*')] [msd = '.*INF.AKT.*'] [msd != '.*INF.*']"
}
],
"FAMILJELIV-ALLMANNA-NOJE": [
{
"absolute": {
"2003": 0,
"2023": null,
"2005": 2,
"2006": 7,
"2007": 4,
"2008": 4,
"2009": 5,
"2010": 3,
"2011": 0,
"2018": 1,
"2019": 0
},
"relative": {
"2003": 0,
"2023": null,
"2005": 0.1938409368410014,
"2006": 0.5451283321650714,
"2007": 0.3142869175556272,
"2008": 0.31136315958879823,
"2009": 0.4008831616404203,
"2010": 0.48059324430076483,
"2011": 0.0,
"2018": 2.772387025228722,
"2019": 0.0
},
"sums": {
"absolute": 26,
"relative": 5.018482777320406
}
},
{
"absolute": {
"2003": 0,
"2023": null,
"2005": 2,
"2006": 1,
"2007": 4,
"2008": 3,
"2009": 3,
"2010": 2,
"2011": 0,
"2018": 1,
"2019": 0
},
"relative": {
"2003": 0,
"2023": null,
"2005": 0.1938409368410014,
"2006": 0.07787547602358164,
"2007": 0.3142869175556272,
"2008": 0.23352236969159867,
"2009": 0.24052989698425217,
"2010": 0.3203954962005099,
"2011": 0.0,
"2018": 2.772387025228722,
"2019": 0.0
},
"sums": {
"absolute": 16,
"relative": 4.152838118525293
},
"cqp": "[lemma contains 'v\u00e4nta' & (msd = '.*VB.PRS.AKT.*' | msd = '.*VB.PRT.AKT.*')] [word = 'att' %c] [msd = '.*INF.AKT.*'] [msd != '.*INF.*']"
},
{
"absolute": {
"2003": 0,
"2023": null,
"2006": 6,
"2007": 0,
"2008": 1,
"2009": 2,
"2010": 1,
"2011": 0
},
"relative": {
"2003": 0,
"2023": null,
"2006": 0.46725285614148976,
"2007": 0.0,
"2008": 0.07784078989719956,
"2009": 0.16035326465616812,
"2010": 0.16019774810025494,
"2011": 0.0
},
"sums": {
"absolute": 10,
"relative": 0.8656446587951123
},
"cqp": "[lemma contains 'v\u00e4nta' & (msd = '.*VB.PRS.AKT.*' | msd = '.*VB.PRT.AKT.*')] [msd = '.*INF.AKT.*'] [msd != '.*INF.*']"
}
],
"FAMILJELIV-ALLMANNA-SAMHALLE": [
{
"absolute": {
"2003": 0,
"2023": null,
"2004": 3,
"2005": 2,
"2006": 4,
"2007": 6,
"2008": 9,
"2009": 5,
"2010": 1,
"2011": 6,
"2012": 4,
"2013": 3,
"2014": 3,
"2015": 1,
"2016": 0,
"2018": 1,
"2019": 0,
"2020": 2,
"2021": 0
},
"relative": {
"2003": 0,
"2023": null,
"2004": 0.7106561227407354,
"2005": 0.15343643136320445,
"2006": 0.11881620680388533,
"2007": 0.15837639697550707,
"2008": 0.2554694882003753,
"2009": 0.12351907118401603,
"2010": 0.033391678613374484,
"2011": 0.19142852612382025,
"2012": 0.172953325475199,
"2013": 0.1929894895350806,
"2014": 0.22422820092670526,
"2015": 0.10910675932740047,
"2016": 0.0,
"2018": 0.3470163017848089,
"2019": 0.0,
"2020": 1.090029338139636,
"2021": 0.0
},
"sums": {
"absolute": 50,
"relative": 3.8814173371937484
}
},
{
"absolute": {
"2003": 0,
"2023": null,
"2004": 3,
"2005": 2,
"2006": 1,
"2007": 3,
"2008": 4,
"2009": 1,
"2010": 1,
"2011": 4,
"2012": 4,
"2013": 1,
"2014": 3,
"2015": 0,
"2018": 1,
"2019": 0,
"2020": 1,
"2021": 0
},
"relative": {
"2003": 0,
"2023": null,
"2004": 0.7106561227407354,
"2005": 0.15343643136320445,
"2006": 0.029704051700971332,
"2007": 0.07918819848775353,
"2008": 0.11354199475572235,
"2009": 0.024703814236803207,
"2010": 0.033391678613374484,
"2011": 0.12761901741588016,
"2012": 0.172953325475199,
"2013": 0.06432982984502686,
"2014": 0.22422820092670526,
"2015": 0.0,
"2018": 0.3470163017848089,
"2019": 0.0,
"2020": 0.545014669069818,
"2021": 0.0
},
"sums": {
"absolute": 29,
"relative": 2.625783636416003
},
"cqp": "[lemma contains 'v\u00e4nta' & (msd = '.*VB.PRS.AKT.*' | msd = '.*VB.PRT.AKT.*')] [word = 'att' %c] [msd = '.*INF.AKT.*'] [msd != '.*INF.*']"
},
{
"absolute": {
"2003": 0,
"2023": null,
"2006": 3,
"2007": 3,
"2008": 5,
"2009": 4,
"2010": 0,
"2011": 2,
"2012": 0,
"2013": 2,
"2014": 0,
"2015": 1,
"2016": 0,
"2020": 1,
"2021": 0
},
"relative": {
"2003": 0,
"2023": null,
"2006": 0.089112155102914,
"2007": 0.07918819848775353,
"2008": 0.1419274934446529,
"2009": 0.09881525694721283,
"2010": 0.0,
"2011": 0.06380950870794008,
"2012": 0.0,
"2013": 0.12865965969005372,
"2014": 0.0,
"2015": 0.10910675932740047,
"2016": 0.0,
"2020": 0.545014669069818,
"2021": 0.0
},
"sums": {
"absolute": 21,
"relative": 1.2556337007777456
},
"cqp": "[lemma contains 'v\u00e4nta' & (msd = '.*VB.PRS.AKT.*' | msd = '.*VB.PRT.AKT.*')] [msd = '.*INF.AKT.*'] [msd != '.*INF.*']"
}
],
"FAMILJELIV-ALLMANNA-SANDLADAN": [
{
"absolute": {
"2005": 1,
"2023": null,
"2006": 3,
"2007": 0,
"2012": 3,
"2013": 0
},
"relative": {
"2005": 0.39833432518580303,
"2023": null,
"2006": 0.4684170579380375,
"2007": 0.0,
"2012": 0.7057871962203685,
"2013": 0.0
},
"sums": {
"absolute": 7,
"relative": 1.5725385793442088
}
},
{
"absolute": {
"2005": 1,
"2023": null,
"2006": 1,
"2007": 0,
"2012": 2,
"2013": 0
},
"relative": {
"2005": 0.39833432518580303,
"2023": null,
"2006": 0.15613901931267915,
"2007": 0.0,
"2012": 0.4705247974802456,
"2013": 0.0
},
"sums": {
"absolute": 4,
"relative": 1.0249981419787277
},
"cqp": "[lemma contains 'v\u00e4nta' & (msd = '.*VB.PRS.AKT.*' | msd = '.*VB.PRT.AKT.*')] [word = 'att' %c] [msd = '.*INF.AKT.*'] [msd != '.*INF.*']"
},
{
"absolute": {
"2005": 0,
"2023": null,
"2006": 2,
"2007": 0,
"2012": 1,
"2013": 0
},
"relative": {
"2005": 0,
"2023": null,
"2006": 0.3122780386253583,
"2007": 0.0,
"2012": 0.2352623987401228,
"2013": 0.0
},
"sums": {
"absolute": 3,
"relative": 0.5475404373654811
},
"cqp": "[lemma contains 'v\u00e4nta' & (msd = '.*VB.PRS.AKT.*' | msd = '.*VB.PRT.AKT.*')] [msd = '.*INF.AKT.*'] [msd != '.*INF.*']"
}
],
"FAMILJELIV-ANGLARUM": [
{
"absolute": {
"2006": 1,
"2023": null,
"2007": 1,
"2008": 7,
"2009": 2,
"2010": 2,
"2011": 2,
"2012": 1,
"2013": 1,
"2014": 0
},
"relative": {
"2006": 1.3338277388151876,
"2023": null,
"2007": 0.21857675060305326,
"2008": 1.0111360749373168,
"2009": 0.5106523353790917,
"2010": 0.833133381321816,
"2011": 0.9313900810681927,
"2012": 2.6651102422851722,
"2013": 4.358627903935841,
"2014": 0.0
},
"sums": {
"absolute": 17,
"relative": 11.862454508345671
}
},
{
"absolute": {
"2006": 1,
"2023": null,
"2007": 1,
"2008": 5,
"2009": 0,
"2010": 1,
"2011": 0,
"2012": 1,
"2013": 0
},
"relative": {
"2006": 1.3338277388151876,
"2023": null,
"2007": 0.21857675060305326,
"2008": 0.7222400535266549,
"2009": 0.0,
"2010": 0.416566690660908,
"2011": 0.0,
"2012": 2.6651102422851722,
"2013": 0.0
},
"sums": {
"absolute": 9,
"relative": 5.356321475890976
},
"cqp": "[lemma contains 'v\u00e4nta' & (msd = '.*VB.PRS.AKT.*' | msd = '.*VB.PRT.AKT.*')] [word = 'att' %c] [msd = '.*INF.AKT.*'] [msd != '.*INF.*']"
},
{
"absolute": {
"2006": 0,
"2023": null,
"2008": 2,
"2009": 2,
"2010": 1,
"2011": 2,
"2012": 0,
"2013": 1,
"2014": 0
},
"relative": {
"2006": 0,
"2023": null,
"2008": 0.2888960214106619,
"2009": 0.5106523353790917,
"2010": 0.416566690660908,
"2011": 0.9313900810681927,
"2012": 0.0,
"2013": 4.358627903935841,
"2014": 0.0
},
"sums": {
"absolute": 8,
"relative": 6.506133032454695
},
"cqp": "[lemma contains 'v\u00e4nta' & (msd = '.*VB.PRS.AKT.*' | msd = '.*VB.PRT.AKT.*')] [msd = '.*INF.AKT.*'] [msd != '.*INF.*']"
}
],
"FAMILJELIV-EXPERT": [
{
"absolute": {
"2009": 0,
"2023": null,
"2010": 1,
"2011": 1,
"2012": 2,
"2013": 0
},
"relative": {
"2009": 0,
"2023": null,
"2010": 0.6737391309034707,
"2011": 0.477411285047956,
"2012": 0.9528977859896391,
"2013": 0.0
},
"sums": {
"absolute": 4,
"relative": 2.104048201941066
}
},
{
"absolute": {
"2009": 0,
"2023": null,
"2010": 1,
"2011": 0,
"2012": 2,
"2013": 0
},
"relative": {
"2009": 0,
"2023": null,
"2010": 0.6737391309034707,
"2011": 0.0,
"2012": 0.9528977859896391,
"2013": 0.0
},
"sums": {
"absolute": 3,
"relative": 1.6266369168931099
},
"cqp": "[lemma contains 'v\u00e4nta' & (msd = '.*VB.PRS.AKT.*' | msd = '.*VB.PRT.AKT.*')] [word = 'att' %c] [msd = '.*INF.AKT.*'] [msd != '.*INF.*']"
},
{
"absolute": {
"2009": 0,
"2023": null,
"2011": 1,
"2012": 0
},
"relative": {
"2009": 0,
"2023": null,
"2011": 0.477411285047956,
"2012": 0.0
},
"sums": {
"absolute": 1,
"relative": 0.477411285047956
},
"cqp": "[lemma contains 'v\u00e4nta' & (msd = '.*VB.PRS.AKT.*' | msd = '.*VB.PRT.AKT.*')] [msd = '.*INF.AKT.*'] [msd != '.*INF.*']"
}
],
"FAMILJELIV-FORALDER": [
{
"absolute": {
"2003": 0,
"2023": null,
"2004": 3,
"2005": 14,
"2006": 15,
"2007": 11,
"2008": 21,
"2009": 15,
"2010": 9,
"2011": 7,
"2012": 7,
"2013": 2,
"2014": 0,
"2016": 1,
"2017": 1,
"2018": 0
},
"relative": {
"2003": 0,
"2023": null,
"2004": 0.18539085459498647,
"2005": 0.22828739060468242,
"2006": 0.1506039761618404,
"2007": 0.1283049563399812,
"2008": 0.23753613674009771,
"2009": 0.18520018411367636,
"2010": 0.15048666132216076,
"2011": 0.14279503575914085,
"2012": 0.24824557757596277,
"2013": 0.1189347372389717,
"2014": 0.0,
"2016": 0.25831683334560335,
"2017": 0.3135338779625816,
"2018": 0.0
},
"sums": {
"absolute": 106,
"relative": 2.347636221759685
}
},
{
"absolute": {
"2003": 0,
"2023": null,
"2004": 1,
"2005": 11,
"2006": 10,
"2007": 5,
"2008": 14,
"2009": 11,
"2010": 3,
"2011": 6,
"2012": 7,
"2013": 1,
"2014": 0,
"2017": 1,
"2018": 0
},
"relative": {
"2003": 0,
"2023": null,
"2004": 0.06179695153166216,
"2005": 0.1793686640465362,
"2006": 0.10040265077456027,
"2007": 0.058320434699991465,
"2008": 0.15835742449339849,
"2009": 0.13581346835002933,
"2010": 0.05016222044072025,
"2011": 0.12239574493640644,
"2012": 0.24824557757596277,
"2013": 0.05946736861948585,
"2014": 0.0,
"2017": 0.3135338779625816,
"2018": 0.0
},
"sums": {
"absolute": 70,
"relative": 1.487864383431335
},
"cqp": "[lemma contains 'v\u00e4nta' & (msd = '.*VB.PRS.AKT.*' | msd = '.*VB.PRT.AKT.*')] [word = 'att' %c] [msd = '.*INF.AKT.*'] [msd != '.*INF.*']"
},
{
"absolute": {
"2003": 0,
"2023": null,
"2004": 2,
"2005": 3,
"2006": 5,
"2007": 6,
"2008": 7,
"2009": 4,
"2010": 6,
"2011": 1,
"2012": 0,
"2013": 1,
"2014": 0,
"2016": 1,
"2017": 0
},
"relative": {
"2003": 0,
"2023": null,
"2004": 0.12359390306332432,
"2005": 0.04891872655814623,
"2006": 0.05020132538728014,
"2007": 0.06998452163998975,
"2008": 0.07917871224669924,
"2009": 0.04938671576364703,
"2010": 0.1003244408814405,
"2011": 0.020399290822734405,
"2012": 0.0,
"2013": 0.05946736861948585,
"2014": 0.0,
"2016": 0.25831683334560335,
"2017": 0.0
},
"sums": {
"absolute": 36,
"relative": 0.859771838328351
},
"cqp": "[lemma contains 'v\u00e4nta' & (msd = '.*VB.PRS.AKT.*' | msd = '.*VB.PRT.AKT.*')] [msd = '.*INF.AKT.*'] [msd != '.*INF.*']"
}
],
"FAMILJELIV-GRAVID": [
{
"absolute": {
"2003": 2,
"2023": null,
"2004": 12,
"2005": 19,
"2006": 35,
"2007": 18,
"2008": 17,
"2009": 37,
"2010": 21,
"2011": 32,
"2012": 26,
"2013": 11,
"2014": 6,
"2015": 9,
"2016": 3,
"2017": 6,
"2018": 3,
"2019": 1,
"2020": 0,
"2021": 1,
"2022": 3
},
"relative": {
"2003": 0.8652682201692291,
"2023": null,
"2004": 0.4629516749437282,
"2005": 0.4796658173299776,
"2006": 0.6916336671776588,
"2007": 0.3732904386672818,
"2008": 0.3637601665884618,
"2009": 0.7253966199144624,
"2010": 0.5698431360237002,
"2011": 0.6950233137968795,
"2012": 0.6300683393930964,
"2013": 0.4009046011420168,
"2014": 0.3556961688380634,
"2015": 0.7938503763159503,
"2016": 0.44321774903888234,
"2017": 1.2455153662344522,
"2018": 0.8275090488114488,
"2019": 0.35264599103221245,
"2020": 0.0,
"2021": 0.5515683293877812,
"2022": 2.640266350069395
},
"sums": {
"absolute": 262,
"relative": 13.468075374874676
}
},
{
"absolute": {
"2003": 2,
"2023": null,
"2004": 9,
"2005": 10,
"2006": 11,
"2007": 9,
"2008": 6,
"2009": 13,
"2010": 8,
"2011": 18,
"2012": 17,
"2013": 7,
"2014": 4,
"2015": 6,
"2016": 1,
"2017": 5,
"2018": 2,
"2019": 1,
"2020": 0,
"2021": 1,
"2022": 1
},
"relative": {
"2003": 0.8652682201692291,
"2023": null,
"2004": 0.34721375620779615,
"2005": 0.25245569333156714,
"2006": 0.2173705811129785,
"2007": 0.1866452193336409,
"2008": 0.12838594114886887,
"2009": 0.25486908267264896,
"2010": 0.2170830994376001,
"2011": 0.39095061401074477,
"2012": 0.4119677603724092,
"2013": 0.2551211098176471,
"2014": 0.23713077922537557,
"2015": 0.5292335842106336,
"2016": 0.14773924967962745,
"2017": 1.0379294718620433,
"2018": 0.5516726992076325,
"2019": 0.35264599103221245,
"2020": 0.0,
"2021": 0.5515683293877812,
"2022": 0.880088783356465
},
"sums": {
"absolute": 131,
"relative": 7.815339965576902
},
"cqp": "[lemma contains 'v\u00e4nta' & (msd = '.*VB.PRS.AKT.*' | msd = '.*VB.PRT.AKT.*')] [word = 'att' %c] [msd = '.*INF.AKT.*'] [msd != '.*INF.*']"
},
{
"absolute": {
"2003": 0,
"2023": null,
"2004": 3,
"2005": 9,
"2006": 24,
"2007": 9,
"2008": 11,
"2009": 24,
"2010": 13,
"2011": 14,
"2012": 9,
"2013": 4,
"2014": 2,
"2015": 3,
"2016": 2,
"2017": 1,
"2018": 1,
"2019": 0,
"2022": 2
},
"relative": {
"2003": 0,
"2023": null,
"2004": 0.11573791873593205,
"2005": 0.22721012399841045,
"2006": 0.4742630860646803,
"2007": 0.1866452193336409,
"2008": 0.2353742254395929,
"2009": 0.47052753724181345,
"2010": 0.35276003658610017,
"2011": 0.3040726997861348,
"2012": 0.2181005790206872,
"2013": 0.14578349132436977,
"2014": 0.11856538961268778,
"2015": 0.2646167921053168,
"2016": 0.2954784993592549,
"2017": 0.20758589437240868,
"2018": 0.27583634960381626,
"2019": 0.0,
"2022": 1.76017756671293
},
"sums": {
"absolute": 131,
"relative": 5.652735409297776
},
"cqp": "[lemma contains 'v\u00e4nta' & (msd = '.*VB.PRS.AKT.*' | msd = '.*VB.PRT.AKT.*')] [msd = '.*INF.AKT.*'] [msd != '.*INF.*']"
}
],
"FAMILJELIV-KANSLIGA": [
{
"absolute": {
"2003": 0,
"2023": null,
"2004": 2,
"2005": 3,
"2006": 17,
"2007": 22,
"2008": 15,
"2009": 13,
"2010": 10,
"2011": 15,
"2012": 10,
"2013": 8,
"2014": 6,
"2015": 9,
"2016": 5,
"2017": 3,
"2018": 4,
"2019": 3,
"2020": 2,
"2021": 1,
"2022": 1
},
"relative": {
"2003": 0,
"2023": null,
"2004": 0.19300322768947825,
"2005": 0.14915273787251518,
"2006": 0.3281018775629943,
"2007": 0.26737638730821167,
"2008": 0.17478406186554113,
"2009": 0.13550908244934418,
"2010": 0.13083918091794283,
"2011": 0.1570032689755302,
"2012": 0.09835038570021586,
"2013": 0.09187981578005057,
"2014": 0.10427179834529345,
"2015": 0.2510216021381239,
"2016": 0.16691164288492888,
"2017": 0.09671519416010446,
"2018": 0.13335763109371862,
"2019": 0.11811858357706775,
"2020": 0.0810822797839741,
"2021": 0.040670416018092154,
"2022": 0.048792469331249436
},
"sums": {
"absolute": 149,
"relative": 2.7669416434543774
}
},
{
"absolute": {
"2003": 0,
"2023": null,
"2004": 2,
"2005": 1,
"2006": 9,
"2007": 14,
"2008": 13,
"2009": 10,
"2010": 10,
"2011": 12,
"2012": 8,
"2013": 4,
"2014": 5,
"2015": 8,
"2016": 4,
"2017": 2,
"2018": 4,
"2019": 3,
"2020": 1,
"2021": 0
},
"relative": {
"2003": 0,
"2023": null,
"2004": 0.19300322768947825,
"2005": 0.04971757929083839,
"2006": 0.17370099400393818,
"2007": 0.1701486101052256,
"2008": 0.15147952028346898,
"2009": 0.10423775573026475,
"2010": 0.13083918091794283,
"2011": 0.12560261518042418,
"2012": 0.07868030856017268,
"2013": 0.045939907890025285,
"2014": 0.08689316528774454,
"2015": 0.2231303130116657,
"2016": 0.1335293143079431,
"2017": 0.0644767961067363,
"2018": 0.13335763109371862,
"2019": 0.11811858357706775,
"2020": 0.04054113989198705,
"2021": 0.0
},
"sums": {
"absolute": 110,
"relative": 2.0233966429286423
},
"cqp": "[lemma contains 'v\u00e4nta' & (msd = '.*VB.PRS.AKT.*' | msd = '.*VB.PRT.AKT.*')] [word = 'att' %c] [msd = '.*INF.AKT.*'] [msd != '.*INF.*']"
},
{
"absolute": {
"2003": 0,
"2023": null,
"2005": 2,
"2006": 8,
"2007": 8,
"2008": 2,
"2009": 3,
"2010": 0,
"2011": 3,
"2012": 2,
"2013": 4,
"2014": 1,
"2015": 1,
"2016": 1,
"2017": 1,
"2018": 0,
"2020": 1,
"2021": 1,
"2022": 1
},
"relative": {
"2003": 0,
"2023": null,
"2005": 0.09943515858167679,
"2006": 0.15440088355905618,
"2007": 0.09722777720298606,
"2008": 0.023304541582072152,
"2009": 0.03127132671907942,
"2010": 0.0,
"2011": 0.031400653795106044,
"2012": 0.01967007714004317,
"2013": 0.045939907890025285,
"2014": 0.017378633057548908,
"2015": 0.02789128912645821,
"2016": 0.033382328576985774,
"2017": 0.03223839805336815,
"2018": 0.0,
"2020": 0.04054113989198705,
"2021": 0.040670416018092154,
"2022": 0.048792469331249436
},
"sums": {
"absolute": 39,
"relative": 0.7435450005257348
},
"cqp": "[lemma contains 'v\u00e4nta' & (msd = '.*VB.PRS.AKT.*' | msd = '.*VB.PRT.AKT.*')] [msd = '.*INF.AKT.*'] [msd != '.*INF.*']"
}
],
"FAMILJELIV-MEDLEM-ALLMANNA": [
{
"absolute": {
"2006": 11,
"2023": null,
"2007": 36,
"2008": 27,
"2009": 15,
"2010": 10,
"2011": 5,
"2012": 4,
"2013": 1,
"2014": 0
},
"relative": {
"2006": 0.46904585200366794,
"2023": null,
"2007": 0.49006281257584483,
"2008": 0.37596080962241335,
"2009": 0.22995860193264567,
"2010": 0.34770515812604863,
"2011": 0.47409771855644073,
"2012": 0.8205752683947845,
"2013": 0.7510191329634314,
"2014": 0.0
},
"sums": {
"absolute": 109,
"relative": 3.9584253541752767
}
},
{
"absolute": {
"2006": 6,
"2023": null,
"2007": 15,
"2008": 14,
"2009": 7,
"2010": 6,
"2011": 2,
"2012": 2,
"2013": 1,
"2014": 0
},
"relative": {
"2006": 0.2558431920020007,
"2023": null,
"2007": 0.2041928385732687,
"2008": 0.19494264202643655,
"2009": 0.10731401423523464,
"2010": 0.20862309487562916,
"2011": 0.1896390874225763,
"2012": 0.4102876341973922,
"2013": 0.7510191329634314,
"2014": 0.0
},
"sums": {
"absolute": 53,
"relative": 2.3218616362959694
},
"cqp": "[lemma contains 'v\u00e4nta' & (msd = '.*VB.PRS.AKT.*' | msd = '.*VB.PRT.AKT.*')] [word = 'att' %c] [msd = '.*INF.AKT.*'] [msd != '.*INF.*']"
},
{
"absolute": {
"2006": 5,
"2023": null,
"2007": 21,
"2008": 13,
"2009": 8,
"2010": 4,
"2011": 3,
"2012": 2,
"2013": 0
},
"relative": {
"2006": 0.21320266000166724,
"2023": null,
"2007": 0.2858699740025762,
"2008": 0.1810181675959768,
"2009": 0.12264458769741102,
"2010": 0.13908206325041944,
"2011": 0.28445863113386444,
"2012": 0.4102876341973922,
"2013": 0.0
},
"sums": {
"absolute": 56,
"relative": 1.6365637178793073
},
"cqp": "[lemma contains 'v\u00e4nta' & (msd = '.*VB.PRS.AKT.*' | msd = '.*VB.PRT.AKT.*')] [msd = '.*INF.AKT.*'] [msd != '.*INF.*']"
}
],
"FAMILJELIV-MEDLEM-FORALDRAR": [
{
"absolute": {
"2006": 3,
"2023": null,
"2007": 29,
"2008": 18,
"2009": 22,
"2010": 14,
"2011": 1,
"2012": 0
},
"relative": {
"2006": 0.14458997800593648,
"2023": null,
"2007": 0.36218771269941774,
"2008": 0.22276771986335478,
"2009": 0.3594916037059336,
"2010": 0.4645888857927358,
"2011": 0.1157021733496242,
"2012": 0.0
},
"sums": {
"absolute": 87,
"relative": 1.6693280734170026
}
},
{
"absolute": {
"2006": 0,
"2023": null,
"2007": 20,
"2008": 9,
"2009": 7,
"2010": 8,
"2011": 0
},
"relative": {
"2006": 0,
"2023": null,
"2007": 0.2497846294478743,
"2008": 0.11138385993167739,
"2009": 0.1143836920882516,
"2010": 0.2654793633101347,
"2011": 0.0
},
"sums": {
"absolute": 44,
"relative": 0.7410315447779381
},
"cqp": "[lemma contains 'v\u00e4nta' & (msd = '.*VB.PRS.AKT.*' | msd = '.*VB.PRT.AKT.*')] [word = 'att' %c] [msd = '.*INF.AKT.*'] [msd != '.*INF.*']"
},
{
"absolute": {
"2006": 3,
"2023": null,
"2007": 9,
"2008": 9,
"2009": 15,
"2010": 6,
"2011": 1,
"2012": 0
},
"relative": {
"2006": 0.14458997800593648,
"2023": null,
"2007": 0.11240308325154344,
"2008": 0.11138385993167739,
"2009": 0.245107911617682,
"2010": 0.19910952248260108,
"2011": 0.1157021733496242,
"2012": 0.0
},
"sums": {
"absolute": 43,
"relative": 0.9282965286390645
},
"cqp": "[lemma contains 'v\u00e4nta' & (msd = '.*VB.PRS.AKT.*' | msd = '.*VB.PRT.AKT.*')] [msd = '.*INF.AKT.*'] [msd != '.*INF.*']"
}
],
"FAMILJELIV-MEDLEM-PLANERARBARN": [
{
"absolute": {
"2005": 3,
"2021": null,
"2022": 0,
"2023": null,
"2006": 16,
"2007": 38,
"2008": 17,
"2009": 16,
"2010": 13,
"2011": 4,
"2012": 1,
"2013": 0
},
"relative": {
"2005": 2.1103813881244617,
"2021": null,
"2022": 0,
"2023": null,
"2006": 0.9393123775481563,
"2007": 0.9992787836862795,
"2008": 0.68786797143082,
"2009": 0.6873673649488525,
"2010": 0.6536669079367984,
"2011": 0.50703562635125,
"2012": 0.6832888056794966,
"2013": 0.0
},
"sums": {
"absolute": 108,
"relative": 7.268199225706115
}
},
{
"absolute": {
"2005": 2,
"2021": null,
"2022": 0,
"2023": null,
"2006": 12,
"2007": 29,
"2008": 10,
"2009": 9,
"2010": 5,
"2011": 1,
"2012": 1,
"2013": 0
},
"relative": {
"2005": 1.4069209254163078,
"2021": null,
"2022": 0,
"2023": null,
"2006": 0.7044842831611172,
"2007": 0.7626074928132134,
"2008": 0.40462821848871766,
"2009": 0.3866441427837296,
"2010": 0.25141034920646094,
"2011": 0.1267589065878125,
"2012": 0.6832888056794966,
"2013": 0.0
},
"sums": {
"absolute": 69,
"relative": 4.726743124136855
},
"cqp": "[lemma contains 'v\u00e4nta' & (msd = '.*VB.PRS.AKT.*' | msd = '.*VB.PRT.AKT.*')] [word = 'att' %c] [msd = '.*INF.AKT.*'] [msd != '.*INF.*']"
},
{
"absolute": {
"2005": 1,
"2021": null,
"2022": 0,
"2023": null,
"2006": 4,
"2007": 9,
"2008": 7,
"2009": 7,
"2010": 8,
"2011": 3,
"2012": 0
},
"relative": {
"2005": 0.7034604627081539,
"2021": null,
"2022": 0,
"2023": null,
"2006": 0.23482809438703908,
"2007": 0.2366712908730662,
"2008": 0.28323975294210235,
"2009": 0.300723222165123,
"2010": 0.4022565587303375,
"2011": 0.3802767197634374,
"2012": 0.0
},
"sums": {
"absolute": 39,
"relative": 2.54145610156926
},
"cqp": "[lemma contains 'v\u00e4nta' & (msd = '.*VB.PRS.AKT.*' | msd = '.*VB.PRT.AKT.*')] [msd = '.*INF.AKT.*'] [msd != '.*INF.*']"
}
],
"FAMILJELIV-MEDLEM-VANTARBARN": [
{
"absolute": {
"2003": 0,
"2023": null,
"2004": 7,
"2005": 14,
"2006": 34,
"2007": 43,
"2008": 58,
"2009": 32,
"2010": 19,
"2011": 6,
"2012": 8,
"2013": 1,
"2014": 2,
"2015": 0
},
"relative": {
"2003": 0,
"2023": null,
"2004": 0.7358736181213293,
"2005": 0.6753026947857564,
"2006": 0.7976096857591435,
"2007": 0.7610845908530481,
"2008": 1.1052006588977668,
"2009": 0.711969730784888,
"2010": 0.43535481635210105,
"2011": 0.29126295598307994,
"2012": 0.8736091732457627,
"2013": 0.5204641290917589,
"2014": 2.269225445278763,
"2015": 0.0
},
"sums": {
"absolute": 224,
"relative": 9.1769574991534
}
},
{
"absolute": {
"2003": 0,
"2023": null,
"2004": 2,
"2005": 8,
"2006": 16,
"2007": 16,
"2008": 18,
"2009": 12,
"2010": 8,
"2011": 5,
"2012": 2,
"2013": 0,
"2014": 1,
"2015": 0
},
"relative": {
"2003": 0,
"2023": null,
"2004": 0.2102496051775227,
"2005": 0.38588725416328934,
"2006": 0.3753457344748911,
"2007": 0.2831942663639249,
"2008": 0.3429933079337896,
"2009": 0.266988649044333,
"2010": 0.1833072910956215,
"2011": 0.24271912998589998,
"2012": 0.21840229331144068,
"2013": 0.0,
"2014": 1.1346127226393814,
"2015": 0.0
},
"sums": {
"absolute": 88,
"relative": 3.6437002541900942
},
"cqp": "[lemma contains 'v\u00e4nta' & (msd = '.*VB.PRS.AKT.*' | msd = '.*VB.PRT.AKT.*')] [word = 'att' %c] [msd = '.*INF.AKT.*'] [msd != '.*INF.*']"
},
{
"absolute": {
"2003": 0,
"2023": null,
"2004": 5,
"2005": 6,
"2006": 18,
"2007": 27,
"2008": 40,
"2009": 20,
"2010": 11,
"2011": 1,
"2012": 6,
"2013": 1,
"2014": 1,
"2015": 0
},
"relative": {
"2003": 0,
"2023": null,
"2004": 0.5256240129438068,
"2005": 0.28941544062246705,
"2006": 0.4222639512842525,
"2007": 0.4778903244891233,
"2008": 0.762207350963977,
"2009": 0.4449810817405551,
"2010": 0.25204752525647955,
"2011": 0.04854382599718,
"2012": 0.6552068799343221,
"2013": 0.5204641290917589,
"2014": 1.1346127226393814,
"2015": 0.0
},
"sums": {
"absolute": 136,
"relative": 5.533257244963304
},
"cqp": "[lemma contains 'v\u00e4nta' & (msd = '.*VB.PRS.AKT.*' | msd = '.*VB.PRT.AKT.*')] [msd = '.*INF.AKT.*'] [msd != '.*INF.*']"
}
],
"FAMILJELIV-PAPPAGRUPP": [
{
"absolute": {
"2004": 0,
"2023": null
},
"relative": {
"2004": 0,
"2023": null
},
"sums": {
"absolute": 0,
"relative": 0.0
}
},
{
"absolute": {
"2004": 0,
"2023": null
},
"relative": {
"2004": 0,
"2023": null
},
"sums": {
"absolute": 0,
"relative": 0.0
},
"cqp": "[lemma contains 'v\u00e4nta' & (msd = '.*VB.PRS.AKT.*' | msd = '.*VB.PRT.AKT.*')] [word = 'att' %c] [msd = '.*INF.AKT.*'] [msd != '.*INF.*']"
},
{
"absolute": {
"2004": 0,
"2023": null
},
"relative": {
"2004": 0,
"2023": null
},
"sums": {
"absolute": 0,
"relative": 0.0
},
"cqp": "[lemma contains 'v\u00e4nta' & (msd = '.*VB.PRS.AKT.*' | msd = '.*VB.PRT.AKT.*')] [msd = '.*INF.AKT.*'] [msd != '.*INF.*']"
}
],
"FAMILJELIV-PLANERARBARN": [
{
"absolute": {
"2003": 0,
"2023": null,
"2004": 6,
"2005": 12,
"2006": 25,
"2007": 6,
"2008": 4,
"2009": 11,
"2010": 16,
"2011": 14,
"2012": 20,
"2013": 9,
"2014": 8,
"2015": 5,
"2016": 5,
"2017": 4,
"2018": 7,
"2019": 0,
"2020": 6,
"2021": 2,
"2022": 0
},
"relative": {
"2003": 0,
"2023": null,
"2004": 0.4828113914197818,
"2005": 0.5319462775042268,
"2006": 1.1073540801878496,
"2007": 0.4864716688224118,
"2008": 0.34569097922846614,
"2009": 0.6980273872949116,
"2010": 1.3093027185625166,
"2011": 0.818188995930737,
"2012": 1.1443996628140833,
"2013": 0.76372924236956,
"2014": 0.9403307260704931,
"2015": 0.7935548113069499,
"2016": 1.0679185519878769,
"2017": 0.9214691720184829,
"2018": 1.886445163868754,
"2019": 0.0,
"2020": 2.3841994335142145,
"2021": 0.7150025042962713,
"2022": 0.0
},
"sums": {
"absolute": 160,
"relative": 16.39684276719759
}
},
{
"absolute": {
"2003": 0,
"2023": null,
"2004": 5,
"2005": 3,
"2006": 14,
"2007": 5,
"2008": 3,
"2009": 8,
"2010": 10,
"2011": 9,
"2012": 14,
"2013": 7,
"2014": 6,
"2015": 1,
"2016": 4,
"2017": 2,
"2018": 6,
"2019": 0,
"2020": 5,
"2021": 1,
"2022": 0
},
"relative": {
"2003": 0,
"2023": null,
"2004": 0.4023428261831515,
"2005": 0.1329865693760567,
"2006": 0.6201182849051959,
"2007": 0.4053930573520098,
"2008": 0.2592682344213496,
"2009": 0.5076562816690265,
"2010": 0.8183141991015728,
"2011": 0.5259786402411881,
"2012": 0.8010797639698584,
"2013": 0.5940116329541022,
"2014": 0.7052480445528698,
"2015": 0.15871096226138998,
"2016": 0.8543348415903016,
"2017": 0.46073458600924144,
"2018": 1.6169529976017891,
"2019": 0.0,
"2020": 1.9868328612618458,
"2021": 0.35750125214813566,
"2022": 0.0
},
"sums": {
"absolute": 103,
"relative": 11.207465035599085
},
"cqp": "[lemma contains 'v\u00e4nta' & (msd = '.*VB.PRS.AKT.*' | msd = '.*VB.PRT.AKT.*')] [word = 'att' %c] [msd = '.*INF.AKT.*'] [msd != '.*INF.*']"
},
{
"absolute": {
"2003": 0,
"2023": null,
"2004": 1,
"2005": 9,
"2006": 11,
"2007": 1,
"2008": 1,
"2009": 3,
"2010": 6,
"2011": 5,
"2012": 6,
"2013": 2,
"2014": 2,
"2015": 4,
"2016": 1,
"2017": 2,
"2018": 1,
"2019": 0,
"2020": 1,
"2021": 1,
"2022": 0
},
"relative": {
"2003": 0,
"2023": null,
"2004": 0.08046856523663029,
"2005": 0.3989597081281701,
"2006": 0.4872357952826539,
"2007": 0.08107861147040198,
"2008": 0.08642274480711654,
"2009": 0.190371105625885,
"2010": 0.4909885194609437,
"2011": 0.29221035568954895,
"2012": 0.34331989884422504,
"2013": 0.16971760941545777,
"2014": 0.23508268151762327,
"2015": 0.6348438490455599,
"2016": 0.2135837103975754,
"2017": 0.46073458600924144,
"2018": 0.26949216626696487,
"2019": 0.0,
"2020": 0.3973665722523691,
"2021": 0.35750125214813566,
"2022": 0.0
},
"sums": {
"absolute": 57,
"relative": 5.189377731598502
},
"cqp": "[lemma contains 'v\u00e4nta' & (msd = '.*VB.PRS.AKT.*' | msd = '.*VB.PRT.AKT.*')] [msd = '.*INF.AKT.*'] [msd != '.*INF.*']"
}
],
"FAMILJELIV-SEXSAMLEVNAD": [
{
"absolute": {
"2004": 0,
"2023": null,
"2006": 1,
"2007": 1,
"2008": 0,
"2010": 1,
"2011": 0,
"2012": 2,
"2013": 0,
"2015": 1,
"2016": 0,
"2019": 1,
"2020": 1,
"2021": 0
},
"relative": {
"2004": 0,
"2023": null,
"2006": 0.1431586349423314,
"2007": 0.07860396836850547,
"2008": 0.0,
"2010": 0.09338076951917215,
"2011": 0.0,
"2012": 0.13476723878504102,
"2013": 0.0,
"2015": 0.12091644021032688,
"2016": 0.0,
"2019": 0.17389377907177936,
"2020": 0.19354814984420343,
"2021": 0.0
},
"sums": {
"absolute": 8,
"relative": 0.9382689807413598
}
},
{
"absolute": {
"2004": 0,
"2023": null,
"2006": 1,
"2007": 1,
"2008": 0,
"2010": 1,
"2011": 0,
"2012": 2,
"2013": 0,
"2015": 1,
"2016": 0,
"2020": 1,
"2021": 0
},
"relative": {
"2004": 0,
"2023": null,
"2006": 0.1431586349423314,
"2007": 0.07860396836850547,
"2008": 0.0,
"2010": 0.09338076951917215,
"2011": 0.0,
"2012": 0.13476723878504102,
"2013": 0.0,
"2015": 0.12091644021032688,
"2016": 0.0,
"2020": 0.19354814984420343,
"2021": 0.0
},
"sums": {
"absolute": 7,
"relative": 0.7643752016695804
},
"cqp": "[lemma contains 'v\u00e4nta' & (msd = '.*VB.PRS.AKT.*' | msd = '.*VB.PRT.AKT.*')] [word = 'att' %c] [msd = '.*INF.AKT.*'] [msd != '.*INF.*']"
},
{
"absolute": {
"2004": 0,
"2023": null,
"2019": 1,
"2020": 0
},
"relative": {
"2004": 0,
"2023": null,
"2019": 0.17389377907177936,
"2020": 0.0
},
"sums": {
"absolute": 1,
"relative": 0.17389377907177936
},
"cqp": "[lemma contains 'v\u00e4nta' & (msd = '.*VB.PRS.AKT.*' | msd = '.*VB.PRT.AKT.*')] [msd = '.*INF.AKT.*'] [msd != '.*INF.*']"
}
],
"FAMILJELIV-SVARTATTFABARN": [
{
"absolute": {
"2003": 0,
"2023": null,
"2004": 3,
"2005": 0,
"2006": 7,
"2007": 8,
"2008": 15,
"2009": 13,
"2010": 4,
"2011": 5,
"2012": 11,
"2013": 5,
"2014": 4,
"2015": 4,
"2016": 0,
"2020": 1,
"2021": 0
},
"relative": {
"2003": 0,
"2023": null,
"2004": 0.5833580774384514,
"2005": 0.0,
"2006": 0.33745229207961386,
"2007": 0.39453904696232794,
"2008": 0.5527560305130174,
"2009": 0.6395556406765849,
"2010": 0.38810798328418916,
"2011": 0.3762264889483093,
"2012": 0.8876377321243276,
"2013": 0.576831338554426,
"2014": 0.5976236094792667,
"2015": 0.8678653333362263,
"2016": 0.0,
"2020": 0.8494372478233171,
"2021": 0.0
},
"sums": {
"absolute": 80,
"relative": 7.051390821220058
}
},
{
"absolute": {
"2003": 0,
"2023": null,
"2004": 2,
"2005": 0,
"2006": 5,
"2007": 7,
"2008": 14,
"2009": 8,
"2010": 3,
"2011": 3,
"2012": 5,
"2013": 4,
"2014": 1,
"2015": 3,
"2016": 0
},
"relative": {
"2003": 0,
"2023": null,
"2004": 0.38890538495896754,
"2005": 0.0,
"2006": 0.24103735148543848,
"2007": 0.34522166609203697,
"2008": 0.5159056284788162,
"2009": 0.39357270195482147,
"2010": 0.29108098746314187,
"2011": 0.22573589336898556,
"2012": 0.40347169642014896,
"2013": 0.4614650708435409,
"2014": 0.14940590236981668,
"2015": 0.6508990000021696,
"2016": 0.0
},
"sums": {
"absolute": 55,
"relative": 4.066701283437884
},
"cqp": "[lemma contains 'v\u00e4nta' & (msd = '.*VB.PRS.AKT.*' | msd = '.*VB.PRT.AKT.*')] [word = 'att' %c] [msd = '.*INF.AKT.*'] [msd != '.*INF.*']"
},
{
"absolute": {
"2003": 0,
"2023": null,
"2004": 1,
"2005": 0,
"2006": 2,
"2007": 1,
"2008": 1,
"2009": 5,
"2010": 1,
"2011": 2,
"2012": 6,
"2013": 1,
"2014": 3,
"2015": 1,
"2016": 0,
"2020": 1,
"2021": 0
},
"relative": {
"2003": 0,
"2023": null,
"2004": 0.19445269247948377,
"2005": 0.0,
"2006": 0.0964149405941754,
"2007": 0.04931738087029099,
"2008": 0.03685040203420115,
"2009": 0.24598293872176344,
"2010": 0.09702699582104729,
"2011": 0.1504905955793237,
"2012": 0.4841660357041787,
"2013": 0.11536626771088522,
"2014": 0.44821770710944997,
"2015": 0.21696633333405657,
"2016": 0.0,
"2020": 0.8494372478233171,
"2021": 0.0
},
"sums": {
"absolute": 25,
"relative": 2.9846895377821734
},
"cqp": "[lemma contains 'v\u00e4nta' & (msd = '.*VB.PRS.AKT.*' | msd = '.*VB.PRT.AKT.*')] [msd = '.*INF.AKT.*'] [msd != '.*INF.*']"
}
]
},
"combined": [
{
"absolute": {
"2003": 2,
"2023": null,
"2004": 38,
"2005": 76,
"2006": 196,
"2007": 241,
"2008": 223,
"2009": 195,
"2010": 131,
"2011": 103,
"2012": 101,
"2013": 43,
"2014": 30,
"2015": 30,
"2016": 16,
"2017": 14,
"2018": 17,
"2019": 5,
"2020": 12,
"2021": 4,
"2022": 4
},
"relative": {
"2003": 0.29220700002323047,
"2023": null,
"2004": 0.3939384973680451,
"2005": 0.32704741460691955,
"2006": 0.41778615059117996,
"2007": 0.37955987962489934,
"2008": 0.3580917377366495,
"2009": 0.3287154055819294,
"2010": 0.31790291396921294,
"2011": 0.2855607443359824,
"2012": 0.3477801003366939,
"2013": 0.20696684277587626,
"2014": 0.21653443209640805,
"2015": 0.3377946891310944,
"2016": 0.25015694221162,
"2017": 0.22743561695696277,
"2018": 0.3006179856982231,
"2019": 0.10923533647782542,
"2020": 0.2877245693260721,
"2021": 0.09825509030760451,
"2022": 0.1211976178971795
},
"sums": {
"absolute": 1481,
"relative": 0.3293086913497007
}
},
{
"absolute": {
"2003": 2,
"2023": null,
"2004": 24,
"2005": 42,
"2006": 98,
"2007": 143,
"2008": 120,
"2009": 92,
"2010": 74,
"2011": 64,
"2012": 68,
"2013": 27,
"2014": 21,
"2015": 20,
"2016": 10,
"2017": 10,
"2018": 15,
"2019": 4,
"2020": 8,
"2021": 2,
"2022": 1
},
"relative": {
"2003": 0.29220700002323047,
"2023": null,
"2004": 0.24880326149560741,
"2005": 0.1807367291248766,
"2006": 0.20889307529558998,
"2007": 0.22521602815917263,
"2008": 0.1926951055085109,
"2009": 0.1550862426335257,
"2010": 0.17957874529558593,
"2011": 0.17743580230585312,
"2012": 0.23414897844450674,
"2013": 0.12995592453368976,
"2014": 0.15157410246748565,
"2015": 0.22519645942072963,
"2016": 0.1563480888822625,
"2017": 0.16245401211211627,
"2018": 0.2652511638513734,
"2019": 0.08738826918226034,
"2020": 0.19181637955071473,
"2021": 0.04912754515380226,
"2022": 0.030299404474294876
},
"sums": {
"absolute": 845,
"relative": 0.18789050924408987
},
"cqp": "[lemma contains 'v\u00e4nta' & (msd = '.*VB.PRS.AKT.*' | msd = '.*VB.PRT.AKT.*')] [word = 'att' %c] [msd = '.*INF.AKT.*'] [msd != '.*INF.*']"
},
{
"absolute": {
"2003": 0,
"2023": null,
"2004": 14,
"2005": 34,
"2006": 98,
"2007": 98,
"2008": 103,
"2009": 103,
"2010": 57,
"2011": 39,
"2012": 33,
"2013": 16,
"2014": 9,
"2015": 10,
"2016": 6,
"2017": 4,
"2018": 2,
"2019": 1,
"2020": 4,
"2021": 2,
"2022": 3
},
"relative": {
"2003": 0,
"2023": null,
"2004": 0.14513523587243765,
"2005": 0.14631068548204296,
"2006": 0.20889307529558998,
"2007": 0.1543438514657267,
"2008": 0.16539663222813852,
"2009": 0.17362916294840378,
"2010": 0.138324168673627,
"2011": 0.10812494203012923,
"2012": 0.11363112189218709,
"2013": 0.07701091824218652,
"2014": 0.06496032962892243,
"2015": 0.11259822971036482,
"2016": 0.09380885332935751,
"2017": 0.0649816048448465,
"2018": 0.03536682184684978,
"2019": 0.021847067295565084,
"2020": 0.09590818977535737,
"2021": 0.04912754515380226,
"2022": 0.09089821342288465
},
"sums": {
"absolute": 636,
"relative": 0.14141818210561086
},
"cqp": "[lemma contains 'v\u00e4nta' & (msd = '.*VB.PRS.AKT.*' | msd = '.*VB.PRT.AKT.*')] [msd = '.*INF.AKT.*'] [msd != '.*INF.*']"
}
],
"time": 57.12577199935913
}
