 
 
 
 
 
 
 
 
 
 
 
 
 
 
 
 
 
 
 
 
 
 
 
 
 
 
 
 
 
 
 
 
 
 
 
 
{
"corpora": {
"BLOGGMIX1998": {
"absolute": {
"1998": 10,
"1999": null
},
"relative": {
"1998": 323.32115490316534,
"1999": null
},
"sums": {
"absolute": 10,
"relative": 323.32115490316534
}
},
"BLOGGMIX1999": {
"absolute": {
"1999": 188,
"2000": null
},
"relative": {
"1999": 312.3483947286224,
"2000": null
},
"sums": {
"absolute": 188,
"relative": 312.3483947286224
}
},
"BLOGGMIX2000": {
"absolute": {
"2000": 273,
"2001": null
},
"relative": {
"2000": 1470.5803136160655,
"2001": null
},
"sums": {
"absolute": 273,
"relative": 1470.5803136160655
}
},
"BLOGGMIX2001": {
"absolute": {
"2001": 289,
"2002": null
},
"relative": {
"2001": 1061.0566508793186,
"2002": null
},
"sums": {
"absolute": 289,
"relative": 1061.0566508793186
}
},
"BLOGGMIX2002": {
"absolute": {
"2002": 154,
"2003": null
},
"relative": {
"2002": 869.1382550638591,
"2003": null
},
"sums": {
"absolute": 154,
"relative": 869.1382550638591
}
},
"BLOGGMIX2003": {
"absolute": {
"2003": 206,
"2004": null
},
"relative": {
"2003": 959.7554952990617,
"2004": null
},
"sums": {
"absolute": 206,
"relative": 959.7554952990617
}
},
"BLOGGMIX2004": {
"absolute": {
"2004": 1148,
"2005": null
},
"relative": {
"2004": 1975.7981932117218,
"2005": null
},
"sums": {
"absolute": 1148,
"relative": 1975.7981932117218
}
},
"BLOGGMIX2005": {
"absolute": {
"2005": 3589,
"2006": null
},
"relative": {
"2005": 788.9968681946547,
"2006": null
},
"sums": {
"absolute": 3589,
"relative": 788.9968681946547
}
},
"BLOGGMIX2006": {
"absolute": {
"2006": 4832,
"2007": null
},
"relative": {
"2006": 615.7608788457338,
"2007": null
},
"sums": {
"absolute": 4832,
"relative": 615.7608788457338
}
},
"BLOGGMIX2007": {
"absolute": {
"2007": 18894,
"2008": null
},
"relative": {
"2007": 1032.0052160670114,
"2008": null
},
"sums": {
"absolute": 18894,
"relative": 1032.0052160670114
}
},
"BLOGGMIX2008": {
"absolute": {
"2008": 57079,
"2009": null
},
"relative": {
"2008": 1377.157199047699,
"2009": null
},
"sums": {
"absolute": 57079,
"relative": 1377.157199047699
}
},
"BLOGGMIX2009": {
"absolute": {
"2009": 98403,
"2010": null
},
"relative": {
"2009": 1377.4506115022355,
"2010": null
},
"sums": {
"absolute": 98403,
"relative": 1377.4506115022355
}
},
"BLOGGMIX2010": {
"absolute": {
"2010": 122501,
"2011": null
},
"relative": {
"2010": 1334.685818449193,
"2011": null
},
"sums": {
"absolute": 122501,
"relative": 1334.685818449193
}
},
"BLOGGMIX2011": {
"absolute": {
"2011": 116645,
"2012": null
},
"relative": {
"2011": 1249.915079283267,
"2012": null
},
"sums": {
"absolute": 116645,
"relative": 1249.915079283267
}
},
"BLOGGMIX2012": {
"absolute": {
"2012": 88813,
"2013": null
},
"relative": {
"2012": 1248.4980152630721,
"2013": null
},
"sums": {
"absolute": 88813,
"relative": 1248.4980152630721
}
},
"BLOGGMIX2013": {
"absolute": {
"2013": 69208,
"2014": null
},
"relative": {
"2013": 1341.3032941449944,
"2014": null
},
"sums": {
"absolute": 69208,
"relative": 1341.3032941449944
}
},
"BLOGGMIX2014": {
"absolute": {
"2014": 40109,
"2015": null
},
"relative": {
"2014": 1874.7363513243488,
"2015": null
},
"sums": {
"absolute": 40109,
"relative": 1874.7363513243488
}
},
"BLOGGMIX2015": {
"absolute": {},
"relative": {},
"sums": {
"absolute": 0,
"relative": 0.0
}
},
"BLOGGMIX2016": {
"absolute": {},
"relative": {},
"sums": {
"absolute": 0,
"relative": 0.0
}
},
"BLOGGMIX2017": {
"absolute": {},
"relative": {},
"sums": {
"absolute": 0,
"relative": 0.0
}
}
},
"combined": {
"absolute": {
"1998": 10,
"2015": null,
"1999": 188,
"2000": 273,
"2001": 289,
"2002": 154,
"2003": 206,
"2004": 1148,
"2005": 3589,
"2006": 4832,
"2007": 18894,
"2008": 57079,
"2009": 98403,
"2010": 122501,
"2011": 116645,
"2012": 88813,
"2013": 69208,
"2014": 40109
},
"relative": {
"1998": 323.32115490316534,
"2015": null,
"1999": 312.3483947286224,
"2000": 1470.5803136160655,
"2001": 1061.0566508793186,
"2002": 869.1382550638591,
"2003": 959.7554952990617,
"2004": 1975.7981932117218,
"2005": 788.9968681946547,
"2006": 615.7608788457338,
"2007": 1032.0052160670114,
"2008": 1377.157199047699,
"2009": 1377.4506115022355,
"2010": 1334.685818449193,
"2011": 1249.915079283267,
"2012": 1248.4980152630721,
"2013": 1341.3032941449944,
"2014": 1874.7363513243488
},
"sums": {
"absolute": 622341,
"relative": 1071.8375053276184
}
},
"time": 183.9665389060974
}
