 
 
 
 
 
 
 
 
 
 
 
 
 
 
 
 
 
 
 
 
 
 
 
 
 
 
 
 
 
 
 
 
 
 
 
 
 
 
 
 
 
 
 
 
 
 
 
 
 
 
 
 
 
 
 
 
 
 
 
 
 
 
 
 
 
 
 
 
 
 
 
 
 
 
 
 
 
 
 
 
 
 
 
 
 
 
 
 
 
 
 
 
 
 
 
 
 
 
 
 
 
 
 
 
 
 
 
 
 
 
 
 
 
 
 
 
 
 
 
 
 
 
 
 
 
 
 
 
 
 
 
 
 
 
 
 
 
 
 
 
 
 
 
 
 
 
 
 
 
 
 
 
 
 
 
 
 
 
 
 
 
 
 
 
 
 
 
 
 
 
 
 
 
 
 
 
 
 
 
 
 
 
 
 
 
 
 
 
 
 
 
 
 
 
 
 
 
 
{
"corpora": {
"FAMILJELIV-ADOPTION": {
"absolute": {
"2003": 0,
"2023": null
},
"relative": {
"2003": 0,
"2023": null
},
"sums": {
"absolute": 0,
"relative": 0.0
}
},
"FAMILJELIV-ALLMANNA-EKONOMI": {
"absolute": {
"2003": 0,
"2023": null,
"2006": 13,
"2007": 9,
"2008": 0
},
"relative": {
"2003": 0,
"2023": null,
"2006": 3.5375304771856495,
"2007": 1.6844519841347083,
"2008": 0.0
},
"sums": {
"absolute": 22,
"relative": 5.221982461320358
}
},
"FAMILJELIV-ALLMANNA-FAMILJELIV": {
"absolute": {
"2003": 0,
"2023": null,
"2005": 60,
"2006": 108,
"2007": 0
},
"relative": {
"2003": 0,
"2023": null,
"2005": 7.258310947492653,
"2006": 7.222039739407408,
"2007": 0.0
},
"sums": {
"absolute": 168,
"relative": 14.48035068690006
}
},
"FAMILJELIV-ALLMANNA-FRITID": {
"absolute": {
"2004": 0,
"2023": null,
"2005": 27,
"2006": 13,
"2007": 2,
"2008": 0
},
"relative": {
"2004": 0,
"2023": null,
"2005": 17.950265796898726,
"2006": 2.865221522397988,
"2007": 0.3790106911335755,
"2008": 0.0
},
"sums": {
"absolute": 42,
"relative": 21.19449801043029
}
},
"FAMILJELIV-ALLMANNA-HUSDJUR": {
"absolute": {
"2003": 0,
"2023": null,
"2005": 5,
"2006": 0
},
"relative": {
"2003": 0,
"2023": null,
"2005": 1.993912187309706,
"2006": 0.0
},
"sums": {
"absolute": 5,
"relative": 1.993912187309706
}
},
"FAMILJELIV-ALLMANNA-HUSHEM": {
"absolute": {
"2004": 0,
"2023": null,
"2005": 10,
"2006": 27,
"2007": 1,
"2008": 0,
"2009": 1,
"2010": 0
},
"relative": {
"2004": 0,
"2023": null,
"2005": 2.7104935402162704,
"2006": 2.7745382474721643,
"2007": 0.0794506780122235,
"2008": 0.0,
"2009": 0.10812070855392661,
"2010": 0.0
},
"sums": {
"absolute": 39,
"relative": 5.672603174254585
}
},
"FAMILJELIV-ALLMANNA-KROPP": {
"absolute": {
"2003": 0,
"2023": null,
"2005": 13,
"2006": 49,
"2007": 25,
"2008": 0
},
"relative": {
"2003": 0,
"2023": null,
"2005": 1.5923293819067286,
"2006": 2.6386613866154818,
"2007": 1.3732094310266016,
"2008": 0.0
},
"sums": {
"absolute": 87,
"relative": 5.604200199548812
}
},
"FAMILJELIV-ALLMANNA-NOJE": {
"absolute": {
"2003": 0,
"2023": null,
"2005": 13,
"2006": 138,
"2007": 3,
"2008": 2,
"2009": 0
},
"relative": {
"2003": 0,
"2023": null,
"2005": 1.259966089466509,
"2006": 10.746815691254266,
"2007": 0.2357151881667204,
"2008": 0.15568157979439912,
"2009": 0.0
},
"sums": {
"absolute": 156,
"relative": 12.398178548681894
}
},
"FAMILJELIV-ALLMANNA-SAMHALLE": {
"absolute": {
"2003": 0,
"2022": null,
"2005": 5,
"2006": 14,
"2007": 1,
"2008": 0,
"2009": 2,
"2010": 0
},
"relative": {
"2003": 0,
"2022": null,
"2005": 0.3835966404606228,
"2006": 0.41585891024053756,
"2007": 0.026396182520733013,
"2008": 0.0,
"2009": 0.04940783963084834,
"2010": 0.0
},
"sums": {
"absolute": 22,
"relative": 0.8752595728527418
}
},
"FAMILJELIV-ALLMANNA-SANDLADAN": {
"absolute": {
"2005": 3,
"2022": null,
"2006": 3,
"2007": 0
},
"relative": {
"2005": 1.195014399923519,
"2022": null,
"2006": 0.4684193252325936,
"2007": 0.0
},
"sums": {
"absolute": 6,
"relative": 1.6634337251561127
}
},
"FAMILJELIV-ANGLARUM": {
"absolute": {
"2006": 0,
"2022": null
},
"relative": {
"2006": 0,
"2022": null
},
"sums": {
"absolute": 0,
"relative": 0.0
}
},
"FAMILJELIV-EXPERT": {
"absolute": {
"2009": 0,
"2023": null
},
"relative": {
"2009": 0,
"2023": null
},
"sums": {
"absolute": 0,
"relative": 0.0
}
},
"FAMILJELIV-FORALDER": {
"absolute": {
"2003": 0,
"2022": null,
"2005": 640,
"2006": 1029,
"2007": 57,
"2008": 3,
"2009": 4,
"2010": 0
},
"relative": {
"2003": 0,
"2022": null,
"2005": 10.436091997934046,
"2006": 10.331446872045522,
"2007": 0.6648330881129535,
"2008": 0.033932957727916116,
"2009": 0.049386974304056044,
"2010": 0.0
},
"sums": {
"absolute": 1733,
"relative": 21.515691890124494
}
},
"FAMILJELIV-GRAVID": {
"absolute": {
"2003": 0,
"2022": null,
"2005": 53,
"2006": 50,
"2007": 1,
"2008": 6,
"2009": 0
},
"relative": {
"2003": 0,
"2022": null,
"2005": 1.338018383665714,
"2006": 0.9880215234560755,
"2007": 0.020734852288437224,
"2008": 0.12838603729948186,
"2009": 0.0
},
"sums": {
"absolute": 110,
"relative": 2.4751607967097087
}
},
"FAMILJELIV-KANSLIGA": {
"absolute": {
"2003": 0,
"2022": null,
"2005": 1,
"2006": 4,
"2007": 0
},
"relative": {
"2003": 0,
"2022": null,
"2005": 0.04971802175372267,
"2006": 0.07720155033837342,
"2007": 0.0
},
"sums": {
"absolute": 5,
"relative": 0.1269195720920961
}
},
"FAMILJELIV-MEDLEM-ALLMANNA": {
"absolute": {
"2006": 5,
"2022": null,
"2007": 88,
"2008": 15,
"2009": 3,
"2010": 0
},
"relative": {
"2006": 0.21320602375243028,
"2022": null,
"2007": 1.197540333804842,
"2008": 0.20887570521137783,
"2009": 0.045992339454617316,
"2010": 0.0
},
"sums": {
"absolute": 111,
"relative": 1.6656144022232675
}
},
"FAMILJELIV-MEDLEM-FORALDRAR": {
"absolute": {
"2006": 618,
"2022": null,
"2007": 861,
"2008": 397,
"2009": 141,
"2010": 8,
"2011": 0
},
"relative": {
"2006": 29.78609247820193,
"2022": null,
"2007": 10.756095014321346,
"2008": 4.913440281477503,
"2009": 2.3025119572630266,
"2010": 0.26532857046438635,
"2011": 0.0
},
"sums": {
"absolute": 2025,
"relative": 48.023468301728194
}
},
"FAMILJELIV-MEDLEM-PLANERARBARN": {
"absolute": {
"2005": 0,
"2021": null
},
"relative": {
"2005": 0,
"2021": null
},
"sums": {
"absolute": 0,
"relative": 0.0
}
},
"FAMILJELIV-MEDLEM-VANTARBARN": {
"absolute": {
"2003": 0,
"2022": null,
"2007": 17,
"2008": 4,
"2009": 0
},
"relative": {
"2003": 0,
"2022": null,
"2007": 0.30089450449285937,
"2008": 0.076221433707256,
"2009": 0.0
},
"sums": {
"absolute": 21,
"relative": 0.37711593820011535
}
},
"FAMILJELIV-PAPPAGRUPP": {
"absolute": {
"2004": 0,
"2023": null
},
"relative": {
"2004": 0,
"2023": null
},
"sums": {
"absolute": 0,
"relative": 0.0
}
},
"FAMILJELIV-PLANERARBARN": {
"absolute": {
"2003": 0,
"2022": null,
"2005": 1,
"2006": 0,
"2008": 2,
"2009": 0
},
"relative": {
"2003": 0,
"2022": null,
"2005": 0.04432984882989591,
"2006": 0.0,
"2008": 0.1728423975487491,
"2009": 0.0
},
"sums": {
"absolute": 3,
"relative": 0.21717224637864502
}
},
"FAMILJELIV-SEXSAMLEVNAD": {
"absolute": {
"2004": 0,
"2022": null
},
"relative": {
"2004": 0,
"2022": null
},
"sums": {
"absolute": 0,
"relative": 0.0
}
},
"FAMILJELIV-SVARTATTFABARN": {
"absolute": {
"2003": 0,
"2022": null,
"2007": 1,
"2008": 0
},
"relative": {
"2003": 0,
"2022": null,
"2007": 0.04931688227350038,
"2008": 0.0
},
"sums": {
"absolute": 1,
"relative": 0.04931688227350038
}
}
},
"combined": {
"absolute": {
"2003": 0,
"2023": null,
"2005": 831,
"2006": 2071,
"2007": 1066,
"2008": 429,
"2009": 151,
"2010": 8,
"2011": 0
},
"relative": {
"2003": 0,
"2023": null,
"2005": 3.576048325451898,
"2006": 4.414438963527332,
"2007": 1.6788458877573187,
"2008": 0.6888888750433109,
"2009": 0.2545272449216193,
"2010": 0.01941062109345934,
"2011": 0.0
},
"sums": {
"absolute": 4556,
"relative": 1.020162094697199
}
},
"time": 993.0622861385345
}
