 
 
 
 
 
 
 
 
 
 
 
 
 
 
 
 
 
 
 
 
 
 
 
 
 
 
 
 
 
 
 
 
 
 
 
 
 
 
 
 
 
 
 
 
 
 
 
 
 
 
 
 
 
 
 
 
 
 
 
 
 
 
 
 
 
 
 
 
 
 
 
 
 
 
 
 
 
 
 
 
 
 
 
 
 
 
 
 
 
 
 
 
 
 
 
 
 
 
 
 
 
 
 
 
 
 
 
 
 
 
 
 
 
 
 
 
 
 
 
 
 
 
 
 
 
 
 
 
 
 
 
 
 
 
 
 
 
 
 
 
 
 
 
 
 
 
 
 
 
 
 
 
 
 
 
 
 
 
 
 
 
 
 
 
 
 
 
 
 
 
 
 
 
 
 
 
 
 
 
 
 
 
 
 
 
 
 
 
 
 
 
 
 
 
 
 
 
 
 
 
 
 
 
 
 
 
 
{
"corpora": {
"FAMILJELIV-ADOPTION": {
"absolute": {
"2003": 0,
"2023": null
},
"relative": {
"2003": 0,
"2023": null
},
"sums": {
"absolute": 0,
"relative": 0.0
}
},
"FAMILJELIV-ALLMANNA-EKONOMI": {
"absolute": {
"2003": 0,
"2023": null,
"2011": 1,
"2012": 0
},
"relative": {
"2003": 0,
"2023": null,
"2011": 0.24423925090844792,
"2012": 0.0
},
"sums": {
"absolute": 1,
"relative": 0.24423925090844792
}
},
"FAMILJELIV-ALLMANNA-FAMILJELIV": {
"absolute": {
"2003": 0,
"2023": null,
"2006": 1,
"2007": 0
},
"relative": {
"2003": 0,
"2023": null,
"2006": 0.06687073832784637,
"2007": 0.0
},
"sums": {
"absolute": 1,
"relative": 0.06687073832784637
}
},
"FAMILJELIV-ALLMANNA-FRITID": {
"absolute": {
"2004": 0,
"2023": null
},
"relative": {
"2004": 0,
"2023": null
},
"sums": {
"absolute": 0,
"relative": 0.0
}
},
"FAMILJELIV-ALLMANNA-HUSDJUR": {
"absolute": {
"2003": 0,
"2023": null
},
"relative": {
"2003": 0,
"2023": null
},
"sums": {
"absolute": 0,
"relative": 0.0
}
},
"FAMILJELIV-ALLMANNA-HUSHEM": {
"absolute": {
"2004": 0,
"2023": null,
"2009": 1,
"2010": 0
},
"relative": {
"2004": 0,
"2023": null,
"2009": 0.10812070855392661,
"2010": 0.0
},
"sums": {
"absolute": 1,
"relative": 0.10812070855392661
}
},
"FAMILJELIV-ALLMANNA-KROPP": {
"absolute": {
"2003": 0,
"2023": null
},
"relative": {
"2003": 0,
"2023": null
},
"sums": {
"absolute": 0,
"relative": 0.0
}
},
"FAMILJELIV-ALLMANNA-NOJE": {
"absolute": {
"2003": 0,
"2023": null,
"2010": 1,
"2011": 0
},
"relative": {
"2003": 0,
"2023": null,
"2010": 0.16019774810025494,
"2011": 0.0
},
"sums": {
"absolute": 1,
"relative": 0.16019774810025494
}
},
"FAMILJELIV-ALLMANNA-SAMHALLE": {
"absolute": {
"2003": 0,
"2022": null,
"2009": 1,
"2010": 0
},
"relative": {
"2003": 0,
"2022": null,
"2009": 0.02470391981542417,
"2010": 0.0
},
"sums": {
"absolute": 1,
"relative": 0.02470391981542417
}
},
"FAMILJELIV-ALLMANNA-SANDLADAN": {
"absolute": {
"2005": 0,
"2022": null,
"2012": 1,
"2013": 0
},
"relative": {
"2005": 0,
"2022": null,
"2012": 0.23526328431779647,
"2013": 0.0
},
"sums": {
"absolute": 1,
"relative": 0.23526328431779647
}
},
"FAMILJELIV-ANGLARUM": {
"absolute": {
"2006": 0,
"2022": null,
"2008": 4,
"2009": 0
},
"relative": {
"2006": 0,
"2022": null,
"2008": 0.5776786417042098,
"2009": 0.0
},
"sums": {
"absolute": 4,
"relative": 0.5776786417042098
}
},
"FAMILJELIV-EXPERT": {
"absolute": {
"2009": 0,
"2023": null
},
"relative": {
"2009": 0,
"2023": null
},
"sums": {
"absolute": 0,
"relative": 0.0
}
},
"FAMILJELIV-FORALDER": {
"absolute": {
"2003": 0,
"2022": null,
"2007": 1,
"2008": 4,
"2009": 3,
"2010": 2,
"2011": 5,
"2012": 6,
"2013": 0,
"2014": 1,
"2015": 0
},
"relative": {
"2003": 0,
"2022": null,
"2007": 0.011663738387946553,
"2008": 0.04524394363722148,
"2009": 0.03704023072804203,
"2010": 0.033441596600808844,
"2011": 0.10200148122470976,
"2012": 0.21277840724723254,
"2013": 0.0,
"2014": 0.10497900734790064,
"2015": 0.0
},
"sums": {
"absolute": 22,
"relative": 0.5471484051738619
}
},
"FAMILJELIV-GRAVID": {
"absolute": {
"2003": 0,
"2022": null,
"2006": 1,
"2007": 0,
"2008": 1,
"2009": 1,
"2010": 0,
"2011": 1,
"2012": 0
},
"relative": {
"2003": 0,
"2022": null,
"2006": 0.01976043046912151,
"2007": 0.0,
"2008": 0.02139767288324698,
"2009": 0.019605374397757207,
"2010": 0.0,
"2011": 0.021719441289092277,
"2012": 0.0
},
"sums": {
"absolute": 4,
"relative": 0.08248291903921798
}
},
"FAMILJELIV-KANSLIGA": {
"absolute": {
"2003": 0,
"2022": null,
"2006": 1,
"2007": 0,
"2008": 1,
"2009": 1,
"2010": 3,
"2011": 3,
"2012": 4,
"2013": 1,
"2014": 0
},
"relative": {
"2003": 0,
"2022": null,
"2006": 0.019300387584593355,
"2007": 0.0,
"2008": 0.011652317362189411,
"2009": 0.010423772422029609,
"2010": 0.0392526371164615,
"2011": 0.03140050425232432,
"2012": 0.03932705007020714,
"2013": 0.011484957714452987,
"2014": 0.0
},
"sums": {
"absolute": 14,
"relative": 0.16284162652225834
}
},
"FAMILJELIV-MEDLEM-ALLMANNA": {
"absolute": {
"2006": 0,
"2022": null
},
"relative": {
"2006": 0,
"2022": null
},
"sums": {
"absolute": 0,
"relative": 0.0
}
},
"FAMILJELIV-MEDLEM-FORALDRAR": {
"absolute": {
"2006": 0,
"2022": null,
"2008": 1,
"2009": 0
},
"relative": {
"2006": 0,
"2022": null,
"2008": 0.01237642388281487,
"2009": 0.0
},
"sums": {
"absolute": 1,
"relative": 0.01237642388281487
}
},
"FAMILJELIV-MEDLEM-PLANERARBARN": {
"absolute": {
"2005": 0,
"2021": null
},
"relative": {
"2005": 0,
"2021": null
},
"sums": {
"absolute": 0,
"relative": 0.0
}
},
"FAMILJELIV-MEDLEM-VANTARBARN": {
"absolute": {
"2003": 0,
"2023": null,
"2008": 7,
"2009": 0
},
"relative": {
"2003": 0,
"2023": null,
"2008": 0.13338628641869596,
"2009": 0.0
},
"sums": {
"absolute": 7,
"relative": 0.13338628641869596
}
},
"FAMILJELIV-PAPPAGRUPP": {
"absolute": {
"2004": 0,
"2023": null
},
"relative": {
"2004": 0,
"2023": null
},
"sums": {
"absolute": 0,
"relative": 0.0
}
},
"FAMILJELIV-PLANERARBARN": {
"absolute": {
"2003": 0,
"2022": null,
"2011": 1,
"2012": 0
},
"relative": {
"2003": 0,
"2022": null,
"2011": 0.05844249124443817,
"2012": 0.0
},
"sums": {
"absolute": 1,
"relative": 0.05844249124443817
}
},
"FAMILJELIV-SEXSAMLEVNAD": {
"absolute": {
"2004": 0,
"2022": null,
"2008": 1,
"2009": 0
},
"relative": {
"2004": 0,
"2022": null,
"2008": 0.06917373016918857,
"2009": 0.0
},
"sums": {
"absolute": 1,
"relative": 0.06917373016918857
}
},
"FAMILJELIV-SVARTATTFABARN": {
"absolute": {
"2003": 0,
"2022": null
},
"relative": {
"2003": 0,
"2022": null
},
"sums": {
"absolute": 0,
"relative": 0.0
}
}
},
"combined": {
"absolute": {
"2003": 0,
"2023": null,
"2006": 3,
"2007": 1,
"2008": 19,
"2009": 7,
"2010": 6,
"2011": 11,
"2012": 11,
"2013": 1,
"2014": 1,
"2015": 0
},
"relative": {
"2003": 0,
"2023": null,
"2006": 0.006394645059428165,
"2007": 0.0015749020559355726,
"2008": 0.03051020633122783,
"2009": 0.011799274922082518,
"2010": 0.014559833978678157,
"2011": 0.030496031537554185,
"2012": 0.03787366971661722,
"2013": 0.004813307030343204,
"2014": 0.007218718136126977,
"2015": 0.0
},
"sums": {
"absolute": 60,
"relative": 0.01343508085198181
}
},
"time": 1040.0017001628876
}
