{
"corpora": {
"FAMILJELIV-ADOPTION": {
"absolute": {
"2003": 0,
"2023": null
},
"relative": {
"2003": 0,
"2023": null
},
"sums": {
"absolute": 0,
"relative": 0.0
}
},
"FAMILJELIV-ALLMANNA-EKONOMI": {
"absolute": {
"2003": 0,
"2023": null,
"2005": 4,
"2006": 0,
"2007": 3,
"2008": 0,
"2009": 1,
"2010": 0
},
"relative": {
"2003": 0,
"2023": null,
"2005": 2.3439349511172365,
"2006": 0.0,
"2007": 0.5614839947115694,
"2008": 0.0,
"2009": 0.13592894178639173,
"2010": 0.0
},
"sums": {
"absolute": 8,
"relative": 3.041347887615198
}
},
"FAMILJELIV-ALLMANNA-FAMILJELIV": {
"absolute": {
"2003": 0,
"2023": null,
"2006": 1,
"2007": 0
},
"relative": {
"2003": 0,
"2023": null,
"2006": 0.06687073832784637,
"2007": 0.0
},
"sums": {
"absolute": 1,
"relative": 0.06687073832784637
}
},
"FAMILJELIV-ALLMANNA-FRITID": {
"absolute": {
"2004": 0,
"2023": null,
"2005": 2,
"2006": 2,
"2007": 0,
"2011": 1,
"2012": 0
},
"relative": {
"2004": 0,
"2023": null,
"2005": 1.3296493182887945,
"2006": 0.44080331113815197,
"2007": 0.0,
"2011": 0.3917365524676269,
"2012": 0.0
},
"sums": {
"absolute": 5,
"relative": 2.1621891818945733
}
},
"FAMILJELIV-ALLMANNA-HUSDJUR": {
"absolute": {
"2003": 0,
"2023": null
},
"relative": {
"2003": 0,
"2023": null
},
"sums": {
"absolute": 0,
"relative": 0.0
}
},
"FAMILJELIV-ALLMANNA-HUSHEM": {
"absolute": {
"2004": 0,
"2023": null,
"2005": 3,
"2006": 1,
"2007": 0,
"2008": 1,
"2009": 1,
"2010": 0
},
"relative": {
"2004": 0,
"2023": null,
"2005": 0.8131480620648811,
"2006": 0.10276067583230239,
"2007": 0.0,
"2008": 0.07878072024643239,
"2009": 0.10812070855392661,
"2010": 0.0
},
"sums": {
"absolute": 6,
"relative": 1.1028101666975425
}
},
"FAMILJELIV-ALLMANNA-KROPP": {
"absolute": {
"2003": 0,
"2023": null,
"2006": 2,
"2007": 0,
"2008": 3,
"2009": 1,
"2010": 0
},
"relative": {
"2003": 0,
"2023": null,
"2006": 0.10770046475981557,
"2007": 0.0,
"2008": 0.18042672001844684,
"2009": 0.04985949345447063,
"2010": 0.0
},
"sums": {
"absolute": 6,
"relative": 0.337986678232733
}
},
"FAMILJELIV-ALLMANNA-NOJE": {
"absolute": {
"2003": 0,
"2023": null,
"2005": 1,
"2006": 2,
"2007": 0,
"2010": 2,
"2011": 0
},
"relative": {
"2003": 0,
"2023": null,
"2005": 0.0969204684205007,
"2006": 0.15575095204716327,
"2007": 0.0,
"2010": 0.3203954962005099,
"2011": 0.0
},
"sums": {
"absolute": 5,
"relative": 0.5730669166681739
}
},
"FAMILJELIV-ALLMANNA-SAMHALLE": {
"absolute": {
"2003": 0,
"2022": null,
"2005": 2,
"2006": 1,
"2007": 2,
"2008": 0,
"2009": 1,
"2010": 0
},
"relative": {
"2003": 0,
"2022": null,
"2005": 0.15343865618424915,
"2006": 0.02970420787432411,
"2007": 0.052792365041466026,
"2008": 0.0,
"2009": 0.02470391981542417,
"2010": 0.0
},
"sums": {
"absolute": 6,
"relative": 0.26063914891546347
}
},
"FAMILJELIV-ALLMANNA-SANDLADAN": {
"absolute": {
"2005": 0,
"2022": null,
"2006": 1,
"2007": 1,
"2008": 0
},
"relative": {
"2005": 0,
"2022": null,
"2006": 0.1561397750775312,
"2007": 0.14830636357394014,
"2008": 0.0
},
"sums": {
"absolute": 2,
"relative": 0.30444613865147135
}
},
"FAMILJELIV-ANGLARUM": {
"absolute": {
"2006": 0,
"2022": null
},
"relative": {
"2006": 0,
"2022": null
},
"sums": {
"absolute": 0,
"relative": 0.0
}
},
"FAMILJELIV-EXPERT": {
"absolute": {
"2009": 0,
"2023": null
},
"relative": {
"2009": 0,
"2023": null
},
"sums": {
"absolute": 0,
"relative": 0.0
}
},
"FAMILJELIV-FORALDER": {
"absolute": {
"2003": 0,
"2022": null,
"2004": 1,
"2005": 2,
"2006": 6,
"2007": 5,
"2008": 6,
"2009": 7,
"2010": 0
},
"relative": {
"2003": 0,
"2022": null,
"2004": 0.061795729519597525,
"2005": 0.0326127874935439,
"2006": 0.06024167272329751,
"2007": 0.05831869193973276,
"2008": 0.06786591545583223,
"2009": 0.08642720503209808,
"2010": 0.0
},
"sums": {
"absolute": 27,
"relative": 0.367262002164102
}
},
"FAMILJELIV-GRAVID": {
"absolute": {
"2003": 0,
"2022": null,
"2005": 4,
"2006": 0,
"2007": 3,
"2008": 4,
"2009": 0
},
"relative": {
"2003": 0,
"2022": null,
"2005": 0.10098251952194066,
"2006": 0.0,
"2007": 0.062204556865311664,
"2008": 0.08559069153298791,
"2009": 0.0
},
"sums": {
"absolute": 11,
"relative": 0.24877776792024026
}
},
"FAMILJELIV-KANSLIGA": {
"absolute": {
"2003": 0,
"2022": null,
"2004": 3,
"2005": 4,
"2006": 3,
"2007": 7,
"2008": 1,
"2009": 2,
"2010": 0,
"2013": 1,
"2014": 0
},
"relative": {
"2003": 0,
"2022": null,
"2004": 0.2895060428596326,
"2005": 0.19887208701489067,
"2006": 0.05790116275378007,
"2007": 0.08507453562368568,
"2008": 0.011652317362189411,
"2009": 0.020847544844059217,
"2010": 0.0,
"2013": 0.011484957714452987,
"2014": 0.0
},
"sums": {
"absolute": 21,
"relative": 0.6753386481726907
}
},
"FAMILJELIV-MEDLEM-ALLMANNA": {
"absolute": {
"2006": 0,
"2022": null,
"2008": 1,
"2009": 0
},
"relative": {
"2006": 0,
"2022": null,
"2008": 0.013925047014091854,
"2009": 0.0
},
"sums": {
"absolute": 1,
"relative": 0.013925047014091854
}
},
"FAMILJELIV-MEDLEM-FORALDRAR": {
"absolute": {
"2006": 0,
"2022": null,
"2008": 7,
"2009": 0
},
"relative": {
"2006": 0,
"2022": null,
"2008": 0.08663496717970409,
"2009": 0.0
},
"sums": {
"absolute": 7,
"relative": 0.08663496717970409
}
},
"FAMILJELIV-MEDLEM-PLANERARBARN": {
"absolute": {
"2005": 0,
"2021": null
},
"relative": {
"2005": 0,
"2021": null
},
"sums": {
"absolute": 0,
"relative": 0.0
}
},
"FAMILJELIV-MEDLEM-VANTARBARN": {
"absolute": {
"2003": 0,
"2022": null
},
"relative": {
"2003": 0,
"2022": null
},
"sums": {
"absolute": 0,
"relative": 0.0
}
},
"FAMILJELIV-PAPPAGRUPP": {
"absolute": {
"2004": 0,
"2023": null
},
"relative": {
"2004": 0,
"2023": null
},
"sums": {
"absolute": 0,
"relative": 0.0
}
},
"FAMILJELIV-PLANERARBARN": {
"absolute": {
"2003": 0,
"2022": null
},
"relative": {
"2003": 0,
"2022": null
},
"sums": {
"absolute": 0,
"relative": 0.0
}
},
"FAMILJELIV-SEXSAMLEVNAD": {
"absolute": {
"2004": 0,
"2022": null
},
"relative": {
"2004": 0,
"2022": null
},
"sums": {
"absolute": 0,
"relative": 0.0
}
},
"FAMILJELIV-SVARTATTFABARN": {
"absolute": {
"2003": 0,
"2022": null
},
"relative": {
"2003": 0,
"2022": null
},
"sums": {
"absolute": 0,
"relative": 0.0
}
}
},
"combined": {
"absolute": {
"2003": 0,
"2023": null,
"2004": 4,
"2005": 22,
"2006": 19,
"2007": 21,
"2008": 23,
"2009": 13,
"2010": 2,
"2011": 1,
"2012": 0,
"2013": 1,
"2014": 0
},
"relative": {
"2003": 0,
"2023": null,
"2004": 0.04146891824231709,
"2005": 0.09467275951858213,
"2006": 0.04049944003236085,
"2007": 0.03307294900835243,
"2008": 0.03693343619113322,
"2009": 0.021912941615768552,
"2010": 0.004852655273364835,
"2011": 0.002772365527290325,
"2012": 0.0,
"2013": 0.004813311385916963,
"2014": 0.0
},
"sums": {
"absolute": 106,
"relative": 0.02373511060181555
}
},
"time": 4.82405948638916
}
