 
 
 
 
 
 
 
 
 
 
 
 
 
 
 
 
 
 
 
 
 
 
 
 
 
 
 
 
 
 
 
 
 
 
 
 
 
 
 
 
 
 
 
 
 
 
 
 
 
 
 
 
 
 
 
 
 
 
 
 
 
 
 
 
 
 
 
 
 
 
 
 
 
 
 
 
 
 
 
 
 
 
 
 
 
 
 
 
 
 
 
 
 
 
 
 
 
 
 
 
 
 
 
 
 
 
 
 
 
 
 
 
 
 
 
 
 
 
 
 
 
 
 
 
 
 
 
 
 
 
 
 
 
 
 
 
 
 
 
 
 
 
 
 
 
 
 
 
 
 
 
 
 
 
 
 
 
 
 
 
 
 
 
 
 
 
 
 
 
 
 
 
 
 
 
 
 
 
 
 
 
 
 
 
 
 
 
 
 
 
 
 
 
{
"corpora": {
"FAMILJELIV-ADOPTION": {
"absolute": {
"2003": 0,
"2023": null
},
"relative": {
"2003": 0,
"2023": null
},
"sums": {
"absolute": 0,
"relative": 0.0
}
},
"FAMILJELIV-ALLMANNA-EKONOMI": {
"absolute": {
"2003": 0,
"2023": null,
"2006": 1,
"2007": 0,
"2009": 2,
"2010": 0
},
"relative": {
"2003": 0,
"2023": null,
"2006": 0.2721177290142808,
"2007": 0.0,
"2009": 0.27185788357278345,
"2010": 0.0
},
"sums": {
"absolute": 3,
"relative": 0.5439756125870643
}
},
"FAMILJELIV-ALLMANNA-FAMILJELIV": {
"absolute": {
"2003": 0,
"2023": null,
"2006": 1,
"2007": 0
},
"relative": {
"2003": 0,
"2023": null,
"2006": 0.06687073832784637,
"2007": 0.0
},
"sums": {
"absolute": 1,
"relative": 0.06687073832784637
}
},
"FAMILJELIV-ALLMANNA-FRITID": {
"absolute": {
"2004": 0,
"2023": null
},
"relative": {
"2004": 0,
"2023": null
},
"sums": {
"absolute": 0,
"relative": 0.0
}
},
"FAMILJELIV-ALLMANNA-HUSDJUR": {
"absolute": {
"2003": 0,
"2023": null,
"2008": 1,
"2009": 0
},
"relative": {
"2003": 0,
"2023": null,
"2008": 0.13288369036080314,
"2009": 0.0
},
"sums": {
"absolute": 1,
"relative": 0.13288369036080314
}
},
"FAMILJELIV-ALLMANNA-HUSHEM": {
"absolute": {
"2004": 0,
"2023": null,
"2007": 1,
"2008": 0
},
"relative": {
"2004": 0,
"2023": null,
"2007": 0.0794506780122235,
"2008": 0.0
},
"sums": {
"absolute": 1,
"relative": 0.0794506780122235
}
},
"FAMILJELIV-ALLMANNA-KROPP": {
"absolute": {
"2003": 0,
"2023": null,
"2006": 1,
"2007": 1,
"2008": 0
},
"relative": {
"2003": 0,
"2023": null,
"2006": 0.053850232379907784,
"2007": 0.05492837724106406,
"2008": 0.0
},
"sums": {
"absolute": 2,
"relative": 0.10877860962097184
}
},
"FAMILJELIV-ALLMANNA-NOJE": {
"absolute": {
"2003": 0,
"2023": null,
"2005": 1,
"2006": 0
},
"relative": {
"2003": 0,
"2023": null,
"2005": 0.0969204684205007,
"2006": 0.0
},
"sums": {
"absolute": 1,
"relative": 0.0969204684205007
}
},
"FAMILJELIV-ALLMANNA-SAMHALLE": {
"absolute": {
"2003": 0,
"2022": null,
"2004": 1,
"2005": 0,
"2006": 23,
"2007": 17,
"2008": 15,
"2009": 2,
"2010": 3,
"2011": 0
},
"relative": {
"2003": 0,
"2022": null,
"2004": 0.23688537424691178,
"2005": 0.0,
"2006": 0.6831967811094545,
"2007": 0.4487351028524612,
"2008": 0.4257843657658016,
"2009": 0.04940783963084834,
"2010": 0.10017490872980588,
"2011": 0.0
},
"sums": {
"absolute": 61,
"relative": 1.9441843723352834
}
},
"FAMILJELIV-ALLMANNA-SANDLADAN": {
"absolute": {
"2005": 0,
"2022": null,
"2006": 1,
"2007": 0
},
"relative": {
"2005": 0,
"2022": null,
"2006": 0.1561397750775312,
"2007": 0.0
},
"sums": {
"absolute": 1,
"relative": 0.1561397750775312
}
},
"FAMILJELIV-ANGLARUM": {
"absolute": {
"2006": 0,
"2022": null
},
"relative": {
"2006": 0,
"2022": null
},
"sums": {
"absolute": 0,
"relative": 0.0
}
},
"FAMILJELIV-EXPERT": {
"absolute": {
"2009": 0,
"2023": null
},
"relative": {
"2009": 0,
"2023": null
},
"sums": {
"absolute": 0,
"relative": 0.0
}
},
"FAMILJELIV-FORALDER": {
"absolute": {
"2003": 0,
"2022": null,
"2006": 3,
"2007": 1,
"2008": 7,
"2009": 0
},
"relative": {
"2003": 0,
"2022": null,
"2006": 0.030120836361648754,
"2007": 0.011663738387946553,
"2008": 0.0791769013651376,
"2009": 0.0
},
"sums": {
"absolute": 11,
"relative": 0.1209614761147329
}
},
"FAMILJELIV-GRAVID": {
"absolute": {
"2003": 0,
"2022": null,
"2008": 3,
"2009": 0
},
"relative": {
"2003": 0,
"2022": null,
"2008": 0.06419301864974093,
"2009": 0.0
},
"sums": {
"absolute": 3,
"relative": 0.06419301864974093
}
},
"FAMILJELIV-KANSLIGA": {
"absolute": {
"2003": 0,
"2022": null,
"2004": 4,
"2005": 1,
"2006": 3,
"2007": 1,
"2008": 10,
"2009": 2,
"2010": 2,
"2011": 0
},
"relative": {
"2003": 0,
"2022": null,
"2004": 0.3860080571461768,
"2005": 0.04971802175372267,
"2006": 0.05790116275378007,
"2007": 0.012153505089097953,
"2008": 0.11652317362189411,
"2009": 0.020847544844059217,
"2010": 0.026168424744307667,
"2011": 0.0
},
"sums": {
"absolute": 23,
"relative": 0.6693198899530386
}
},
"FAMILJELIV-MEDLEM-ALLMANNA": {
"absolute": {
"2006": 1,
"2022": null,
"2007": 0
},
"relative": {
"2006": 0.04264120475048606,
"2022": null,
"2007": 0.0
},
"sums": {
"absolute": 1,
"relative": 0.04264120475048606
}
},
"FAMILJELIV-MEDLEM-FORALDRAR": {
"absolute": {
"2006": 1,
"2022": null,
"2007": 0
},
"relative": {
"2006": 0.04819756064433969,
"2022": null,
"2007": 0.0
},
"sums": {
"absolute": 1,
"relative": 0.04819756064433969
}
},
"FAMILJELIV-MEDLEM-PLANERARBARN": {
"absolute": {
"2005": 0,
"2021": null
},
"relative": {
"2005": 0,
"2021": null
},
"sums": {
"absolute": 0,
"relative": 0.0
}
},
"FAMILJELIV-MEDLEM-VANTARBARN": {
"absolute": {
"2003": 0,
"2023": null
},
"relative": {
"2003": 0,
"2023": null
},
"sums": {
"absolute": 0,
"relative": 0.0
}
},
"FAMILJELIV-PAPPAGRUPP": {
"absolute": {
"2004": 0,
"2023": null
},
"relative": {
"2004": 0,
"2023": null
},
"sums": {
"absolute": 0,
"relative": 0.0
}
},
"FAMILJELIV-PLANERARBARN": {
"absolute": {
"2003": 0,
"2022": null
},
"relative": {
"2003": 0,
"2022": null
},
"sums": {
"absolute": 0,
"relative": 0.0
}
},
"FAMILJELIV-SEXSAMLEVNAD": {
"absolute": {
"2004": 0,
"2022": null,
"2009": 1,
"2010": 0
},
"relative": {
"2004": 0,
"2022": null,
"2009": 0.06881835985753498,
"2010": 0.0
},
"sums": {
"absolute": 1,
"relative": 0.06881835985753498
}
},
"FAMILJELIV-SVARTATTFABARN": {
"absolute": {
"2003": 0,
"2022": null
},
"relative": {
"2003": 0,
"2022": null
},
"sums": {
"absolute": 0,
"relative": 0.0
}
}
},
"combined": {
"absolute": {
"2003": 0,
"2023": null,
"2004": 5,
"2005": 2,
"2006": 35,
"2007": 21,
"2008": 36,
"2009": 7,
"2010": 5,
"2011": 0
},
"relative": {
"2003": 0,
"2023": null,
"2004": 0.05183614780289636,
"2005": 0.008606607983198662,
"2006": 0.07460419235999526,
"2007": 0.033072943174647026,
"2008": 0.05780881199601063,
"2009": 0.011799274922082518,
"2010": 0.012133194982231798,
"2011": 0.0
},
"sums": {
"absolute": 111,
"relative": 0.024854899576166347
}
},
"time": 967.7998440265656
}
