 
 
 
 
 
 
 
 
 
 
 
 
 
 
 
 
 
 
 
 
 
 
 
 
 
 
 
 
 
 
 
 
 
 
 
 
 
 
 
 
 
 
 
 
 
 
 
 
 
 
 
 
 
 
 
 
 
 
 
 
 
 
 
 
 
 
 
 
 
 
 
 
 
 
 
 
 
 
 
 
 
 
 
 
 
 
 
 
 
 
 
 
 
 
 
 
 
 
 
 
 
 
 
 
 
 
 
 
 
 
 
 
 
 
 
 
 
 
 
 
 
 
 
 
 
 
 
 
 
 
 
 
 
 
 
 
 
 
 
 
 
 
 
 
 
 
 
 
 
 
 
 
 
 
 
 
 
 
 
 
 
 
 
 
 
 
 
 
 
 
 
 
 
 
 
 
 
 
 
 
 
 
 
 
 
 
 
 
 
 
 
 
 
 
 
 
 
 
 
 
 
{
"corpora": {
"FAMILJELIV-ADOPTION": {
"absolute": {
"2003": 0,
"2023": null
},
"relative": {
"2003": 0,
"2023": null
},
"sums": {
"absolute": 0,
"relative": 0.0
}
},
"FAMILJELIV-ALLMANNA-EKONOMI": {
"absolute": {
"2003": 0,
"2023": null,
"2009": 1,
"2010": 6,
"2011": 0,
"2012": 1,
"2013": 0
},
"relative": {
"2003": 0,
"2023": null,
"2009": 0.13592894178639173,
"2010": 1.1138571816034606,
"2011": 0.0,
"2012": 0.3444981746764215,
"2013": 0.0
},
"sums": {
"absolute": 8,
"relative": 1.594284298066274
}
},
"FAMILJELIV-ALLMANNA-FAMILJELIV": {
"absolute": {
"2003": 0,
"2023": null,
"2005": 1,
"2006": 0,
"2009": 2,
"2010": 2,
"2011": 0
},
"relative": {
"2003": 0,
"2023": null,
"2005": 0.12097184912487756,
"2006": 0.0,
"2009": 0.2615644509847182,
"2010": 0.31802953985578,
"2011": 0.0
},
"sums": {
"absolute": 5,
"relative": 0.7005658399653758
}
},
"FAMILJELIV-ALLMANNA-FRITID": {
"absolute": {
"2004": 0,
"2023": null,
"2012": 1,
"2013": 0
},
"relative": {
"2004": 0,
"2023": null,
"2012": 0.6202115789780526,
"2013": 0.0
},
"sums": {
"absolute": 1,
"relative": 0.6202115789780526
}
},
"FAMILJELIV-ALLMANNA-HUSDJUR": {
"absolute": {
"2003": 0,
"2023": null,
"2004": 1,
"2005": 0
},
"relative": {
"2003": 0,
"2023": null,
"2004": 1.1428911030499191,
"2005": 0.0
},
"sums": {
"absolute": 1,
"relative": 1.1428911030499191
}
},
"FAMILJELIV-ALLMANNA-HUSHEM": {
"absolute": {
"2004": 0,
"2023": null,
"2009": 1,
"2010": 0,
"2012": 1,
"2013": 0
},
"relative": {
"2004": 0,
"2023": null,
"2009": 0.10812070855392661,
"2010": 0.0,
"2012": 0.2802558623921295,
"2013": 0.0
},
"sums": {
"absolute": 2,
"relative": 0.38837657094605615
}
},
"FAMILJELIV-ALLMANNA-KROPP": {
"absolute": {
"2003": 0,
"2023": null,
"2004": 1,
"2005": 1,
"2006": 0,
"2010": 4,
"2011": 2,
"2012": 0,
"2013": 1,
"2014": 1,
"2015": 0
},
"relative": {
"2003": 0,
"2023": null,
"2004": 0.38153434801121405,
"2005": 0.12248687553128683,
"2006": 0.0,
"2010": 0.31678639212373993,
"2011": 0.1565870904122116,
"2012": 0.0,
"2013": 0.1587743131105666,
"2014": 0.2506693498313873,
"2015": 0.0
},
"sums": {
"absolute": 10,
"relative": 1.3868383690204062
}
},
"FAMILJELIV-ALLMANNA-NOJE": {
"absolute": {
"2003": 0,
"2023": null,
"2004": 2,
"2005": 0,
"2009": 2,
"2010": 5,
"2011": 3,
"2012": 1,
"2013": 0
},
"relative": {
"2003": 0,
"2023": null,
"2004": 0.47164516436362336,
"2005": 0.0,
"2009": 0.16035326465616812,
"2010": 0.8009887405012748,
"2011": 0.45103652704279706,
"2012": 0.22764129923084558,
"2013": 0.0
},
"sums": {
"absolute": 13,
"relative": 2.111664995794709
}
},
"FAMILJELIV-ALLMANNA-SAMHALLE": {
"absolute": {
"2003": 0,
"2022": null,
"2005": 2,
"2006": 0,
"2009": 14,
"2010": 11,
"2011": 9,
"2012": 6,
"2013": 0
},
"relative": {
"2003": 0,
"2022": null,
"2005": 0.15343865618424915,
"2006": 0.0,
"2009": 0.3458548774159384,
"2010": 0.36730799867595487,
"2011": 0.28714574829033424,
"2012": 0.25943134551559516,
"2013": 0.0
},
"sums": {
"absolute": 42,
"relative": 1.413178626082072
}
},
"FAMILJELIV-ALLMANNA-SANDLADAN": {
"absolute": {
"2005": 0,
"2022": null
},
"relative": {
"2005": 0,
"2022": null
},
"sums": {
"absolute": 0,
"relative": 0.0
}
},
"FAMILJELIV-ANGLARUM": {
"absolute": {
"2006": 0,
"2022": null
},
"relative": {
"2006": 0,
"2022": null
},
"sums": {
"absolute": 0,
"relative": 0.0
}
},
"FAMILJELIV-EXPERT": {
"absolute": {
"2009": 0,
"2023": null
},
"relative": {
"2009": 0,
"2023": null
},
"sums": {
"absolute": 0,
"relative": 0.0
}
},
"FAMILJELIV-FORALDER": {
"absolute": {
"2003": 0,
"2022": null
},
"relative": {
"2003": 0,
"2022": null
},
"sums": {
"absolute": 0,
"relative": 0.0
}
},
"FAMILJELIV-GRAVID": {
"absolute": {
"2003": 0,
"2022": null
},
"relative": {
"2003": 0,
"2022": null
},
"sums": {
"absolute": 0,
"relative": 0.0
}
},
"FAMILJELIV-KANSLIGA": {
"absolute": {
"2003": 0,
"2022": null,
"2004": 1,
"2005": 2,
"2006": 0,
"2009": 11,
"2010": 5,
"2011": 5,
"2012": 5,
"2013": 0
},
"relative": {
"2003": 0,
"2022": null,
"2004": 0.0965020142865442,
"2005": 0.09943604350744534,
"2006": 0.0,
"2009": 0.1146614966423257,
"2010": 0.06542106186076917,
"2011": 0.052334173753873864,
"2012": 0.04915881258775893,
"2013": 0.0
},
"sums": {
"absolute": 29,
"relative": 0.4775136026387173
}
},
"FAMILJELIV-MEDLEM-ALLMANNA": {
"absolute": {
"2006": 0,
"2022": null,
"2010": 1,
"2011": 3,
"2012": 1,
"2013": 0
},
"relative": {
"2006": 0,
"2022": null,
"2010": 0.03477003464173321,
"2011": 0.28446167902937125,
"2012": 0.20515854755134041,
"2013": 0.0
},
"sums": {
"absolute": 5,
"relative": 0.5243902612224449
}
},
"FAMILJELIV-MEDLEM-FORALDRAR": {
"absolute": {
"2006": 0,
"2022": null
},
"relative": {
"2006": 0,
"2022": null
},
"sums": {
"absolute": 0,
"relative": 0.0
}
},
"FAMILJELIV-MEDLEM-PLANERARBARN": {
"absolute": {
"2005": 0,
"2021": null
},
"relative": {
"2005": 0,
"2021": null
},
"sums": {
"absolute": 0,
"relative": 0.0
}
},
"FAMILJELIV-MEDLEM-VANTARBARN": {
"absolute": {
"2003": 0,
"2022": null
},
"relative": {
"2003": 0,
"2022": null
},
"sums": {
"absolute": 0,
"relative": 0.0
}
},
"FAMILJELIV-PAPPAGRUPP": {
"absolute": {
"2004": 0,
"2023": null
},
"relative": {
"2004": 0,
"2023": null
},
"sums": {
"absolute": 0,
"relative": 0.0
}
},
"FAMILJELIV-PLANERARBARN": {
"absolute": {
"2003": 0,
"2022": null
},
"relative": {
"2003": 0,
"2022": null
},
"sums": {
"absolute": 0,
"relative": 0.0
}
},
"FAMILJELIV-SEXSAMLEVNAD": {
"absolute": {
"2004": 0,
"2022": null
},
"relative": {
"2004": 0,
"2022": null
},
"sums": {
"absolute": 0,
"relative": 0.0
}
},
"FAMILJELIV-SVARTATTFABARN": {
"absolute": {
"2003": 0,
"2022": null
},
"relative": {
"2003": 0,
"2022": null
},
"sums": {
"absolute": 0,
"relative": 0.0
}
}
},
"combined": {
"absolute": {
"2003": 0,
"2023": null,
"2004": 5,
"2005": 6,
"2006": 0,
"2009": 31,
"2010": 34,
"2011": 22,
"2012": 16,
"2013": 1,
"2014": 1,
"2015": 0
},
"relative": {
"2003": 0,
"2023": null,
"2004": 0.05183614780289636,
"2005": 0.025819843505067854,
"2006": 0.0,
"2009": 0.052253937699140385,
"2010": 0.0824951396472022,
"2011": 0.06099204160038714,
"2012": 0.055088851034661414,
"2013": 0.004813311385916963,
"2014": 0.007219241044654211,
"2015": 0.0
},
"sums": {
"absolute": 116,
"relative": 0.025974271979345317
}
},
"time": 1008.449223279953
}
