 
 
 
 
 
 
 
 
 
 
 
 
 
 
 
 
 
 
 
 
 
 
 
 
 
 
 
 
 
 
 
 
 
 
 
 
 
 
 
 
 
 
 
 
 
 
 
 
 
 
 
 
 
 
 
 
 
 
 
 
 
 
 
 
 
 
 
 
 
 
 
 
 
 
 
 
 
 
 
 
 
 
 
 
 
 
 
 
 
 
 
 
 
 
 
 
 
 
 
 
 
 
 
 
 
 
 
 
 
 
 
 
 
 
 
 
 
 
 
 
 
 
 
 
 
 
 
 
 
 
 
 
 
 
 
 
 
 
 
 
 
 
 
 
 
 
 
 
 
 
 
 
 
 
 
 
 
 
 
 
 
 
 
 
 
 
 
 
 
 
 
 
 
 
 
 
 
 
 
 
 
 
 
 
 
 
 
 
 
 
 
 
 
 
 
 
 
 
 
 
 
 
 
 
 
 
 
 
 
 
 
 
 
 
 
 
 
 
 
 
 
 
 
 
 
 
 
 
 
 
{
"corpora": {
"FAMILJELIV-ADOPTION": {
"absolute": {
"2003": 0,
"2023": null
},
"relative": {
"2003": 0,
"2023": null
},
"sums": {
"absolute": 0,
"relative": 0.0
}
},
"FAMILJELIV-ALLMANNA-EKONOMI": {
"absolute": {
"2003": 0,
"2023": null,
"2009": 4,
"2010": 1,
"2011": 0
},
"relative": {
"2003": 0,
"2023": null,
"2009": 0.5437157671455669,
"2010": 0.18564286360057675,
"2011": 0.0
},
"sums": {
"absolute": 5,
"relative": 0.7293586307461437
}
},
"FAMILJELIV-ALLMANNA-FAMILJELIV": {
"absolute": {
"2003": 0,
"2023": null,
"2009": 1,
"2010": 0,
"2011": 2,
"2012": 0
},
"relative": {
"2003": 0,
"2023": null,
"2009": 0.1307822254923591,
"2010": 0.0,
"2011": 1.0914117356229696,
"2012": 0.0
},
"sums": {
"absolute": 3,
"relative": 1.2221939611153287
}
},
"FAMILJELIV-ALLMANNA-FRITID": {
"absolute": {
"2004": 0,
"2023": null
},
"relative": {
"2004": 0,
"2023": null
},
"sums": {
"absolute": 0,
"relative": 0.0
}
},
"FAMILJELIV-ALLMANNA-HUSDJUR": {
"absolute": {
"2003": 0,
"2023": null,
"2006": 3,
"2007": 0,
"2009": 13,
"2010": 0,
"2011": 1,
"2012": 2,
"2013": 2,
"2014": 0
},
"relative": {
"2003": 0,
"2023": null,
"2006": 0.5001979950397032,
"2007": 0.0,
"2009": 2.0332969581721096,
"2010": 0.0,
"2011": 0.2467692963718991,
"2012": 0.7002315665790676,
"2013": 1.1295274283145418,
"2014": 0.0
},
"sums": {
"absolute": 21,
"relative": 4.610023244477321
}
},
"FAMILJELIV-ALLMANNA-HUSHEM": {
"absolute": {
"2004": 0,
"2023": null,
"2006": 2,
"2007": 0,
"2009": 3,
"2010": 0,
"2011": 3,
"2012": 0
},
"relative": {
"2004": 0,
"2023": null,
"2006": 0.20552135166460478,
"2007": 0.0,
"2009": 0.3243621256617798,
"2010": 0.0,
"2011": 0.6556113116553268,
"2012": 0.0
},
"sums": {
"absolute": 8,
"relative": 1.1854947889817113
}
},
"FAMILJELIV-ALLMANNA-KROPP": {
"absolute": {
"2003": 0,
"2023": null,
"2008": 2,
"2009": 2,
"2010": 0,
"2011": 2,
"2012": 0
},
"relative": {
"2003": 0,
"2023": null,
"2008": 0.12028448001229787,
"2009": 0.09971898690894127,
"2010": 0.0,
"2011": 0.1565870904122116,
"2012": 0.0
},
"sums": {
"absolute": 6,
"relative": 0.3765905573334507
}
},
"FAMILJELIV-ALLMANNA-NOJE": {
"absolute": {
"2003": 0,
"2023": null,
"2006": 1,
"2007": 0
},
"relative": {
"2003": 0,
"2023": null,
"2006": 0.07787547602358164,
"2007": 0.0
},
"sums": {
"absolute": 1,
"relative": 0.07787547602358164
}
},
"FAMILJELIV-ALLMANNA-SAMHALLE": {
"absolute": {
"2003": 0,
"2022": null,
"2006": 3,
"2007": 0,
"2009": 22,
"2010": 6,
"2011": 4,
"2012": 0
},
"relative": {
"2003": 0,
"2022": null,
"2006": 0.08911262362297233,
"2007": 0.0,
"2009": 0.5434862359393317,
"2010": 0.20034981745961175,
"2011": 0.12762033257348188,
"2012": 0.0
},
"sums": {
"absolute": 35,
"relative": 0.9605690095953976
}
},
"FAMILJELIV-ALLMANNA-SANDLADAN": {
"absolute": {
"2005": 0,
"2022": null,
"2009": 1,
"2010": 0,
"2012": 1,
"2013": 0
},
"relative": {
"2005": 0,
"2022": null,
"2009": 0.19733382272121366,
"2010": 0.0,
"2012": 0.23526328431779647,
"2013": 0.0
},
"sums": {
"absolute": 2,
"relative": 0.4325971070390101
}
},
"FAMILJELIV-ANGLARUM": {
"absolute": {
"2006": 0,
"2022": null
},
"relative": {
"2006": 0,
"2022": null
},
"sums": {
"absolute": 0,
"relative": 0.0
}
},
"FAMILJELIV-EXPERT": {
"absolute": {
"2009": 0,
"2023": null
},
"relative": {
"2009": 0,
"2023": null
},
"sums": {
"absolute": 0,
"relative": 0.0
}
},
"FAMILJELIV-FORALDER": {
"absolute": {
"2003": 0,
"2022": null,
"2005": 3,
"2006": 3,
"2007": 0,
"2009": 7,
"2010": 1,
"2011": 1,
"2012": 0,
"2014": 1,
"2015": 0
},
"relative": {
"2003": 0,
"2022": null,
"2005": 0.048919181240315836,
"2006": 0.030120836361648754,
"2007": 0.0,
"2009": 0.08642720503209808,
"2010": 0.016720798300404422,
"2011": 0.02040029624494195,
"2012": 0.0,
"2014": 0.10497900734790064,
"2015": 0.0
},
"sums": {
"absolute": 16,
"relative": 0.30756732452730967
}
},
"FAMILJELIV-GRAVID": {
"absolute": {
"2003": 0,
"2022": null,
"2007": 1,
"2008": 0,
"2010": 1,
"2011": 0
},
"relative": {
"2003": 0,
"2022": null,
"2007": 0.020734852288437224,
"2008": 0.0,
"2010": 0.027135458117492246,
"2011": 0.0
},
"sums": {
"absolute": 2,
"relative": 0.04787031040592947
}
},
"FAMILJELIV-KANSLIGA": {
"absolute": {
"2003": 0,
"2022": null,
"2006": 2,
"2007": 0,
"2009": 7,
"2010": 8,
"2011": 6,
"2012": 3,
"2013": 2,
"2014": 1,
"2015": 0
},
"relative": {
"2003": 0,
"2022": null,
"2006": 0.03860077516918671,
"2007": 0.0,
"2009": 0.07296640695420727,
"2010": 0.10467369897723067,
"2011": 0.06280100850464863,
"2012": 0.029495287552655357,
"2013": 0.022969915428905974,
"2014": 0.01737934645071948,
"2015": 0.0
},
"sums": {
"absolute": 29,
"relative": 0.34888643903755406
}
},
"FAMILJELIV-MEDLEM-ALLMANNA": {
"absolute": {
"2006": 1,
"2022": null,
"2007": 0,
"2011": 1,
"2012": 0
},
"relative": {
"2006": 0.04264120475048606,
"2022": null,
"2007": 0.0,
"2011": 0.09482055967645708,
"2012": 0.0
},
"sums": {
"absolute": 2,
"relative": 0.13746176442694313
}
},
"FAMILJELIV-MEDLEM-FORALDRAR": {
"absolute": {
"2006": 0,
"2022": null
},
"relative": {
"2006": 0,
"2022": null
},
"sums": {
"absolute": 0,
"relative": 0.0
}
},
"FAMILJELIV-MEDLEM-PLANERARBARN": {
"absolute": {
"2005": 0,
"2021": null
},
"relative": {
"2005": 0,
"2021": null
},
"sums": {
"absolute": 0,
"relative": 0.0
}
},
"FAMILJELIV-MEDLEM-VANTARBARN": {
"absolute": {
"2003": 0,
"2022": null
},
"relative": {
"2003": 0,
"2022": null
},
"sums": {
"absolute": 0,
"relative": 0.0
}
},
"FAMILJELIV-PAPPAGRUPP": {
"absolute": {
"2004": 0,
"2023": null
},
"relative": {
"2004": 0,
"2023": null
},
"sums": {
"absolute": 0,
"relative": 0.0
}
},
"FAMILJELIV-PLANERARBARN": {
"absolute": {
"2003": 0,
"2022": null,
"2009": 2,
"2010": 0
},
"relative": {
"2003": 0,
"2022": null,
"2009": 0.12691450531264117,
"2010": 0.0
},
"sums": {
"absolute": 2,
"relative": 0.12691450531264117
}
},
"FAMILJELIV-SEXSAMLEVNAD": {
"absolute": {
"2004": 0,
"2022": null,
"2011": 1,
"2012": 0
},
"relative": {
"2004": 0,
"2022": null,
"2011": 0.07232436552184669,
"2012": 0.0
},
"sums": {
"absolute": 1,
"relative": 0.07232436552184669
}
},
"FAMILJELIV-SVARTATTFABARN": {
"absolute": {
"2003": 0,
"2022": null
},
"relative": {
"2003": 0,
"2022": null
},
"sums": {
"absolute": 0,
"relative": 0.0
}
}
},
"combined": {
"absolute": {
"2003": 0,
"2023": null,
"2005": 3,
"2006": 15,
"2007": 1,
"2008": 2,
"2009": 62,
"2010": 17,
"2011": 21,
"2012": 6,
"2013": 4,
"2014": 2,
"2015": 0
},
"relative": {
"2003": 0,
"2023": null,
"2005": 0.012909921752533927,
"2006": 0.031973242130811194,
"2007": 0.0015749023337310682,
"2008": 0.003211603147055062,
"2009": 0.10450787539828077,
"2010": 0.0412475698236011,
"2011": 0.058219676073096825,
"2012": 0.02065831913799803,
"2013": 0.019253245543667852,
"2014": 0.014438482089308423,
"2015": 0.0
},
"sums": {
"absolute": 133,
"relative": 0.029780846321145922
}
},
"time": 1154.95179438591
}
