 
 
 
 
 
 
 
 
 
 
 
 
 
 
 
 
 
 
 
 
 
 
 
 
 
 
 
 
 
 
 
 
 
 
 
 
 
 
 
 
 
 
 
 
 
 
 
 
 
 
 
 
 
 
 
 
 
 
 
 
 
 
 
 
 
 
 
 
 
 
 
 
 
 
 
 
 
 
 
 
 
 
 
 
 
 
 
 
 
 
 
 
 
 
 
 
 
 
 
 
 
 
 
 
 
 
 
 
 
 
 
 
 
 
 
 
 
 
 
 
 
 
 
 
 
 
 
 
 
 
 
 
 
 
 
 
 
 
 
 
 
 
 
 
 
 
 
 
 
 
 
 
 
 
 
 
 
 
 
 
 
 
 
 
 
 
 
 
 
 
 
 
 
 
 
 
 
 
 
 
 
 
 
 
 
 
 
 
 
 
 
 
 
 
 
 
 
 
 
 
 
 
 
 
 
 
 
{
"corpora": {
"FAMILJELIV-ADOPTION": {
"absolute": {
"2003": 0,
"2023": null,
"2008": 1,
"2009": 0
},
"relative": {
"2003": 0,
"2023": null,
"2008": 0.3575366582335687,
"2009": 0.0
},
"sums": {
"absolute": 1,
"relative": 0.3575366582335687
}
},
"FAMILJELIV-ALLMANNA-EKONOMI": {
"absolute": {
"2003": 0,
"2023": null,
"2007": 2,
"2008": 10,
"2009": 5,
"2010": 4,
"2011": 0
},
"relative": {
"2003": 0,
"2023": null,
"2007": 0.3743226631410463,
"2008": 1.3170698041727933,
"2009": 0.6796447089319587,
"2010": 0.742571454402307,
"2011": 0.0
},
"sums": {
"absolute": 21,
"relative": 3.1136086306481054
}
},
"FAMILJELIV-ALLMANNA-FAMILJELIV": {
"absolute": {
"2003": 0,
"2023": null,
"2007": 16,
"2008": 19,
"2009": 5,
"2010": 1,
"2011": 0
},
"relative": {
"2003": 0,
"2023": null,
"2007": 1.5462391212413826,
"2008": 2.472421440110015,
"2009": 0.6539111274617956,
"2010": 0.15901476992789,
"2011": 0.0
},
"sums": {
"absolute": 41,
"relative": 4.831586458741084
}
},
"FAMILJELIV-ALLMANNA-FRITID": {
"absolute": {
"2004": 0,
"2023": null,
"2007": 2,
"2008": 3,
"2009": 5,
"2010": 36,
"2011": 6,
"2012": 1,
"2013": 0
},
"relative": {
"2004": 0,
"2023": null,
"2007": 0.3790106911335755,
"2008": 0.557343492838229,
"2009": 1.1636574871933676,
"2010": 12.038297838189226,
"2011": 2.350419314805761,
"2012": 0.6202115789780526,
"2013": 0.0
},
"sums": {
"absolute": 53,
"relative": 17.108940403138213
}
},
"FAMILJELIV-ALLMANNA-HUSDJUR": {
"absolute": {
"2003": 0,
"2023": null,
"2007": 2,
"2008": 0
},
"relative": {
"2003": 0,
"2023": null,
"2007": 0.22291861999107435,
"2008": 0.0
},
"sums": {
"absolute": 2,
"relative": 0.22291861999107435
}
},
"FAMILJELIV-ALLMANNA-HUSHEM": {
"absolute": {
"2004": 0,
"2023": null,
"2007": 48,
"2008": 44,
"2009": 13,
"2010": 1,
"2011": 2,
"2012": 3,
"2013": 0
},
"relative": {
"2004": 0,
"2023": null,
"2007": 3.8136325445867274,
"2008": 3.4663516908430254,
"2009": 1.405569211201046,
"2010": 0.18253871189732562,
"2011": 0.4370742077702179,
"2012": 0.8407675871763886,
"2013": 0.0
},
"sums": {
"absolute": 111,
"relative": 10.145933953474731
}
},
"FAMILJELIV-ALLMANNA-KROPP": {
"absolute": {
"2003": 0,
"2023": null,
"2007": 25,
"2008": 20,
"2009": 15,
"2010": 0,
"2012": 1,
"2013": 0
},
"relative": {
"2003": 0,
"2023": null,
"2007": 1.3732094310266016,
"2008": 1.2028448001229788,
"2009": 0.7478924018170594,
"2010": 0.0,
"2012": 0.10635464765556069,
"2013": 0.0
},
"sums": {
"absolute": 61,
"relative": 3.4303012806222006
}
},
"FAMILJELIV-ALLMANNA-NOJE": {
"absolute": {
"2003": 0,
"2023": null,
"2007": 47,
"2008": 51,
"2009": 23,
"2010": 1,
"2011": 2,
"2012": 1,
"2013": 0
},
"relative": {
"2003": 0,
"2023": null,
"2007": 3.6928712812786197,
"2008": 3.969880284757178,
"2009": 1.8440625435459335,
"2010": 0.16019774810025494,
"2011": 0.3006910180285314,
"2012": 0.22764129923084558,
"2013": 0.0
},
"sums": {
"absolute": 125,
"relative": 10.195344174941363
}
},
"FAMILJELIV-ALLMANNA-SAMHALLE": {
"absolute": {
"2003": 0,
"2022": null,
"2007": 60,
"2008": 22,
"2009": 22,
"2010": 12,
"2011": 0,
"2012": 9,
"2013": 0
},
"relative": {
"2003": 0,
"2022": null,
"2007": 1.5837709512439808,
"2008": 0.6244837364565089,
"2009": 0.5434862359393317,
"2010": 0.4006996349192235,
"2011": 0.0,
"2012": 0.38914701827339276,
"2013": 0.0
},
"sums": {
"absolute": 125,
"relative": 3.5415875768324376
}
},
"FAMILJELIV-ALLMANNA-SANDLADAN": {
"absolute": {
"2005": 0,
"2022": null,
"2008": 3,
"2009": 1,
"2010": 0
},
"relative": {
"2005": 0,
"2022": null,
"2008": 0.9201861229798081,
"2009": 0.19733382272121366,
"2010": 0.0
},
"sums": {
"absolute": 4,
"relative": 1.1175199457010216
}
},
"FAMILJELIV-ANGLARUM": {
"absolute": {
"2006": 0,
"2022": null,
"2007": 1,
"2008": 0
},
"relative": {
"2006": 0,
"2022": null,
"2007": 0.21857684615468684,
"2008": 0.0
},
"sums": {
"absolute": 1,
"relative": 0.21857684615468684
}
},
"FAMILJELIV-EXPERT": {
"absolute": {
"2009": 0,
"2023": null
},
"relative": {
"2009": 0,
"2023": null
},
"sums": {
"absolute": 0,
"relative": 0.0
}
},
"FAMILJELIV-FORALDER": {
"absolute": {
"2003": 0,
"2022": null,
"2007": 8,
"2008": 5,
"2009": 5,
"2010": 8,
"2011": 0,
"2012": 6,
"2013": 0
},
"relative": {
"2003": 0,
"2022": null,
"2007": 0.09330990710357243,
"2008": 0.056554929546526855,
"2009": 0.06173371788007006,
"2010": 0.13376638640323538,
"2011": 0.0,
"2012": 0.21277840724723254,
"2013": 0.0
},
"sums": {
"absolute": 32,
"relative": 0.5581433481806373
}
},
"FAMILJELIV-GRAVID": {
"absolute": {
"2003": 0,
"2022": null,
"2007": 7,
"2008": 2,
"2009": 27,
"2010": 3,
"2011": 0,
"2012": 1,
"2013": 0
},
"relative": {
"2003": 0,
"2022": null,
"2007": 0.14514396601906054,
"2008": 0.04279534576649396,
"2009": 0.5293451087394446,
"2010": 0.08140637435247673,
"2011": 0.0,
"2012": 0.024236870033153373,
"2013": 0.0
},
"sums": {
"absolute": 40,
"relative": 0.8229276649106292
}
},
"FAMILJELIV-KANSLIGA": {
"absolute": {
"2003": 0,
"2022": null,
"2007": 5,
"2008": 7,
"2009": 0,
"2010": 1,
"2011": 0,
"2012": 4,
"2013": 0
},
"relative": {
"2003": 0,
"2022": null,
"2007": 0.060767525445489766,
"2008": 0.08156622153532588,
"2009": 0.0,
"2010": 0.013084212372153833,
"2011": 0.0,
"2012": 0.03932705007020714,
"2013": 0.0
},
"sums": {
"absolute": 17,
"relative": 0.19474500942317663
}
},
"FAMILJELIV-MEDLEM-ALLMANNA": {
"absolute": {
"2006": 0,
"2022": null,
"2007": 5,
"2008": 0
},
"relative": {
"2006": 0,
"2022": null,
"2007": 0.06804206442072967,
"2008": 0.0
},
"sums": {
"absolute": 5,
"relative": 0.06804206442072967
}
},
"FAMILJELIV-MEDLEM-FORALDRAR": {
"absolute": {
"2006": 0,
"2022": null,
"2010": 4,
"2011": 0
},
"relative": {
"2006": 0,
"2022": null,
"2010": 0.13266428523219317,
"2011": 0.0
},
"sums": {
"absolute": 4,
"relative": 0.13266428523219317
}
},
"FAMILJELIV-MEDLEM-PLANERARBARN": {
"absolute": {
"2005": 0,
"2021": null
},
"relative": {
"2005": 0,
"2021": null
},
"sums": {
"absolute": 0,
"relative": 0.0
}
},
"FAMILJELIV-MEDLEM-VANTARBARN": {
"absolute": {
"2003": 0,
"2022": null
},
"relative": {
"2003": 0,
"2022": null
},
"sums": {
"absolute": 0,
"relative": 0.0
}
},
"FAMILJELIV-PAPPAGRUPP": {
"absolute": {
"2004": 0,
"2023": null
},
"relative": {
"2004": 0,
"2023": null
},
"sums": {
"absolute": 0,
"relative": 0.0
}
},
"FAMILJELIV-PLANERARBARN": {
"absolute": {
"2003": 0,
"2022": null,
"2007": 1,
"2008": 1,
"2009": 3,
"2010": 0
},
"relative": {
"2003": 0,
"2022": null,
"2007": 0.08107392466383913,
"2008": 0.08642119877437456,
"2009": 0.19037175796896177,
"2010": 0.0
},
"sums": {
"absolute": 5,
"relative": 0.3578668814071755
}
},
"FAMILJELIV-SEXSAMLEVNAD": {
"absolute": {
"2004": 0,
"2022": null,
"2007": 6,
"2008": 0
},
"relative": {
"2004": 0,
"2022": null,
"2007": 0.47162062208332123,
"2008": 0.0
},
"sums": {
"absolute": 6,
"relative": 0.47162062208332123
}
},
"FAMILJELIV-SVARTATTFABARN": {
"absolute": {
"2003": 0,
"2022": null
},
"relative": {
"2003": 0,
"2022": null
},
"sums": {
"absolute": 0,
"relative": 0.0
}
}
},
"combined": {
"absolute": {
"2003": 0,
"2023": null,
"2007": 235,
"2008": 188,
"2009": 124,
"2010": 71,
"2011": 10,
"2012": 26,
"2013": 0
},
"relative": {
"2003": 0,
"2023": null,
"2007": 0.370102048426801,
"2008": 0.3018906958231759,
"2009": 0.20901575079656154,
"2010": 0.17226926220445166,
"2011": 0.02772365527290325,
"2012": 0.0895193829313248,
"2013": 0.0
},
"sums": {
"absolute": 654,
"relative": 0.1464411540904469
}
},
"time": 1039.2462997436523
}
