 
 
 
 
 
 
 
 
 
 
 
 
 
 
 
 
 
 
 
 
 
 
 
 
 
 
 
 
 
 
 
 
 
 
 
 
 
 
 
 
 
 
 
 
 
 
 
 
 
 
 
 
 
 
 
 
 
 
 
 
 
 
 
 
 
 
 
 
 
 
 
 
 
 
 
 
 
 
 
 
 
 
 
 
 
 
 
 
 
 
 
 
 
 
 
 
 
 
 
 
 
 
 
 
 
 
 
 
 
 
 
 
 
 
 
 
 
 
 
 
 
 
 
 
 
 
 
 
 
 
 
 
 
 
 
 
 
 
 
 
 
 
 
 
 
 
 
 
 
 
 
 
 
 
 
 
 
 
 
 
 
 
 
 
 
 
 
 
 
 
 
 
 
 
 
 
 
 
 
 
 
 
 
 
 
 
 
 
 
 
 
 
 
 
 
 
{
"corpora": {
"FAMILJELIV-ADOPTION": {
"absolute": {
"2003": 0,
"2023": null
},
"relative": {
"2003": 0,
"2023": null
},
"sums": {
"absolute": 0,
"relative": 0.0
}
},
"FAMILJELIV-ALLMANNA-EKONOMI": {
"absolute": {
"2003": 0,
"2023": null,
"2011": 1,
"2012": 0
},
"relative": {
"2003": 0,
"2023": null,
"2011": 0.24423925090844792,
"2012": 0.0
},
"sums": {
"absolute": 1,
"relative": 0.24423925090844792
}
},
"FAMILJELIV-ALLMANNA-FAMILJELIV": {
"absolute": {
"2003": 0,
"2023": null,
"2006": 1,
"2007": 0
},
"relative": {
"2003": 0,
"2023": null,
"2006": 0.06687073832784637,
"2007": 0.0
},
"sums": {
"absolute": 1,
"relative": 0.06687073832784637
}
},
"FAMILJELIV-ALLMANNA-FRITID": {
"absolute": {
"2004": 0,
"2023": null
},
"relative": {
"2004": 0,
"2023": null
},
"sums": {
"absolute": 0,
"relative": 0.0
}
},
"FAMILJELIV-ALLMANNA-HUSDJUR": {
"absolute": {
"2003": 0,
"2023": null
},
"relative": {
"2003": 0,
"2023": null
},
"sums": {
"absolute": 0,
"relative": 0.0
}
},
"FAMILJELIV-ALLMANNA-HUSHEM": {
"absolute": {
"2004": 0,
"2023": null
},
"relative": {
"2004": 0,
"2023": null
},
"sums": {
"absolute": 0,
"relative": 0.0
}
},
"FAMILJELIV-ALLMANNA-KROPP": {
"absolute": {
"2003": 0,
"2023": null,
"2011": 1,
"2012": 0
},
"relative": {
"2003": 0,
"2023": null,
"2011": 0.0782935452061058,
"2012": 0.0
},
"sums": {
"absolute": 1,
"relative": 0.0782935452061058
}
},
"FAMILJELIV-ALLMANNA-NOJE": {
"absolute": {
"2003": 0,
"2023": null,
"2006": 4,
"2007": 0,
"2008": 1,
"2009": 1,
"2010": 1,
"2011": 0
},
"relative": {
"2003": 0,
"2023": null,
"2006": 0.31150190409432654,
"2007": 0.0,
"2008": 0.07784078989719956,
"2009": 0.08017663232808406,
"2010": 0.16019774810025494,
"2011": 0.0
},
"sums": {
"absolute": 7,
"relative": 0.629717074419865
}
},
"FAMILJELIV-ALLMANNA-SAMHALLE": {
"absolute": {
"2003": 0,
"2022": null,
"2006": 3,
"2007": 3,
"2008": 1,
"2009": 1,
"2010": 2,
"2011": 3,
"2012": 1,
"2013": 0
},
"relative": {
"2003": 0,
"2022": null,
"2006": 0.08911262362297233,
"2007": 0.07918854756219904,
"2008": 0.02838562438438677,
"2009": 0.02470391981542417,
"2010": 0.06678327248653723,
"2011": 0.09571524943011141,
"2012": 0.04323855758593253,
"2013": 0.0
},
"sums": {
"absolute": 14,
"relative": 0.4271277948875634
}
},
"FAMILJELIV-ALLMANNA-SANDLADAN": {
"absolute": {
"2005": 0,
"2022": null
},
"relative": {
"2005": 0,
"2022": null
},
"sums": {
"absolute": 0,
"relative": 0.0
}
},
"FAMILJELIV-ANGLARUM": {
"absolute": {
"2006": 0,
"2022": null
},
"relative": {
"2006": 0,
"2022": null
},
"sums": {
"absolute": 0,
"relative": 0.0
}
},
"FAMILJELIV-EXPERT": {
"absolute": {
"2009": 0,
"2023": null
},
"relative": {
"2009": 0,
"2023": null
},
"sums": {
"absolute": 0,
"relative": 0.0
}
},
"FAMILJELIV-FORALDER": {
"absolute": {
"2003": 0,
"2022": null,
"2005": 1,
"2006": 4,
"2007": 13,
"2008": 38,
"2009": 26,
"2010": 2,
"2011": 2,
"2012": 4,
"2013": 0
},
"relative": {
"2003": 0,
"2022": null,
"2005": 0.01630639374677195,
"2006": 0.04016111514886501,
"2007": 0.1516285990433052,
"2008": 0.4298174645536041,
"2009": 0.3210153329763643,
"2010": 0.033441596600808844,
"2011": 0.0408005924898839,
"2012": 0.14185227149815502,
"2013": 0.0
},
"sums": {
"absolute": 90,
"relative": 1.1750233660577583
}
},
"FAMILJELIV-GRAVID": {
"absolute": {
"2003": 0,
"2022": null,
"2006": 1,
"2007": 1,
"2008": 0
},
"relative": {
"2003": 0,
"2022": null,
"2006": 0.01976043046912151,
"2007": 0.020734852288437224,
"2008": 0.0
},
"sums": {
"absolute": 2,
"relative": 0.04049528275755873
}
},
"FAMILJELIV-KANSLIGA": {
"absolute": {
"2003": 0,
"2022": null,
"2010": 2,
"2011": 1,
"2012": 2,
"2013": 0
},
"relative": {
"2003": 0,
"2022": null,
"2010": 0.026168424744307667,
"2011": 0.010466834750774773,
"2012": 0.01966352503510357,
"2013": 0.0
},
"sums": {
"absolute": 5,
"relative": 0.05629878453018601
}
},
"FAMILJELIV-MEDLEM-ALLMANNA": {
"absolute": {
"2006": 0,
"2022": null,
"2007": 3,
"2008": 1,
"2009": 0
},
"relative": {
"2006": 0,
"2022": null,
"2007": 0.0408252386524378,
"2008": 0.013925047014091854,
"2009": 0.0
},
"sums": {
"absolute": 4,
"relative": 0.054750285666529654
}
},
"FAMILJELIV-MEDLEM-FORALDRAR": {
"absolute": {
"2006": 0,
"2022": null,
"2008": 1,
"2009": 0
},
"relative": {
"2006": 0,
"2022": null,
"2008": 0.01237642388281487,
"2009": 0.0
},
"sums": {
"absolute": 1,
"relative": 0.01237642388281487
}
},
"FAMILJELIV-MEDLEM-PLANERARBARN": {
"absolute": {
"2005": 0,
"2021": null
},
"relative": {
"2005": 0,
"2021": null
},
"sums": {
"absolute": 0,
"relative": 0.0
}
},
"FAMILJELIV-MEDLEM-VANTARBARN": {
"absolute": {
"2003": 0,
"2022": null,
"2007": 1,
"2008": 0
},
"relative": {
"2003": 0,
"2022": null,
"2007": 0.017699676734874083,
"2008": 0.0
},
"sums": {
"absolute": 1,
"relative": 0.017699676734874083
}
},
"FAMILJELIV-PAPPAGRUPP": {
"absolute": {
"2004": 0,
"2023": null
},
"relative": {
"2004": 0,
"2023": null
},
"sums": {
"absolute": 0,
"relative": 0.0
}
},
"FAMILJELIV-PLANERARBARN": {
"absolute": {
"2003": 0,
"2022": null
},
"relative": {
"2003": 0,
"2022": null
},
"sums": {
"absolute": 0,
"relative": 0.0
}
},
"FAMILJELIV-SEXSAMLEVNAD": {
"absolute": {
"2004": 0,
"2022": null
},
"relative": {
"2004": 0,
"2022": null
},
"sums": {
"absolute": 0,
"relative": 0.0
}
},
"FAMILJELIV-SVARTATTFABARN": {
"absolute": {
"2003": 0,
"2022": null
},
"relative": {
"2003": 0,
"2022": null
},
"sums": {
"absolute": 0,
"relative": 0.0
}
}
},
"combined": {
"absolute": {
"2003": 0,
"2023": null,
"2005": 1,
"2006": 13,
"2007": 21,
"2008": 42,
"2009": 28,
"2010": 7,
"2011": 8,
"2012": 7,
"2013": 0
},
"relative": {
"2003": 0,
"2023": null,
"2005": 0.004303307250844642,
"2006": 0.027710143180036367,
"2007": 0.03307294900835243,
"2008": 0.06744366608815631,
"2009": 0.04719710501857842,
"2010": 0.016984293456776926,
"2011": 0.0221789242183226,
"2012": 0.024101372327664367,
"2013": 0.0
},
"sums": {
"absolute": 127,
"relative": 0.028437349494628065
}
},
"time": 983.5292806625366
}
