{
"corpora": {
"FAMILJELIV-ADOPTION": {
"absolute": {
"2003": 0,
"2023": null
},
"relative": {
"2003": 0,
"2023": null
},
"sums": {
"absolute": 0,
"relative": 0.0
}
},
"FAMILJELIV-ALLMANNA-EKONOMI": {
"absolute": {
"2003": 0,
"2023": null,
"2004": 2,
"2005": 1,
"2006": 0,
"2007": 2,
"2008": 0
},
"relative": {
"2003": 0,
"2023": null,
"2004": 2.8306960681631614,
"2005": 0.5859837377793091,
"2006": 0.0,
"2007": 0.3743226631410463,
"2008": 0.0
},
"sums": {
"absolute": 5,
"relative": 3.7910024690835167
}
},
"FAMILJELIV-ALLMANNA-FAMILJELIV": {
"absolute": {
"2003": 0,
"2023": null,
"2005": 1,
"2006": 0,
"2010": 1,
"2011": 0
},
"relative": {
"2003": 0,
"2023": null,
"2005": 0.12097184912487756,
"2006": 0.0,
"2010": 0.15901476992789,
"2011": 0.0
},
"sums": {
"absolute": 2,
"relative": 0.27998661905276756
}
},
"FAMILJELIV-ALLMANNA-FRITID": {
"absolute": {
"2004": 1,
"2023": null,
"2005": 0,
"2009": 1,
"2010": 0
},
"relative": {
"2004": 2.1114954032745072,
"2023": null,
"2005": 0.0,
"2009": 0.23273149743867352,
"2010": 0.0
},
"sums": {
"absolute": 2,
"relative": 2.344226900713181
}
},
"FAMILJELIV-ALLMANNA-HUSDJUR": {
"absolute": {
"2003": 0,
"2023": null,
"2004": 1,
"2005": 1,
"2006": 0,
"2007": 1,
"2008": 0
},
"relative": {
"2003": 0,
"2023": null,
"2004": 1.1428911030499191,
"2005": 0.3987824374619412,
"2006": 0.0,
"2007": 0.11145930999553717,
"2008": 0.0
},
"sums": {
"absolute": 3,
"relative": 1.6531328505073977
}
},
"FAMILJELIV-ALLMANNA-HUSHEM": {
"absolute": {
"2004": 0,
"2023": null,
"2007": 2,
"2008": 1,
"2009": 1,
"2010": 0
},
"relative": {
"2004": 0,
"2023": null,
"2007": 0.158901356024447,
"2008": 0.07878072024643239,
"2009": 0.10812070855392661,
"2010": 0.0
},
"sums": {
"absolute": 4,
"relative": 0.345802784824806
}
},
"FAMILJELIV-ALLMANNA-KROPP": {
"absolute": {
"2003": 0,
"2023": null,
"2004": 1,
"2005": 0,
"2007": 1,
"2008": 0,
"2010": 1,
"2011": 0
},
"relative": {
"2003": 0,
"2023": null,
"2004": 0.38153434801121405,
"2005": 0.0,
"2007": 0.05492837724106406,
"2008": 0.0,
"2010": 0.07919659803093498,
"2011": 0.0
},
"sums": {
"absolute": 3,
"relative": 0.5156593232832132
}
},
"FAMILJELIV-ALLMANNA-NOJE": {
"absolute": {
"2003": 0,
"2023": null,
"2004": 4,
"2005": 1,
"2006": 0,
"2007": 1,
"2008": 0,
"2009": 1,
"2010": 0,
"2011": 1,
"2012": 0
},
"relative": {
"2003": 0,
"2023": null,
"2004": 0.9432903287272467,
"2005": 0.0969204684205007,
"2006": 0.0,
"2007": 0.0785717293889068,
"2008": 0.0,
"2009": 0.08017663232808406,
"2010": 0.0,
"2011": 0.1503455090142657,
"2012": 0.0
},
"sums": {
"absolute": 8,
"relative": 1.3493046678790042
}
},
"FAMILJELIV-ALLMANNA-SAMHALLE": {
"absolute": {
"2003": 0,
"2022": null,
"2006": 1,
"2007": 0,
"2008": 1,
"2009": 1,
"2010": 0
},
"relative": {
"2003": 0,
"2022": null,
"2006": 0.02970420787432411,
"2007": 0.0,
"2008": 0.02838562438438677,
"2009": 0.02470391981542417,
"2010": 0.0
},
"sums": {
"absolute": 3,
"relative": 0.08279375207413506
}
},
"FAMILJELIV-ALLMANNA-SANDLADAN": {
"absolute": {
"2005": 0,
"2022": null
},
"relative": {
"2005": 0,
"2022": null
},
"sums": {
"absolute": 0,
"relative": 0.0
}
},
"FAMILJELIV-ANGLARUM": {
"absolute": {
"2006": 0,
"2022": null
},
"relative": {
"2006": 0,
"2022": null
},
"sums": {
"absolute": 0,
"relative": 0.0
}
},
"FAMILJELIV-EXPERT": {
"absolute": {
"2009": 0,
"2023": null
},
"relative": {
"2009": 0,
"2023": null
},
"sums": {
"absolute": 0,
"relative": 0.0
}
},
"FAMILJELIV-FORALDER": {
"absolute": {
"2003": 0,
"2022": null,
"2006": 4,
"2007": 4,
"2008": 4,
"2009": 1,
"2010": 2,
"2011": 0
},
"relative": {
"2003": 0,
"2022": null,
"2006": 0.04016111514886501,
"2007": 0.04665495355178621,
"2008": 0.04524394363722148,
"2009": 0.012346743576014011,
"2010": 0.033441596600808844,
"2011": 0.0
},
"sums": {
"absolute": 15,
"relative": 0.17784835251469555
}
},
"FAMILJELIV-GRAVID": {
"absolute": {
"2003": 0,
"2022": null,
"2006": 5,
"2007": 2,
"2008": 4,
"2009": 0,
"2012": 1,
"2013": 0
},
"relative": {
"2003": 0,
"2022": null,
"2006": 0.09880215234560756,
"2007": 0.04146970457687445,
"2008": 0.08559069153298791,
"2009": 0.0,
"2012": 0.024236870033153373,
"2013": 0.0
},
"sums": {
"absolute": 12,
"relative": 0.2500994184886233
}
},
"FAMILJELIV-KANSLIGA": {
"absolute": {
"2003": 0,
"2022": null,
"2004": 4,
"2005": 0,
"2008": 1,
"2009": 1,
"2010": 0,
"2011": 1,
"2012": 0
},
"relative": {
"2003": 0,
"2022": null,
"2004": 0.3860080571461768,
"2005": 0.0,
"2008": 0.011652317362189411,
"2009": 0.010423772422029609,
"2010": 0.0,
"2011": 0.010466834750774773,
"2012": 0.0
},
"sums": {
"absolute": 7,
"relative": 0.4185509816811706
}
},
"FAMILJELIV-MEDLEM-ALLMANNA": {
"absolute": {
"2006": 0,
"2022": null,
"2008": 2,
"2009": 0
},
"relative": {
"2006": 0,
"2022": null,
"2008": 0.027850094028183708,
"2009": 0.0
},
"sums": {
"absolute": 2,
"relative": 0.027850094028183708
}
},
"FAMILJELIV-MEDLEM-FORALDRAR": {
"absolute": {
"2006": 2,
"2022": null,
"2007": 5,
"2008": 6,
"2009": 3,
"2010": 0
},
"relative": {
"2006": 0.09639512128867939,
"2022": null,
"2007": 0.062462804961215715,
"2008": 0.07425854329688922,
"2009": 0.048989616111979294,
"2010": 0.0
},
"sums": {
"absolute": 16,
"relative": 0.2821060856587636
}
},
"FAMILJELIV-MEDLEM-PLANERARBARN": {
"absolute": {
"2005": 0,
"2021": null
},
"relative": {
"2005": 0,
"2021": null
},
"sums": {
"absolute": 0,
"relative": 0.0
}
},
"FAMILJELIV-MEDLEM-VANTARBARN": {
"absolute": {
"2003": 0,
"2022": null,
"2007": 1,
"2008": 0
},
"relative": {
"2003": 0,
"2022": null,
"2007": 0.017699676734874083,
"2008": 0.0
},
"sums": {
"absolute": 1,
"relative": 0.017699676734874083
}
},
"FAMILJELIV-PAPPAGRUPP": {
"absolute": {
"2004": 0,
"2023": null
},
"relative": {
"2004": 0,
"2023": null
},
"sums": {
"absolute": 0,
"relative": 0.0
}
},
"FAMILJELIV-PLANERARBARN": {
"absolute": {
"2003": 0,
"2022": null,
"2005": 1,
"2006": 0
},
"relative": {
"2003": 0,
"2022": null,
"2005": 0.04432984882989591,
"2006": 0.0
},
"sums": {
"absolute": 1,
"relative": 0.04432984882989591
}
},
"FAMILJELIV-SEXSAMLEVNAD": {
"absolute": {
"2004": 0,
"2022": null,
"2006": 1,
"2007": 0
},
"relative": {
"2004": 0,
"2022": null,
"2006": 0.1431589218644331,
"2007": 0.0
},
"sums": {
"absolute": 1,
"relative": 0.1431589218644331
}
},
"FAMILJELIV-SVARTATTFABARN": {
"absolute": {
"2003": 0,
"2022": null
},
"relative": {
"2003": 0,
"2022": null
},
"sums": {
"absolute": 0,
"relative": 0.0
}
}
},
"combined": {
"absolute": {
"2003": 0,
"2023": null,
"2004": 13,
"2005": 5,
"2006": 13,
"2007": 19,
"2008": 19,
"2009": 9,
"2010": 4,
"2011": 2,
"2012": 1,
"2013": 0
},
"relative": {
"2003": 0,
"2023": null,
"2004": 0.13477398428753057,
"2005": 0.02151653625422321,
"2006": 0.027710143180036367,
"2007": 0.02992314434089029,
"2008": 0.030510229897023095,
"2009": 0.015170498041685918,
"2010": 0.00970531054672967,
"2011": 0.00554473105458065,
"2012": 0.0034430531896663384,
"2013": 0.0
},
"sums": {
"absolute": 85,
"relative": 0.019032871709003033
}
},
"time": 4.474628686904907
}
