 
 
 
 
 
 
 
 
 
 
 
 
 
 
 
 
 
 
 
 
 
 
 
 
 
 
 
 
 
 
 
 
 
 
 
 
 
 
 
 
 
 
 
 
 
 
 
 
 
 
 
 
 
 
 
 
 
 
 
 
 
 
 
 
 
 
 
 
 
 
 
 
 
 
 
 
 
 
 
 
 
 
 
 
 
 
 
 
 
 
 
 
 
 
 
 
 
 
 
 
 
 
 
 
 
 
 
 
 
 
 
 
 
 
 
 
 
 
 
 
 
 
 
 
 
 
 
 
 
 
 
 
 
 
 
 
 
 
 
 
 
 
 
 
 
 
 
 
 
 
 
 
 
 
 
 
 
 
 
 
 
 
 
 
 
 
 
 
 
 
 
 
 
 
 
 
 
 
 
 
 
 
 
 
 
 
 
 
 
 
 
 
 
 
 
{
"corpora": {
"FAMILJELIV-ADOPTION": {
"absolute": {
"2003": 0,
"2023": null
},
"relative": {
"2003": 0,
"2023": null
},
"sums": {
"absolute": 0,
"relative": 0.0
}
},
"FAMILJELIV-ALLMANNA-EKONOMI": {
"absolute": {
"2003": 0,
"2023": null
},
"relative": {
"2003": 0,
"2023": null
},
"sums": {
"absolute": 0,
"relative": 0.0
}
},
"FAMILJELIV-ALLMANNA-FAMILJELIV": {
"absolute": {
"2003": 0,
"2023": null,
"2006": 1,
"2007": 0
},
"relative": {
"2003": 0,
"2023": null,
"2006": 0.06687073832784637,
"2007": 0.0
},
"sums": {
"absolute": 1,
"relative": 0.06687073832784637
}
},
"FAMILJELIV-ALLMANNA-FRITID": {
"absolute": {
"2004": 0,
"2023": null,
"2005": 1,
"2006": 0,
"2007": 1,
"2008": 0
},
"relative": {
"2004": 0,
"2023": null,
"2005": 0.6648246591443973,
"2006": 0.0,
"2007": 0.18950534556678775,
"2008": 0.0
},
"sums": {
"absolute": 2,
"relative": 0.854330004711185
}
},
"FAMILJELIV-ALLMANNA-HUSDJUR": {
"absolute": {
"2003": 0,
"2023": null,
"2006": 1,
"2007": 0
},
"relative": {
"2003": 0,
"2023": null,
"2006": 0.16673266501323442,
"2007": 0.0
},
"sums": {
"absolute": 1,
"relative": 0.16673266501323442
}
},
"FAMILJELIV-ALLMANNA-HUSHEM": {
"absolute": {
"2004": 0,
"2023": null
},
"relative": {
"2004": 0,
"2023": null
},
"sums": {
"absolute": 0,
"relative": 0.0
}
},
"FAMILJELIV-ALLMANNA-KROPP": {
"absolute": {
"2003": 0,
"2023": null,
"2007": 1,
"2008": 1,
"2009": 0
},
"relative": {
"2003": 0,
"2023": null,
"2007": 0.05492837724106406,
"2008": 0.060142240006148935,
"2009": 0.0
},
"sums": {
"absolute": 2,
"relative": 0.11507061724721299
}
},
"FAMILJELIV-ALLMANNA-NOJE": {
"absolute": {
"2003": 0,
"2023": null
},
"relative": {
"2003": 0,
"2023": null
},
"sums": {
"absolute": 0,
"relative": 0.0
}
},
"FAMILJELIV-ALLMANNA-SAMHALLE": {
"absolute": {
"2003": 0,
"2022": null,
"2006": 94,
"2007": 4,
"2008": 24,
"2009": 6,
"2010": 0
},
"relative": {
"2003": 0,
"2022": null,
"2006": 2.792195540186466,
"2007": 0.10558473008293205,
"2008": 0.6812549852252825,
"2009": 0.14822351889254504,
"2010": 0.0
},
"sums": {
"absolute": 128,
"relative": 3.727258774387226
}
},
"FAMILJELIV-ALLMANNA-SANDLADAN": {
"absolute": {
"2005": 0,
"2022": null,
"2006": 3,
"2007": 2,
"2008": 0
},
"relative": {
"2005": 0,
"2022": null,
"2006": 0.4684193252325936,
"2007": 0.2966127271478803,
"2008": 0.0
},
"sums": {
"absolute": 5,
"relative": 0.7650320523804739
}
},
"FAMILJELIV-ANGLARUM": {
"absolute": {
"2006": 5,
"2022": null,
"2007": 20,
"2008": 72,
"2009": 4,
"2010": 0
},
"relative": {
"2006": 6.669138694075937,
"2022": null,
"2007": 4.371536923093736,
"2008": 10.398215550675776,
"2009": 1.0214212463790617,
"2010": 0.0
},
"sums": {
"absolute": 101,
"relative": 22.46031241422451
}
},
"FAMILJELIV-EXPERT": {
"absolute": {
"2009": 0,
"2023": null
},
"relative": {
"2009": 0,
"2023": null
},
"sums": {
"absolute": 0,
"relative": 0.0
}
},
"FAMILJELIV-FORALDER": {
"absolute": {
"2003": 0,
"2022": null,
"2005": 4,
"2006": 2,
"2007": 0,
"2010": 42,
"2011": 0
},
"relative": {
"2003": 0,
"2022": null,
"2005": 0.0652255749870878,
"2006": 0.020080557574432504,
"2007": 0.0,
"2010": 0.7022735286169858,
"2011": 0.0
},
"sums": {
"absolute": 48,
"relative": 0.7875796611785061
}
},
"FAMILJELIV-GRAVID": {
"absolute": {
"2003": 0,
"2022": null,
"2005": 1,
"2006": 35,
"2007": 48,
"2008": 15,
"2009": 27,
"2010": 5,
"2011": 0
},
"relative": {
"2003": 0,
"2022": null,
"2005": 0.025245629880485166,
"2006": 0.691615066419253,
"2007": 0.9952729098449866,
"2008": 0.3209650932487047,
"2009": 0.5293451087394446,
"2010": 0.13567729058746122,
"2011": 0.0
},
"sums": {
"absolute": 131,
"relative": 2.698121098720335
}
},
"FAMILJELIV-KANSLIGA": {
"absolute": {
"2003": 0,
"2022": null,
"2005": 189,
"2006": 149,
"2007": 30,
"2008": 68,
"2009": 20,
"2010": 0
},
"relative": {
"2003": 0,
"2022": null,
"2005": 9.396706111453586,
"2006": 2.8757577501044103,
"2007": 0.3646051526729386,
"2008": 0.7923575806288801,
"2009": 0.20847544844059218,
"2010": 0.0
},
"sums": {
"absolute": 456,
"relative": 13.637902043300407
}
},
"FAMILJELIV-MEDLEM-ALLMANNA": {
"absolute": {
"2006": 0,
"2022": null,
"2007": 46,
"2008": 260,
"2009": 0
},
"relative": {
"2006": 0,
"2022": null,
"2007": 0.6259869926707129,
"2008": 3.6205122236638823,
"2009": 0.0
},
"sums": {
"absolute": 306,
"relative": 4.246499216334595
}
},
"FAMILJELIV-MEDLEM-FORALDRAR": {
"absolute": {
"2006": 0,
"2022": null
},
"relative": {
"2006": 0,
"2022": null
},
"sums": {
"absolute": 0,
"relative": 0.0
}
},
"FAMILJELIV-MEDLEM-PLANERARBARN": {
"absolute": {
"2005": 0,
"2021": null,
"2009": 39,
"2010": 8,
"2011": 0
},
"relative": {
"2005": 0,
"2021": null,
"2009": 1.6754614070353053,
"2010": 0.40222428015806005,
"2011": 0.0
},
"sums": {
"absolute": 47,
"relative": 2.0776856871933655
}
},
"FAMILJELIV-MEDLEM-VANTARBARN": {
"absolute": {
"2003": 0,
"2023": null,
"2010": 20,
"2011": 0
},
"relative": {
"2003": 0,
"2023": null,
"2010": 0.45826822773905374,
"2011": 0.0
},
"sums": {
"absolute": 20,
"relative": 0.45826822773905374
}
},
"FAMILJELIV-PAPPAGRUPP": {
"absolute": {
"2004": 0,
"2023": null
},
"relative": {
"2004": 0,
"2023": null
},
"sums": {
"absolute": 0,
"relative": 0.0
}
},
"FAMILJELIV-PLANERARBARN": {
"absolute": {
"2003": 0,
"2022": null,
"2006": 1,
"2007": 0,
"2008": 6,
"2009": 0
},
"relative": {
"2003": 0,
"2022": null,
"2006": 0.04429419067515154,
"2007": 0.0,
"2008": 0.5185271926462474,
"2009": 0.0
},
"sums": {
"absolute": 7,
"relative": 0.5628213833213989
}
},
"FAMILJELIV-SEXSAMLEVNAD": {
"absolute": {
"2004": 0,
"2022": null,
"2006": 3,
"2007": 0
},
"relative": {
"2004": 0,
"2022": null,
"2006": 0.4294767655932992,
"2007": 0.0
},
"sums": {
"absolute": 3,
"relative": 0.4294767655932992
}
},
"FAMILJELIV-SVARTATTFABARN": {
"absolute": {
"2003": 0,
"2022": null,
"2005": 15,
"2006": 4,
"2007": 0,
"2009": 1,
"2010": 0
},
"relative": {
"2003": 0,
"2022": null,
"2005": 1.3272475787464837,
"2006": 0.19279710962429192,
"2007": 0.0,
"2009": 0.0491941457785864,
"2010": 0.0
},
"sums": {
"absolute": 20,
"relative": 1.5692388341493622
}
}
},
"combined": {
"absolute": {
"2003": 0,
"2023": null,
"2005": 210,
"2006": 298,
"2007": 152,
"2008": 446,
"2009": 97,
"2010": 75,
"2011": 0
},
"relative": {
"2003": 0,
"2023": null,
"2005": 0.9036938382358595,
"2006": 0.6352014092365311,
"2007": 0.23938511250220704,
"2008": 0.7161869486172429,
"2009": 0.1635042382060006,
"2010": 0.18199792473347695,
"2011": 0.0
},
"sums": {
"absolute": 1278,
"relative": 0.2861672221472125
}
},
"time": 975.559798002243
}
