 
 
 
 
 
 
 
 
 
 
 
 
 
 
 
 
 
 
 
 
 
 
 
 
 
 
 
 
 
 
 
 
 
 
 
 
 
 
 
 
 
 
 
 
 
 
 
 
 
 
 
 
 
 
 
 
 
 
 
 
 
 
 
 
 
 
 
 
 
 
 
 
 
 
 
 
 
 
 
 
 
 
 
 
 
 
 
 
 
 
 
 
 
 
 
 
 
 
 
 
 
 
 
 
 
 
 
 
 
 
 
 
 
 
 
 
 
 
 
 
 
 
 
 
 
 
 
 
 
 
 
 
 
 
 
 
 
 
 
 
 
 
 
 
 
 
 
 
 
 
 
 
 
 
 
 
 
 
 
 
 
 
 
 
 
 
 
 
 
 
 
 
 
 
 
 
 
 
 
 
 
 
 
 
 
 
 
 
 
 
 
 
 
 
 
 
 
 
 
 
 
 
 
 
 
 
 
 
 
{
"corpora": {
"FAMILJELIV-ADOPTION": {
"absolute": {
"2003": 0,
"2023": null
},
"relative": {
"2003": 0,
"2023": null
},
"sums": {
"absolute": 0,
"relative": 0.0
}
},
"FAMILJELIV-ALLMANNA-EKONOMI": {
"absolute": {
"2003": 0,
"2023": null,
"2005": 1,
"2006": 1,
"2007": 0,
"2008": 1,
"2009": 0
},
"relative": {
"2003": 0,
"2023": null,
"2005": 0.5859837377793091,
"2006": 0.2721177290142808,
"2007": 0.0,
"2008": 0.13170698041727932,
"2009": 0.0
},
"sums": {
"absolute": 3,
"relative": 0.9898084472108692
}
},
"FAMILJELIV-ALLMANNA-FAMILJELIV": {
"absolute": {
"2003": 0,
"2023": null,
"2006": 2,
"2007": 0
},
"relative": {
"2003": 0,
"2023": null,
"2006": 0.13374147665569275,
"2007": 0.0
},
"sums": {
"absolute": 2,
"relative": 0.13374147665569275
}
},
"FAMILJELIV-ALLMANNA-FRITID": {
"absolute": {
"2004": 0,
"2023": null,
"2006": 1,
"2007": 0,
"2008": 1,
"2009": 0
},
"relative": {
"2004": 0,
"2023": null,
"2006": 0.22040165556907598,
"2007": 0.0,
"2008": 0.18578116427940966,
"2009": 0.0
},
"sums": {
"absolute": 2,
"relative": 0.40618281984848564
}
},
"FAMILJELIV-ALLMANNA-HUSDJUR": {
"absolute": {
"2003": 0,
"2023": null
},
"relative": {
"2003": 0,
"2023": null
},
"sums": {
"absolute": 0,
"relative": 0.0
}
},
"FAMILJELIV-ALLMANNA-HUSHEM": {
"absolute": {
"2004": 0,
"2023": null
},
"relative": {
"2004": 0,
"2023": null
},
"sums": {
"absolute": 0,
"relative": 0.0
}
},
"FAMILJELIV-ALLMANNA-KROPP": {
"absolute": {
"2003": 0,
"2023": null,
"2006": 2,
"2007": 0,
"2009": 1,
"2010": 0
},
"relative": {
"2003": 0,
"2023": null,
"2006": 0.10770046475981557,
"2007": 0.0,
"2009": 0.04985949345447063,
"2010": 0.0
},
"sums": {
"absolute": 3,
"relative": 0.1575599582142862
}
},
"FAMILJELIV-ALLMANNA-NOJE": {
"absolute": {
"2003": 0,
"2023": null,
"2005": 1,
"2006": 0,
"2007": 3,
"2008": 0,
"2009": 1,
"2010": 0
},
"relative": {
"2003": 0,
"2023": null,
"2005": 0.0969204684205007,
"2006": 0.0,
"2007": 0.2357151881667204,
"2008": 0.0,
"2009": 0.08017663232808406,
"2010": 0.0
},
"sums": {
"absolute": 5,
"relative": 0.4128122889153052
}
},
"FAMILJELIV-ALLMANNA-SAMHALLE": {
"absolute": {
"2003": 0,
"2022": null,
"2006": 2,
"2007": 1,
"2008": 0
},
"relative": {
"2003": 0,
"2022": null,
"2006": 0.05940841574864822,
"2007": 0.026396182520733013,
"2008": 0.0
},
"sums": {
"absolute": 3,
"relative": 0.08580459826938124
}
},
"FAMILJELIV-ALLMANNA-SANDLADAN": {
"absolute": {
"2005": 0,
"2022": null
},
"relative": {
"2005": 0,
"2022": null
},
"sums": {
"absolute": 0,
"relative": 0.0
}
},
"FAMILJELIV-ANGLARUM": {
"absolute": {
"2006": 0,
"2022": null
},
"relative": {
"2006": 0,
"2022": null
},
"sums": {
"absolute": 0,
"relative": 0.0
}
},
"FAMILJELIV-EXPERT": {
"absolute": {
"2009": 0,
"2023": null
},
"relative": {
"2009": 0,
"2023": null
},
"sums": {
"absolute": 0,
"relative": 0.0
}
},
"FAMILJELIV-FORALDER": {
"absolute": {
"2003": 0,
"2022": null,
"2004": 2,
"2005": 0,
"2006": 3,
"2007": 3,
"2008": 2,
"2009": 0
},
"relative": {
"2003": 0,
"2022": null,
"2004": 0.12359145903919505,
"2005": 0.0,
"2006": 0.030120836361648754,
"2007": 0.034991215163839656,
"2008": 0.02262197181861074,
"2009": 0.0
},
"sums": {
"absolute": 10,
"relative": 0.21132548238329418
}
},
"FAMILJELIV-GRAVID": {
"absolute": {
"2003": 6,
"2022": null,
"2004": 2,
"2005": 1,
"2006": 1,
"2007": 0,
"2010": 2,
"2011": 0
},
"relative": {
"2003": 2.5958046605076874,
"2022": null,
"2004": 0.07716548933993489,
"2005": 0.025245629880485166,
"2006": 0.01976043046912151,
"2007": 0.0,
"2010": 0.05427091623498449,
"2011": 0.0
},
"sums": {
"absolute": 12,
"relative": 2.7722471264322133
}
},
"FAMILJELIV-KANSLIGA": {
"absolute": {
"2003": 0,
"2022": null
},
"relative": {
"2003": 0,
"2022": null
},
"sums": {
"absolute": 0,
"relative": 0.0
}
},
"FAMILJELIV-MEDLEM-ALLMANNA": {
"absolute": {
"2006": 2,
"2022": null,
"2007": 2,
"2008": 0
},
"relative": {
"2006": 0.08528240950097211,
"2022": null,
"2007": 0.027216825768291868,
"2008": 0.0
},
"sums": {
"absolute": 4,
"relative": 0.11249923526926398
}
},
"FAMILJELIV-MEDLEM-FORALDRAR": {
"absolute": {
"2006": 0,
"2022": null,
"2011": 1,
"2012": 0
},
"relative": {
"2006": 0,
"2022": null,
"2011": 0.11554687875527356,
"2012": 0.0
},
"sums": {
"absolute": 1,
"relative": 0.11554687875527356
}
},
"FAMILJELIV-MEDLEM-PLANERARBARN": {
"absolute": {
"2005": 0,
"2021": null
},
"relative": {
"2005": 0,
"2021": null
},
"sums": {
"absolute": 0,
"relative": 0.0
}
},
"FAMILJELIV-MEDLEM-VANTARBARN": {
"absolute": {
"2003": 0,
"2023": null,
"2005": 1,
"2006": 0,
"2010": 1,
"2011": 0
},
"relative": {
"2003": 0,
"2023": null,
"2005": 0.04823590677041117,
"2006": 0.0,
"2010": 0.022913411386952687,
"2011": 0.0
},
"sums": {
"absolute": 2,
"relative": 0.07114931815736386
}
},
"FAMILJELIV-PAPPAGRUPP": {
"absolute": {
"2004": 0,
"2023": null
},
"relative": {
"2004": 0,
"2023": null
},
"sums": {
"absolute": 0,
"relative": 0.0
}
},
"FAMILJELIV-PLANERARBARN": {
"absolute": {
"2003": 1,
"2022": null,
"2004": 0
},
"relative": {
"2003": 0.49515907728096265,
"2022": null,
"2004": 0.0
},
"sums": {
"absolute": 1,
"relative": 0.49515907728096265
}
},
"FAMILJELIV-SEXSAMLEVNAD": {
"absolute": {
"2004": 0,
"2022": null
},
"relative": {
"2004": 0,
"2022": null
},
"sums": {
"absolute": 0,
"relative": 0.0
}
},
"FAMILJELIV-SVARTATTFABARN": {
"absolute": {
"2003": 0,
"2022": null
},
"relative": {
"2003": 0,
"2022": null
},
"sums": {
"absolute": 0,
"relative": 0.0
}
}
},
"combined": {
"absolute": {
"2003": 7,
"2023": null,
"2004": 4,
"2005": 4,
"2006": 14,
"2007": 9,
"2008": 4,
"2009": 2,
"2010": 3,
"2011": 1,
"2012": 0
},
"relative": {
"2003": 1.0227245000813066,
"2023": null,
"2004": 0.04146891824231709,
"2005": 0.017213215966397324,
"2006": 0.029841676943998103,
"2007": 0.014174118503420154,
"2008": 0.0064232013328900705,
"2009": 0.003371221406309291,
"2010": 0.0072799169893390785,
"2011": 0.0027723665034140167,
"2012": 0.0
},
"sums": {
"absolute": 48,
"relative": 0.010748064681585448
}
},
"time": 1047.291387796402
}
