 
 
 
 
 
 
 
 
 
 
 
 
 
 
 
 
 
 
 
 
 
 
 
 
 
 
 
 
 
 
 
 
 
 
 
 
 
 
 
 
 
 
 
 
 
 
 
 
 
 
 
 
 
 
 
 
 
 
 
 
 
 
 
 
 
 
 
 
 
 
 
 
 
 
 
 
 
 
 
 
 
 
 
 
 
 
 
 
 
 
 
 
 
 
 
 
 
 
 
 
 
 
 
 
 
 
 
 
 
 
 
 
 
 
 
 
 
 
 
 
 
 
 
 
 
 
 
 
 
 
 
 
 
 
 
 
 
 
 
 
 
 
 
 
 
 
 
 
 
 
 
 
 
 
 
 
 
 
 
 
 
 
 
 
 
 
 
 
 
 
 
 
 
 
 
 
 
 
 
 
 
 
 
 
 
 
 
 
 
 
 
 
 
 
 
 
 
 
 
{
"corpora": {
"FAMILJELIV-ADOPTION": {
"absolute": {
"2003": 0,
"2023": null
},
"relative": {
"2003": 0,
"2023": null
},
"sums": {
"absolute": 0,
"relative": 0.0
}
},
"FAMILJELIV-ALLMANNA-EKONOMI": {
"absolute": {
"2003": 0,
"2023": null,
"2006": 1,
"2007": 0,
"2008": 4,
"2009": 0
},
"relative": {
"2003": 0,
"2023": null,
"2006": 0.2721177290142808,
"2007": 0.0,
"2008": 0.5268279216691173,
"2009": 0.0
},
"sums": {
"absolute": 5,
"relative": 0.7989456506833981
}
},
"FAMILJELIV-ALLMANNA-FAMILJELIV": {
"absolute": {
"2003": 0,
"2023": null,
"2006": 13,
"2007": 1,
"2008": 18,
"2009": 0,
"2011": 1,
"2012": 7,
"2013": 0
},
"relative": {
"2003": 0,
"2023": null,
"2006": 0.8693195982620028,
"2007": 0.09663994507758641,
"2008": 2.3422939958936984,
"2009": 0.0,
"2011": 0.5457058678114848,
"2012": 5.4982256440385875,
"2013": 0.0
},
"sums": {
"absolute": 40,
"relative": 9.35218505108336
}
},
"FAMILJELIV-ALLMANNA-FRITID": {
"absolute": {
"2004": 0,
"2023": null,
"2006": 1,
"2007": 0
},
"relative": {
"2004": 0,
"2023": null,
"2006": 0.22040165556907598,
"2007": 0.0
},
"sums": {
"absolute": 1,
"relative": 0.22040165556907598
}
},
"FAMILJELIV-ALLMANNA-HUSDJUR": {
"absolute": {
"2003": 0,
"2023": null,
"2005": 7,
"2006": 2,
"2007": 0
},
"relative": {
"2003": 0,
"2023": null,
"2005": 2.7914770622335885,
"2006": 0.33346533002646883,
"2007": 0.0
},
"sums": {
"absolute": 9,
"relative": 3.124942392260057
}
},
"FAMILJELIV-ALLMANNA-HUSHEM": {
"absolute": {
"2004": 0,
"2023": null,
"2006": 1,
"2007": 1,
"2008": 1,
"2009": 0
},
"relative": {
"2004": 0,
"2023": null,
"2006": 0.10276067583230239,
"2007": 0.0794506780122235,
"2008": 0.07878072024643239,
"2009": 0.0
},
"sums": {
"absolute": 3,
"relative": 0.26099207409095826
}
},
"FAMILJELIV-ALLMANNA-KROPP": {
"absolute": {
"2003": 0,
"2023": null,
"2005": 2,
"2006": 7,
"2007": 0,
"2008": 2,
"2009": 0,
"2012": 1,
"2013": 0
},
"relative": {
"2003": 0,
"2023": null,
"2005": 0.24497375106257366,
"2006": 0.3769516266593545,
"2007": 0.0,
"2008": 0.12028448001229787,
"2009": 0.0,
"2012": 0.10635464765556069,
"2013": 0.0
},
"sums": {
"absolute": 12,
"relative": 0.8485645053897867
}
},
"FAMILJELIV-ALLMANNA-NOJE": {
"absolute": {
"2003": 0,
"2023": null,
"2005": 1,
"2006": 5,
"2007": 7,
"2008": 4,
"2009": 3,
"2010": 0
},
"relative": {
"2003": 0,
"2023": null,
"2005": 0.0969204684205007,
"2006": 0.3893773801179081,
"2007": 0.5500021057223476,
"2008": 0.31136315958879823,
"2009": 0.24052989698425217,
"2010": 0.0
},
"sums": {
"absolute": 20,
"relative": 1.588193010833807
}
},
"FAMILJELIV-ALLMANNA-SAMHALLE": {
"absolute": {
"2003": 0,
"2022": null,
"2006": 26,
"2007": 6,
"2008": 4,
"2009": 2,
"2010": 0,
"2011": 1,
"2012": 0
},
"relative": {
"2003": 0,
"2022": null,
"2006": 0.7723094047324268,
"2007": 0.15837709512439807,
"2008": 0.11354249753754708,
"2009": 0.04940783963084834,
"2010": 0.0,
"2011": 0.03190508314337047,
"2012": 0.0
},
"sums": {
"absolute": 39,
"relative": 1.1255419201685908
}
},
"FAMILJELIV-ALLMANNA-SANDLADAN": {
"absolute": {
"2005": 0,
"2022": null,
"2006": 6,
"2007": 5,
"2008": 0,
"2009": 1,
"2010": 0,
"2011": 2,
"2012": 2,
"2013": 0
},
"relative": {
"2005": 0,
"2022": null,
"2006": 0.9368386504651872,
"2007": 0.7415318178697007,
"2008": 0.0,
"2009": 0.19733382272121366,
"2010": 0.0,
"2011": 0.38179582246646976,
"2012": 0.47052656863559295,
"2013": 0.0
},
"sums": {
"absolute": 16,
"relative": 2.728026682158164
}
},
"FAMILJELIV-ANGLARUM": {
"absolute": {
"2006": 0,
"2022": null
},
"relative": {
"2006": 0,
"2022": null
},
"sums": {
"absolute": 0,
"relative": 0.0
}
},
"FAMILJELIV-EXPERT": {
"absolute": {
"2009": 0,
"2023": null
},
"relative": {
"2009": 0,
"2023": null
},
"sums": {
"absolute": 0,
"relative": 0.0
}
},
"FAMILJELIV-FORALDER": {
"absolute": {
"2003": 0,
"2022": null,
"2005": 4,
"2006": 29,
"2007": 0,
"2008": 16,
"2009": 7,
"2010": 4,
"2011": 0,
"2012": 3,
"2013": 0
},
"relative": {
"2003": 0,
"2022": null,
"2005": 0.0652255749870878,
"2006": 0.29116808482927126,
"2007": 0.0,
"2008": 0.18097577454888591,
"2009": 0.08642720503209808,
"2010": 0.06688319320161769,
"2011": 0.0,
"2012": 0.10638920362361627,
"2013": 0.0
},
"sums": {
"absolute": 63,
"relative": 0.7970690362225771
}
},
"FAMILJELIV-GRAVID": {
"absolute": {
"2003": 0,
"2022": null,
"2005": 1,
"2006": 3,
"2007": 11,
"2008": 3,
"2009": 12,
"2010": 1,
"2011": 0
},
"relative": {
"2003": 0,
"2022": null,
"2005": 0.025245629880485166,
"2006": 0.05928129140736453,
"2007": 0.22808337517280944,
"2008": 0.06419301864974093,
"2009": 0.23526449277308648,
"2010": 0.027135458117492246,
"2011": 0.0
},
"sums": {
"absolute": 31,
"relative": 0.6392032660009788
}
},
"FAMILJELIV-KANSLIGA": {
"absolute": {
"2003": 0,
"2022": null,
"2005": 1,
"2006": 17,
"2007": 8,
"2008": 8,
"2009": 1,
"2010": 2,
"2011": 1,
"2012": 7,
"2013": 0
},
"relative": {
"2003": 0,
"2022": null,
"2005": 0.04971802175372267,
"2006": 0.3281065889380871,
"2007": 0.09722804071278363,
"2008": 0.09321853889751529,
"2009": 0.010423772422029609,
"2010": 0.026168424744307667,
"2011": 0.010466834750774773,
"2012": 0.0688223376228625,
"2013": 0.0
},
"sums": {
"absolute": 45,
"relative": 0.6841525598420832
}
},
"FAMILJELIV-MEDLEM-ALLMANNA": {
"absolute": {
"2006": 0,
"2022": null,
"2007": 2,
"2008": 3,
"2009": 0
},
"relative": {
"2006": 0,
"2022": null,
"2007": 0.027216825768291868,
"2008": 0.04177514104227557,
"2009": 0.0
},
"sums": {
"absolute": 5,
"relative": 0.06899196681056743
}
},
"FAMILJELIV-MEDLEM-FORALDRAR": {
"absolute": {
"2006": 0,
"2022": null,
"2007": 1,
"2008": 23,
"2009": 3,
"2010": 0
},
"relative": {
"2006": 0,
"2022": null,
"2007": 0.012492560992243143,
"2008": 0.284657749304742,
"2009": 0.048989616111979294,
"2010": 0.0
},
"sums": {
"absolute": 27,
"relative": 0.34613992640896446
}
},
"FAMILJELIV-MEDLEM-PLANERARBARN": {
"absolute": {
"2005": 0,
"2021": null,
"2006": 1,
"2007": 4,
"2008": 0
},
"relative": {
"2005": 0,
"2021": null,
"2006": 0.05870706150844507,
"2007": 0.10518652397588756,
"2008": 0.0
},
"sums": {
"absolute": 5,
"relative": 0.16389358548433264
}
},
"FAMILJELIV-MEDLEM-VANTARBARN": {
"absolute": {
"2003": 0,
"2022": null,
"2006": 1,
"2007": 19,
"2008": 0,
"2009": 1,
"2010": 0
},
"relative": {
"2003": 0,
"2022": null,
"2006": 0.02345924433692082,
"2007": 0.3362938579626075,
"2008": 0.0,
"2009": 0.022249087253444513,
"2010": 0.0
},
"sums": {
"absolute": 21,
"relative": 0.3820021895529728
}
},
"FAMILJELIV-PAPPAGRUPP": {
"absolute": {
"2004": 0,
"2023": null
},
"relative": {
"2004": 0,
"2023": null
},
"sums": {
"absolute": 0,
"relative": 0.0
}
},
"FAMILJELIV-PLANERARBARN": {
"absolute": {
"2003": 0,
"2022": null,
"2005": 2,
"2006": 3,
"2007": 0,
"2008": 1,
"2009": 0
},
"relative": {
"2003": 0,
"2022": null,
"2005": 0.08865969765979181,
"2006": 0.13288257202545464,
"2007": 0.0,
"2008": 0.08642119877437456,
"2009": 0.0
},
"sums": {
"absolute": 6,
"relative": 0.307963468459621
}
},
"FAMILJELIV-SEXSAMLEVNAD": {
"absolute": {
"2004": 0,
"2022": null
},
"relative": {
"2004": 0,
"2022": null
},
"sums": {
"absolute": 0,
"relative": 0.0
}
},
"FAMILJELIV-SVARTATTFABARN": {
"absolute": {
"2003": 0,
"2022": null
},
"relative": {
"2003": 0,
"2022": null
},
"sums": {
"absolute": 0,
"relative": 0.0
}
}
},
"combined": {
"absolute": {
"2003": 0,
"2023": null,
"2005": 18,
"2006": 116,
"2007": 65,
"2008": 87,
"2009": 30,
"2010": 7,
"2011": 5,
"2012": 20,
"2013": 0
},
"relative": {
"2003": 0,
"2023": null,
"2005": 0.07745953051520356,
"2006": 0.2472597391449399,
"2007": 0.10236865169251942,
"2008": 0.13970473689689522,
"2009": 0.050568326805619734,
"2010": 0.016984293456776926,
"2011": 0.013861827636451624,
"2012": 0.06886106379332677,
"2013": 0.0
},
"sums": {
"absolute": 348,
"relative": 0.07792282900672196
}
},
"time": 996.7502300739288
}
