 
 
 
 
 
 
 
 
 
 
 
 
 
 
 
 
 
 
 
 
 
 
 
 
 
 
 
 
 
 
 
 
 
 
 
 
 
 
 
 
 
 
 
 
 
 
 
 
 
 
 
 
 
 
 
 
 
 
 
 
 
 
 
 
 
 
 
 
 
 
 
 
 
 
 
 
 
 
 
 
 
 
 
 
 
 
 
 
 
 
 
 
 
 
 
 
 
 
 
 
 
 
 
 
 
 
 
 
 
 
 
 
 
 
 
 
 
 
 
 
 
 
 
 
 
 
 
 
 
 
 
 
 
 
 
 
 
 
 
 
 
 
 
 
 
 
 
 
 
 
 
 
 
 
 
 
 
 
 
 
 
 
 
 
 
 
 
 
 
 
 
 
 
 
 
 
 
 
 
 
 
 
 
 
 
 
 
 
 
 
 
 
 
 
 
 
 
 
{
"corpora": {
"FAMILJELIV-ADOPTION": {
"absolute": {
"2003": 0,
"2023": null,
"2008": 1,
"2009": 0
},
"relative": {
"2003": 0,
"2023": null,
"2008": 0.3575366582335687,
"2009": 0.0
},
"sums": {
"absolute": 1,
"relative": 0.3575366582335687
}
},
"FAMILJELIV-ALLMANNA-EKONOMI": {
"absolute": {
"2003": 0,
"2023": null,
"2008": 2,
"2009": 4,
"2010": 1,
"2011": 0
},
"relative": {
"2003": 0,
"2023": null,
"2008": 0.26341396083455865,
"2009": 0.5437157671455669,
"2010": 0.18564286360057675,
"2011": 0.0
},
"sums": {
"absolute": 7,
"relative": 0.9927725915807022
}
},
"FAMILJELIV-ALLMANNA-FAMILJELIV": {
"absolute": {
"2003": 0,
"2023": null,
"2008": 27,
"2009": 11,
"2010": 15,
"2011": 5,
"2012": 0
},
"relative": {
"2003": 0,
"2023": null,
"2008": 3.5134409938405478,
"2009": 1.4386044804159501,
"2010": 2.3852215489183495,
"2011": 2.7285293390574243,
"2012": 0.0
},
"sums": {
"absolute": 58,
"relative": 10.065796362232271
}
},
"FAMILJELIV-ALLMANNA-FRITID": {
"absolute": {
"2004": 0,
"2023": null,
"2007": 5,
"2008": 20,
"2009": 15,
"2010": 2,
"2011": 0
},
"relative": {
"2004": 0,
"2023": null,
"2007": 0.9475267278339388,
"2008": 3.7156232855881934,
"2009": 3.4909724615801023,
"2010": 0.6687943243438458,
"2011": 0.0
},
"sums": {
"absolute": 42,
"relative": 8.822916799346082
}
},
"FAMILJELIV-ALLMANNA-HUSDJUR": {
"absolute": {
"2003": 0,
"2023": null,
"2007": 6,
"2008": 194,
"2009": 22,
"2010": 5,
"2011": 0
},
"relative": {
"2003": 0,
"2023": null,
"2007": 0.668755859973223,
"2008": 25.779435929995806,
"2009": 3.4409640830604933,
"2010": 1.2068482361792343,
"2011": 0.0
},
"sums": {
"absolute": 227,
"relative": 31.096004109208756
}
},
"FAMILJELIV-ALLMANNA-HUSHEM": {
"absolute": {
"2004": 0,
"2023": null,
"2008": 64,
"2009": 7,
"2010": 1,
"2011": 0
},
"relative": {
"2004": 0,
"2023": null,
"2008": 5.041966095771673,
"2009": 0.7568449598774862,
"2010": 0.18253871189732562,
"2011": 0.0
},
"sums": {
"absolute": 72,
"relative": 5.981349767546485
}
},
"FAMILJELIV-ALLMANNA-KROPP": {
"absolute": {
"2003": 0,
"2023": null,
"2007": 4,
"2008": 153,
"2009": 54,
"2010": 7,
"2011": 2,
"2012": 0
},
"relative": {
"2003": 0,
"2023": null,
"2007": 0.21971350896425623,
"2008": 9.201762720940788,
"2009": 2.6924126465414138,
"2010": 0.5543761862165448,
"2011": 0.1565870904122116,
"2012": 0.0
},
"sums": {
"absolute": 220,
"relative": 12.824852153075215
}
},
"FAMILJELIV-ALLMANNA-NOJE": {
"absolute": {
"2003": 0,
"2023": null,
"2008": 407,
"2009": 271,
"2010": 12,
"2011": 2,
"2012": 4,
"2013": 1,
"2014": 1,
"2015": 0
},
"relative": {
"2003": 0,
"2023": null,
"2008": 31.68120148816022,
"2009": 21.72786736091078,
"2010": 1.9223729772030593,
"2011": 0.3006910180285314,
"2012": 0.9105651969233823,
"2013": 0.39935639723022376,
"2014": 0.6518467143340441,
"2015": 0.0
},
"sums": {
"absolute": 698,
"relative": 57.59390115279023
}
},
"FAMILJELIV-ALLMANNA-SAMHALLE": {
"absolute": {
"2003": 0,
"2022": null,
"2007": 6,
"2008": 694,
"2009": 163,
"2010": 30,
"2011": 3,
"2012": 0
},
"relative": {
"2003": 0,
"2022": null,
"2007": 0.15837709512439807,
"2008": 19.699623322764417,
"2009": 4.026738929914139,
"2010": 1.0017490872980586,
"2011": 0.09571524943011141,
"2012": 0.0
},
"sums": {
"absolute": 896,
"relative": 24.98220368453112
}
},
"FAMILJELIV-ALLMANNA-SANDLADAN": {
"absolute": {
"2005": 0,
"2022": null,
"2008": 8,
"2009": 1,
"2010": 0
},
"relative": {
"2005": 0,
"2022": null,
"2008": 2.4538296612794883,
"2009": 0.19733382272121366,
"2010": 0.0
},
"sums": {
"absolute": 9,
"relative": 2.651163484000702
}
},
"FAMILJELIV-ANGLARUM": {
"absolute": {
"2006": 0,
"2022": null,
"2008": 10,
"2009": 0
},
"relative": {
"2006": 0,
"2022": null,
"2008": 1.4441966042605243,
"2009": 0.0
},
"sums": {
"absolute": 10,
"relative": 1.4441966042605243
}
},
"FAMILJELIV-EXPERT": {
"absolute": {
"2009": 0,
"2023": null
},
"relative": {
"2009": 0,
"2023": null
},
"sums": {
"absolute": 0,
"relative": 0.0
}
},
"FAMILJELIV-FORALDER": {
"absolute": {
"2003": 0,
"2022": null,
"2007": 118,
"2008": 854,
"2009": 72,
"2010": 0
},
"relative": {
"2003": 0,
"2022": null,
"2007": 1.3763211297776934,
"2008": 9.659581966546787,
"2009": 0.8889655374730089,
"2010": 0.0
},
"sums": {
"absolute": 1044,
"relative": 11.92486863379749
}
},
"FAMILJELIV-GRAVID": {
"absolute": {
"2003": 0,
"2022": null,
"2007": 9,
"2008": 47,
"2009": 2,
"2010": 2,
"2011": 0
},
"relative": {
"2003": 0,
"2022": null,
"2007": 0.186613670595935,
"2008": 1.005690625512608,
"2009": 0.039210748795514415,
"2010": 0.05427091623498449,
"2011": 0.0
},
"sums": {
"absolute": 60,
"relative": 1.2857859611390419
}
},
"FAMILJELIV-KANSLIGA": {
"absolute": {
"2003": 0,
"2022": null,
"2007": 30,
"2008": 800,
"2009": 166,
"2010": 64,
"2011": 0,
"2012": 16,
"2013": 2,
"2014": 0
},
"relative": {
"2003": 0,
"2022": null,
"2007": 0.3646051526729386,
"2008": 9.321853889751528,
"2009": 1.730346222056915,
"2010": 0.8373895918178453,
"2011": 0.0,
"2012": 0.15730820028082856,
"2013": 0.022969915428905974,
"2014": 0.0
},
"sums": {
"absolute": 1078,
"relative": 12.434472972008964
}
},
"FAMILJELIV-MEDLEM-ALLMANNA": {
"absolute": {
"2006": 0,
"2022": null,
"2007": 1,
"2008": 12,
"2009": 81,
"2010": 266,
"2011": 38,
"2012": 0
},
"relative": {
"2006": 0,
"2022": null,
"2007": 0.013608412884145934,
"2008": 0.16710056416910227,
"2009": 1.2417931652746677,
"2010": 9.248829214701036,
"2011": 3.6031812677053687,
"2012": 0.0
},
"sums": {
"absolute": 398,
"relative": 14.27451262473432
}
},
"FAMILJELIV-MEDLEM-FORALDRAR": {
"absolute": {
"2006": 0,
"2022": null
},
"relative": {
"2006": 0,
"2022": null
},
"sums": {
"absolute": 0,
"relative": 0.0
}
},
"FAMILJELIV-MEDLEM-PLANERARBARN": {
"absolute": {
"2005": 0,
"2021": null
},
"relative": {
"2005": 0,
"2021": null
},
"sums": {
"absolute": 0,
"relative": 0.0
}
},
"FAMILJELIV-MEDLEM-VANTARBARN": {
"absolute": {
"2003": 0,
"2022": null
},
"relative": {
"2003": 0,
"2022": null
},
"sums": {
"absolute": 0,
"relative": 0.0
}
},
"FAMILJELIV-PAPPAGRUPP": {
"absolute": {
"2004": 0,
"2023": null
},
"relative": {
"2004": 0,
"2023": null
},
"sums": {
"absolute": 0,
"relative": 0.0
}
},
"FAMILJELIV-PLANERARBARN": {
"absolute": {
"2003": 0,
"2022": null,
"2008": 8,
"2009": 0
},
"relative": {
"2003": 0,
"2022": null,
"2008": 0.6913695901949964,
"2009": 0.0
},
"sums": {
"absolute": 8,
"relative": 0.6913695901949964
}
},
"FAMILJELIV-SEXSAMLEVNAD": {
"absolute": {
"2004": 0,
"2022": null,
"2007": 39,
"2008": 77,
"2009": 0
},
"relative": {
"2004": 0,
"2022": null,
"2007": 3.0655340435415876,
"2008": 5.32637722302752,
"2009": 0.0
},
"sums": {
"absolute": 116,
"relative": 8.391911266569107
}
},
"FAMILJELIV-SVARTATTFABARN": {
"absolute": {
"2003": 0,
"2022": null,
"2008": 29,
"2009": 0
},
"relative": {
"2003": 0,
"2022": null,
"2008": 1.0686622497013365,
"2009": 0.0
},
"sums": {
"absolute": 29,
"relative": 1.0686622497013365
}
}
},
"combined": {
"absolute": {
"2003": 0,
"2023": null,
"2007": 218,
"2008": 3407,
"2009": 869,
"2010": 405,
"2011": 50,
"2012": 20,
"2013": 3,
"2014": 1,
"2015": 0
},
"relative": {
"2003": 0,
"2023": null,
"2007": 0.34332870875337285,
"2008": 5.470965961008298,
"2009": 1.4647958664694514,
"2010": 0.9826626928563792,
"2011": 0.13861827636451624,
"2012": 0.06886106379332677,
"2013": 0.01443993415775089,
"2014": 0.007219241044654211,
"2015": 0.0
},
"sums": {
"absolute": 4973,
"relative": 1.1135351398000812
}
},
"time": 994.5665171146393
}
