 
 
 
 
 
 
 
 
 
 
 
 
 
 
 
 
 
 
 
 
 
 
 
 
 
 
 
 
 
 
 
 
 
 
 
 
 
 
 
 
 
 
 
 
 
 
 
 
 
 
 
 
 
 
 
 
 
 
 
 
 
 
 
 
 
 
 
 
 
 
 
 
 
 
 
 
 
 
 
 
 
 
 
 
 
 
 
 
 
 
 
 
 
 
 
 
 
 
 
 
 
 
 
 
 
 
 
 
 
 
 
 
 
 
 
 
 
 
 
 
 
 
 
 
 
 
 
 
 
 
 
 
 
 
 
 
 
 
 
 
 
 
 
 
 
 
 
 
 
 
 
 
 
 
 
 
 
 
 
 
 
 
 
 
 
 
 
 
 
 
 
 
 
 
 
 
 
 
 
 
 
 
 
 
 
 
 
 
 
 
 
 
 
{
"corpora": {
"FAMILJELIV-ADOPTION": {
"absolute": {
"2003": 0,
"2023": null
},
"relative": {
"2003": 0,
"2023": null
},
"sums": {
"absolute": 0,
"relative": 0.0
}
},
"FAMILJELIV-ALLMANNA-EKONOMI": {
"absolute": {
"2003": 0,
"2023": null,
"2008": 2,
"2009": 1,
"2010": 0
},
"relative": {
"2003": 0,
"2023": null,
"2008": 0.26341396083455865,
"2009": 0.13592894178639173,
"2010": 0.0
},
"sums": {
"absolute": 3,
"relative": 0.3993429026209504
}
},
"FAMILJELIV-ALLMANNA-FAMILJELIV": {
"absolute": {
"2003": 0,
"2023": null,
"2008": 2,
"2009": 0
},
"relative": {
"2003": 0,
"2023": null,
"2008": 0.26025488843263317,
"2009": 0.0
},
"sums": {
"absolute": 2,
"relative": 0.26025488843263317
}
},
"FAMILJELIV-ALLMANNA-FRITID": {
"absolute": {
"2004": 0,
"2023": null,
"2007": 1,
"2008": 0
},
"relative": {
"2004": 0,
"2023": null,
"2007": 0.18950534556678775,
"2008": 0.0
},
"sums": {
"absolute": 1,
"relative": 0.18950534556678775
}
},
"FAMILJELIV-ALLMANNA-HUSDJUR": {
"absolute": {
"2003": 0,
"2023": null,
"2008": 3,
"2009": 0
},
"relative": {
"2003": 0,
"2023": null,
"2008": 0.39865107108240944,
"2009": 0.0
},
"sums": {
"absolute": 3,
"relative": 0.39865107108240944
}
},
"FAMILJELIV-ALLMANNA-HUSHEM": {
"absolute": {
"2004": 0,
"2023": null,
"2008": 5,
"2009": 6,
"2010": 2,
"2011": 0
},
"relative": {
"2004": 0,
"2023": null,
"2008": 0.393903601232162,
"2009": 0.6487242513235596,
"2010": 0.36507742379465125,
"2011": 0.0
},
"sums": {
"absolute": 13,
"relative": 1.4077052763503728
}
},
"FAMILJELIV-ALLMANNA-KROPP": {
"absolute": {
"2003": 0,
"2023": null,
"2009": 2,
"2010": 0,
"2011": 1,
"2012": 0
},
"relative": {
"2003": 0,
"2023": null,
"2009": 0.09971898690894127,
"2010": 0.0,
"2011": 0.0782935452061058,
"2012": 0.0
},
"sums": {
"absolute": 3,
"relative": 0.17801253211504708
}
},
"FAMILJELIV-ALLMANNA-NOJE": {
"absolute": {
"2003": 0,
"2023": null,
"2008": 7,
"2009": 2,
"2010": 1,
"2011": 5,
"2012": 0
},
"relative": {
"2003": 0,
"2023": null,
"2008": 0.5448855292803969,
"2009": 0.16035326465616812,
"2010": 0.16019774810025494,
"2011": 0.7517275450713284,
"2012": 0.0
},
"sums": {
"absolute": 15,
"relative": 1.6171640871081485
}
},
"FAMILJELIV-ALLMANNA-SAMHALLE": {
"absolute": {
"2003": 0,
"2022": null,
"2007": 1,
"2008": 4,
"2009": 2,
"2010": 0
},
"relative": {
"2003": 0,
"2022": null,
"2007": 0.026396182520733013,
"2008": 0.11354249753754708,
"2009": 0.04940783963084834,
"2010": 0.0
},
"sums": {
"absolute": 7,
"relative": 0.1893465196891284
}
},
"FAMILJELIV-ALLMANNA-SANDLADAN": {
"absolute": {
"2005": 0,
"2022": null,
"2008": 3,
"2009": 1,
"2010": 0
},
"relative": {
"2005": 0,
"2022": null,
"2008": 0.9201861229798081,
"2009": 0.19733382272121366,
"2010": 0.0
},
"sums": {
"absolute": 4,
"relative": 1.1175199457010216
}
},
"FAMILJELIV-ANGLARUM": {
"absolute": {
"2006": 0,
"2022": null,
"2010": 2,
"2011": 0
},
"relative": {
"2006": 0,
"2022": null,
"2010": 0.833133381321816,
"2011": 0.0
},
"sums": {
"absolute": 2,
"relative": 0.833133381321816
}
},
"FAMILJELIV-EXPERT": {
"absolute": {
"2009": 0,
"2023": null
},
"relative": {
"2009": 0,
"2023": null
},
"sums": {
"absolute": 0,
"relative": 0.0
}
},
"FAMILJELIV-FORALDER": {
"absolute": {
"2003": 0,
"2022": null,
"2007": 2,
"2008": 18,
"2009": 5,
"2010": 5,
"2011": 4,
"2012": 0
},
"relative": {
"2003": 0,
"2022": null,
"2007": 0.023327476775893106,
"2008": 0.20359774636749667,
"2009": 0.06173371788007006,
"2010": 0.08360399150202212,
"2011": 0.0816011849797678,
"2012": 0.0
},
"sums": {
"absolute": 34,
"relative": 0.4538641175052498
}
},
"FAMILJELIV-GRAVID": {
"absolute": {
"2003": 0,
"2022": null,
"2007": 14,
"2008": 29,
"2009": 5,
"2010": 2,
"2011": 0,
"2013": 6,
"2014": 0
},
"relative": {
"2003": 0,
"2022": null,
"2007": 0.2902879320381211,
"2008": 0.6205325136141624,
"2009": 0.09802687198878604,
"2010": 0.05427091623498449,
"2011": 0.0,
"2013": 0.21867550796042629,
"2014": 0.0
},
"sums": {
"absolute": 56,
"relative": 1.2817937418364804
}
},
"FAMILJELIV-KANSLIGA": {
"absolute": {
"2003": 0,
"2022": null,
"2008": 4,
"2009": 6,
"2010": 2,
"2011": 1,
"2012": 0
},
"relative": {
"2003": 0,
"2022": null,
"2008": 0.046609269448757644,
"2009": 0.06254263453217765,
"2010": 0.026168424744307667,
"2011": 0.010466834750774773,
"2012": 0.0
},
"sums": {
"absolute": 13,
"relative": 0.14578716347601775
}
},
"FAMILJELIV-MEDLEM-ALLMANNA": {
"absolute": {
"2006": 0,
"2022": null,
"2009": 1,
"2010": 0,
"2012": 1,
"2013": 0
},
"relative": {
"2006": 0,
"2022": null,
"2009": 0.015330779818205775,
"2010": 0.0,
"2012": 0.20515854755134041,
"2013": 0.0
},
"sums": {
"absolute": 2,
"relative": 0.22048932736954618
}
},
"FAMILJELIV-MEDLEM-FORALDRAR": {
"absolute": {
"2006": 0,
"2022": null,
"2011": 1,
"2012": 0
},
"relative": {
"2006": 0,
"2022": null,
"2011": 0.11554687875527356,
"2012": 0.0
},
"sums": {
"absolute": 1,
"relative": 0.11554687875527356
}
},
"FAMILJELIV-MEDLEM-PLANERARBARN": {
"absolute": {
"2005": 0,
"2021": null,
"2009": 19,
"2010": 24,
"2011": 0
},
"relative": {
"2005": 0,
"2021": null,
"2009": 0.8162504290684821,
"2010": 1.2066728404741802,
"2011": 0.0
},
"sums": {
"absolute": 43,
"relative": 2.0229232695426624
}
},
"FAMILJELIV-MEDLEM-VANTARBARN": {
"absolute": {
"2003": 0,
"2023": null,
"2010": 127,
"2011": 0
},
"relative": {
"2003": 0,
"2023": null,
"2010": 2.9100032461429914,
"2011": 0.0
},
"sums": {
"absolute": 127,
"relative": 2.9100032461429914
}
},
"FAMILJELIV-PAPPAGRUPP": {
"absolute": {
"2004": 0,
"2023": null
},
"relative": {
"2004": 0,
"2023": null
},
"sums": {
"absolute": 0,
"relative": 0.0
}
},
"FAMILJELIV-PLANERARBARN": {
"absolute": {
"2003": 0,
"2022": null,
"2009": 20,
"2010": 3,
"2011": 0
},
"relative": {
"2003": 0,
"2022": null,
"2009": 1.269145053126412,
"2010": 0.24549500303104496,
"2011": 0.0
},
"sums": {
"absolute": 23,
"relative": 1.514640056157457
}
},
"FAMILJELIV-SEXSAMLEVNAD": {
"absolute": {
"2004": 0,
"2022": null,
"2008": 1,
"2009": 0
},
"relative": {
"2004": 0,
"2022": null,
"2008": 0.06917373016918857,
"2009": 0.0
},
"sums": {
"absolute": 1,
"relative": 0.06917373016918857
}
},
"FAMILJELIV-SVARTATTFABARN": {
"absolute": {
"2003": 0,
"2022": null
},
"relative": {
"2003": 0,
"2022": null
},
"sums": {
"absolute": 0,
"relative": 0.0
}
}
},
"combined": {
"absolute": {
"2003": 0,
"2023": null,
"2007": 18,
"2008": 78,
"2009": 70,
"2010": 168,
"2011": 12,
"2012": 1,
"2013": 6,
"2014": 0
},
"relative": {
"2003": 0,
"2023": null,
"2007": 0.028348237006840308,
"2008": 0.12525242599135636,
"2009": 0.11799274922082519,
"2010": 0.4076753514029884,
"2011": 0.033268398040968206,
"2012": 0.0034430608833288384,
"2013": 0.028879842182059218,
"2014": 0.0
},
"sums": {
"absolute": 353,
"relative": 0.07904305901249299
}
},
"time": 967.2434148788452
}
