 
 
 
 
 
 
 
 
 
 
 
 
 
 
 
 
 
 
 
 
 
 
 
 
 
 
 
 
 
 
 
 
 
 
 
 
 
 
 
 
 
 
 
 
 
 
 
 
 
 
 
 
 
 
 
 
 
 
 
 
 
 
 
 
 
 
 
 
 
 
 
 
 
 
 
 
 
 
 
 
 
 
 
 
 
 
 
 
 
 
 
 
 
 
 
 
 
 
 
 
 
 
 
 
 
 
 
 
 
 
 
 
 
 
 
 
 
 
 
 
 
 
 
 
 
 
 
 
 
 
 
 
 
 
 
 
 
 
 
 
 
 
 
 
 
 
 
 
 
 
 
 
 
 
 
 
 
 
 
 
 
 
 
 
 
 
 
 
 
 
 
 
 
 
 
 
 
 
 
 
 
 
 
 
 
 
 
 
 
 
 
 
 
 
 
 
{
"corpora": {
"FAMILJELIV-ADOPTION": {
"absolute": {
"2003": 0,
"2023": null
},
"relative": {
"2003": 0,
"2023": null
},
"sums": {
"absolute": 0,
"relative": 0.0
}
},
"FAMILJELIV-ALLMANNA-EKONOMI": {
"absolute": {
"2003": 0,
"2023": null
},
"relative": {
"2003": 0,
"2023": null
},
"sums": {
"absolute": 0,
"relative": 0.0
}
},
"FAMILJELIV-ALLMANNA-FAMILJELIV": {
"absolute": {
"2003": 0,
"2023": null,
"2005": 1,
"2006": 0
},
"relative": {
"2003": 0,
"2023": null,
"2005": 0.12097184912487756,
"2006": 0.0
},
"sums": {
"absolute": 1,
"relative": 0.12097184912487756
}
},
"FAMILJELIV-ALLMANNA-FRITID": {
"absolute": {
"2004": 0,
"2023": null,
"2007": 1,
"2008": 0
},
"relative": {
"2004": 0,
"2023": null,
"2007": 0.18950534556678775,
"2008": 0.0
},
"sums": {
"absolute": 1,
"relative": 0.18950534556678775
}
},
"FAMILJELIV-ALLMANNA-HUSDJUR": {
"absolute": {
"2003": 0,
"2023": null,
"2004": 1,
"2005": 0,
"2008": 1,
"2009": 0
},
"relative": {
"2003": 0,
"2023": null,
"2004": 1.1428911030499191,
"2005": 0.0,
"2008": 0.13288369036080314,
"2009": 0.0
},
"sums": {
"absolute": 2,
"relative": 1.2757747934107222
}
},
"FAMILJELIV-ALLMANNA-HUSHEM": {
"absolute": {
"2004": 0,
"2023": null
},
"relative": {
"2004": 0,
"2023": null
},
"sums": {
"absolute": 0,
"relative": 0.0
}
},
"FAMILJELIV-ALLMANNA-KROPP": {
"absolute": {
"2003": 0,
"2023": null,
"2006": 1,
"2007": 0
},
"relative": {
"2003": 0,
"2023": null,
"2006": 0.053850232379907784,
"2007": 0.0
},
"sums": {
"absolute": 1,
"relative": 0.053850232379907784
}
},
"FAMILJELIV-ALLMANNA-NOJE": {
"absolute": {
"2003": 0,
"2023": null,
"2004": 1,
"2005": 0,
"2006": 1,
"2007": 0
},
"relative": {
"2003": 0,
"2023": null,
"2004": 0.23582258218181168,
"2005": 0.0,
"2006": 0.07787547602358164,
"2007": 0.0
},
"sums": {
"absolute": 2,
"relative": 0.3136980582053933
}
},
"FAMILJELIV-ALLMANNA-SAMHALLE": {
"absolute": {
"2003": 0,
"2022": null,
"2004": 1,
"2005": 0,
"2006": 2,
"2007": 0,
"2008": 1,
"2009": 0
},
"relative": {
"2003": 0,
"2022": null,
"2004": 0.23688537424691178,
"2005": 0.0,
"2006": 0.05940841574864822,
"2007": 0.0,
"2008": 0.02838562438438677,
"2009": 0.0
},
"sums": {
"absolute": 4,
"relative": 0.32467941437994674
}
},
"FAMILJELIV-ALLMANNA-SANDLADAN": {
"absolute": {
"2005": 0,
"2022": null
},
"relative": {
"2005": 0,
"2022": null
},
"sums": {
"absolute": 0,
"relative": 0.0
}
},
"FAMILJELIV-ANGLARUM": {
"absolute": {
"2006": 0,
"2022": null
},
"relative": {
"2006": 0,
"2022": null
},
"sums": {
"absolute": 0,
"relative": 0.0
}
},
"FAMILJELIV-EXPERT": {
"absolute": {
"2009": 0,
"2023": null
},
"relative": {
"2009": 0,
"2023": null
},
"sums": {
"absolute": 0,
"relative": 0.0
}
},
"FAMILJELIV-FORALDER": {
"absolute": {
"2003": 0,
"2022": null,
"2004": 5,
"2005": 1,
"2006": 8,
"2007": 2,
"2008": 0
},
"relative": {
"2003": 0,
"2022": null,
"2004": 0.30897864759798765,
"2005": 0.01630639374677195,
"2006": 0.08032223029773002,
"2007": 0.023327476775893106,
"2008": 0.0
},
"sums": {
"absolute": 16,
"relative": 0.4289347484183827
}
},
"FAMILJELIV-GRAVID": {
"absolute": {
"2003": 0,
"2022": null,
"2004": 6,
"2005": 11,
"2006": 2,
"2007": 2,
"2008": 0
},
"relative": {
"2003": 0,
"2022": null,
"2004": 0.2314964680198047,
"2005": 0.27770192868533683,
"2006": 0.03952086093824302,
"2007": 0.04146970457687445,
"2008": 0.0
},
"sums": {
"absolute": 21,
"relative": 0.5901889622202591
}
},
"FAMILJELIV-KANSLIGA": {
"absolute": {
"2003": 0,
"2022": null,
"2004": 4,
"2005": 18,
"2006": 5,
"2007": 0
},
"relative": {
"2003": 0,
"2022": null,
"2004": 0.3860080571461768,
"2005": 0.8949243915670082,
"2006": 0.09650193792296678,
"2007": 0.0
},
"sums": {
"absolute": 27,
"relative": 1.3774343866361518
}
},
"FAMILJELIV-MEDLEM-ALLMANNA": {
"absolute": {
"2006": 8,
"2022": null,
"2007": 13,
"2008": 3,
"2009": 0
},
"relative": {
"2006": 0.34112963800388846,
"2022": null,
"2007": 0.17690936749389716,
"2008": 0.04177514104227557,
"2009": 0.0
},
"sums": {
"absolute": 24,
"relative": 0.5598141465400611
}
},
"FAMILJELIV-MEDLEM-FORALDRAR": {
"absolute": {
"2006": 0,
"2022": null,
"2007": 14,
"2008": 0
},
"relative": {
"2006": 0,
"2022": null,
"2007": 0.174895853891404,
"2008": 0.0
},
"sums": {
"absolute": 14,
"relative": 0.174895853891404
}
},
"FAMILJELIV-MEDLEM-PLANERARBARN": {
"absolute": {
"2005": 0,
"2021": null,
"2007": 1,
"2008": 0
},
"relative": {
"2005": 0,
"2021": null,
"2007": 0.02629663099397189,
"2008": 0.0
},
"sums": {
"absolute": 1,
"relative": 0.02629663099397189
}
},
"FAMILJELIV-MEDLEM-VANTARBARN": {
"absolute": {
"2003": 0,
"2022": null,
"2005": 7,
"2006": 3,
"2007": 1,
"2008": 0
},
"relative": {
"2003": 0,
"2022": null,
"2005": 0.3376542139149424,
"2006": 0.07037773301076247,
"2007": 0.017699676734874083,
"2008": 0.0
},
"sums": {
"absolute": 11,
"relative": 0.425731623660579
}
},
"FAMILJELIV-PAPPAGRUPP": {
"absolute": {
"2004": 0,
"2023": null
},
"relative": {
"2004": 0,
"2023": null
},
"sums": {
"absolute": 0,
"relative": 0.0
}
},
"FAMILJELIV-PLANERARBARN": {
"absolute": {
"2003": 0,
"2022": null,
"2004": 1,
"2005": 2,
"2006": 5,
"2007": 0
},
"relative": {
"2003": 0,
"2022": null,
"2004": 0.08047087694586628,
"2005": 0.08865969765979181,
"2006": 0.2214709533757577,
"2007": 0.0
},
"sums": {
"absolute": 8,
"relative": 0.3906015279814158
}
},
"FAMILJELIV-SEXSAMLEVNAD": {
"absolute": {
"2004": 0,
"2022": null
},
"relative": {
"2004": 0,
"2022": null
},
"sums": {
"absolute": 0,
"relative": 0.0
}
},
"FAMILJELIV-SVARTATTFABARN": {
"absolute": {
"2003": 0,
"2022": null
},
"relative": {
"2003": 0,
"2022": null
},
"sums": {
"absolute": 0,
"relative": 0.0
}
}
},
"combined": {
"absolute": {
"2003": 0,
"2023": null,
"2004": 19,
"2005": 40,
"2006": 35,
"2007": 34,
"2008": 5,
"2009": 0
},
"relative": {
"2003": 0,
"2023": null,
"2004": 0.19697736165100618,
"2005": 0.1721322900337857,
"2006": 0.07460423163855945,
"2007": 0.053546679346856314,
"2008": 0.008029007867637657,
"2009": 0.0
},
"sums": {
"absolute": 133,
"relative": 0.029780851315787414
}
},
"time": 984.3537638187408
}
