 
 
 
 
 
 
 
 
 
 
 
 
 
 
 
 
 
 
 
 
 
 
 
 
 
 
 
 
 
 
 
 
 
 
 
 
 
 
 
 
 
 
 
 
 
 
 
 
 
 
 
 
 
 
 
 
 
 
 
 
 
 
 
 
 
 
 
 
 
 
 
 
 
 
 
 
 
 
 
 
 
 
 
 
 
 
 
 
 
 
 
 
 
 
 
 
 
 
 
 
 
 
 
 
 
 
 
 
 
 
 
 
 
 
 
 
 
 
 
 
 
 
 
 
 
 
 
 
 
 
 
 
 
 
 
 
 
 
 
 
 
 
 
 
 
 
 
 
 
 
 
 
 
 
 
 
 
 
 
 
 
 
 
 
 
 
 
 
 
 
 
 
 
 
 
 
 
 
 
 
 
 
 
 
 
 
 
 
 
 
 
 
 
 
 
 
 
 
{
"corpora": {
"FAMILJELIV-ADOPTION": {
"absolute": {
"2003": 0,
"2023": null
},
"relative": {
"2003": 0,
"2023": null
},
"sums": {
"absolute": 0,
"relative": 0.0
}
},
"FAMILJELIV-ALLMANNA-EKONOMI": {
"absolute": {
"2003": 0,
"2023": null,
"2006": 1,
"2007": 3,
"2008": 0
},
"relative": {
"2003": 0,
"2023": null,
"2006": 0.2721177290142808,
"2007": 0.5614839947115694,
"2008": 0.0
},
"sums": {
"absolute": 4,
"relative": 0.8336017237258502
}
},
"FAMILJELIV-ALLMANNA-FAMILJELIV": {
"absolute": {
"2003": 0,
"2023": null,
"2006": 1,
"2007": 0
},
"relative": {
"2003": 0,
"2023": null,
"2006": 0.06687073832784637,
"2007": 0.0
},
"sums": {
"absolute": 1,
"relative": 0.06687073832784637
}
},
"FAMILJELIV-ALLMANNA-FRITID": {
"absolute": {
"2004": 0,
"2023": null,
"2007": 1,
"2008": 0
},
"relative": {
"2004": 0,
"2023": null,
"2007": 0.18950534556678775,
"2008": 0.0
},
"sums": {
"absolute": 1,
"relative": 0.18950534556678775
}
},
"FAMILJELIV-ALLMANNA-HUSDJUR": {
"absolute": {
"2003": 0,
"2023": null,
"2006": 1,
"2007": 2,
"2008": 0
},
"relative": {
"2003": 0,
"2023": null,
"2006": 0.16673266501323442,
"2007": 0.22291861999107435,
"2008": 0.0
},
"sums": {
"absolute": 3,
"relative": 0.3896512850043088
}
},
"FAMILJELIV-ALLMANNA-HUSHEM": {
"absolute": {
"2004": 0,
"2023": null,
"2006": 1,
"2007": 1,
"2008": 0
},
"relative": {
"2004": 0,
"2023": null,
"2006": 0.10276067583230239,
"2007": 0.0794506780122235,
"2008": 0.0
},
"sums": {
"absolute": 2,
"relative": 0.1822113538445259
}
},
"FAMILJELIV-ALLMANNA-KROPP": {
"absolute": {
"2003": 0,
"2023": null,
"2005": 1,
"2006": 1,
"2007": 2,
"2008": 0,
"2011": 1,
"2012": 0
},
"relative": {
"2003": 0,
"2023": null,
"2005": 0.12248687553128683,
"2006": 0.053850232379907784,
"2007": 0.10985675448212812,
"2008": 0.0,
"2011": 0.0782935452061058,
"2012": 0.0
},
"sums": {
"absolute": 5,
"relative": 0.36448740759942855
}
},
"FAMILJELIV-ALLMANNA-NOJE": {
"absolute": {
"2003": 0,
"2023": null,
"2007": 2,
"2008": 0
},
"relative": {
"2003": 0,
"2023": null,
"2007": 0.1571434587778136,
"2008": 0.0
},
"sums": {
"absolute": 2,
"relative": 0.1571434587778136
}
},
"FAMILJELIV-ALLMANNA-SAMHALLE": {
"absolute": {
"2003": 0,
"2022": null,
"2005": 6,
"2006": 8,
"2007": 4,
"2008": 4,
"2009": 0
},
"relative": {
"2003": 0,
"2022": null,
"2005": 0.4603159685527474,
"2006": 0.23763366299459288,
"2007": 0.10558473008293205,
"2008": 0.11354249753754708,
"2009": 0.0
},
"sums": {
"absolute": 22,
"relative": 0.9170768591678194
}
},
"FAMILJELIV-ALLMANNA-SANDLADAN": {
"absolute": {
"2005": 0,
"2022": null
},
"relative": {
"2005": 0,
"2022": null
},
"sums": {
"absolute": 0,
"relative": 0.0
}
},
"FAMILJELIV-ANGLARUM": {
"absolute": {
"2006": 0,
"2022": null
},
"relative": {
"2006": 0,
"2022": null
},
"sums": {
"absolute": 0,
"relative": 0.0
}
},
"FAMILJELIV-EXPERT": {
"absolute": {
"2009": 0,
"2023": null
},
"relative": {
"2009": 0,
"2023": null
},
"sums": {
"absolute": 0,
"relative": 0.0
}
},
"FAMILJELIV-FORALDER": {
"absolute": {
"2003": 0,
"2022": null,
"2013": 2,
"2014": 0
},
"relative": {
"2003": 0,
"2022": null,
"2013": 0.11895691440038875,
"2014": 0.0
},
"sums": {
"absolute": 2,
"relative": 0.11895691440038875
}
},
"FAMILJELIV-GRAVID": {
"absolute": {
"2003": 0,
"2022": null,
"2010": 1,
"2011": 3,
"2012": 0
},
"relative": {
"2003": 0,
"2022": null,
"2010": 0.027135458117492246,
"2011": 0.06515832386727684,
"2012": 0.0
},
"sums": {
"absolute": 4,
"relative": 0.09229378198476909
}
},
"FAMILJELIV-KANSLIGA": {
"absolute": {
"2003": 0,
"2022": null,
"2005": 4,
"2006": 2,
"2007": 0,
"2011": 1,
"2012": 0,
"2013": 1,
"2014": 0
},
"relative": {
"2003": 0,
"2022": null,
"2005": 0.19887208701489067,
"2006": 0.03860077516918671,
"2007": 0.0,
"2011": 0.010466834750774773,
"2012": 0.0,
"2013": 0.011484957714452987,
"2014": 0.0
},
"sums": {
"absolute": 8,
"relative": 0.25942465464930514
}
},
"FAMILJELIV-MEDLEM-ALLMANNA": {
"absolute": {
"2006": 1,
"2022": null,
"2007": 0
},
"relative": {
"2006": 0.04264120475048606,
"2022": null,
"2007": 0.0
},
"sums": {
"absolute": 1,
"relative": 0.04264120475048606
}
},
"FAMILJELIV-MEDLEM-FORALDRAR": {
"absolute": {
"2006": 0,
"2022": null
},
"relative": {
"2006": 0,
"2022": null
},
"sums": {
"absolute": 0,
"relative": 0.0
}
},
"FAMILJELIV-MEDLEM-PLANERARBARN": {
"absolute": {
"2005": 0,
"2021": null
},
"relative": {
"2005": 0,
"2021": null
},
"sums": {
"absolute": 0,
"relative": 0.0
}
},
"FAMILJELIV-MEDLEM-VANTARBARN": {
"absolute": {
"2003": 0,
"2023": null,
"2011": 2,
"2012": 0
},
"relative": {
"2003": 0,
"2023": null,
"2011": 0.09708765199436,
"2012": 0.0
},
"sums": {
"absolute": 2,
"relative": 0.09708765199436
}
},
"FAMILJELIV-PAPPAGRUPP": {
"absolute": {
"2004": 0,
"2023": null
},
"relative": {
"2004": 0,
"2023": null
},
"sums": {
"absolute": 0,
"relative": 0.0
}
},
"FAMILJELIV-PLANERARBARN": {
"absolute": {
"2003": 0,
"2022": null,
"2005": 1,
"2006": 1,
"2007": 0
},
"relative": {
"2003": 0,
"2022": null,
"2005": 0.04432984882989591,
"2006": 0.04429419067515154,
"2007": 0.0
},
"sums": {
"absolute": 2,
"relative": 0.08862403950504745
}
},
"FAMILJELIV-SEXSAMLEVNAD": {
"absolute": {
"2004": 0,
"2022": null
},
"relative": {
"2004": 0,
"2022": null
},
"sums": {
"absolute": 0,
"relative": 0.0
}
},
"FAMILJELIV-SVARTATTFABARN": {
"absolute": {
"2003": 0,
"2022": null
},
"relative": {
"2003": 0,
"2022": null
},
"sums": {
"absolute": 0,
"relative": 0.0
}
}
},
"combined": {
"absolute": {
"2003": 0,
"2023": null,
"2005": 12,
"2006": 17,
"2007": 15,
"2008": 4,
"2009": 0,
"2010": 1,
"2011": 7,
"2012": 0,
"2013": 3,
"2014": 0
},
"relative": {
"2003": 0,
"2023": null,
"2005": 0.051639647899191975,
"2006": 0.03623632200342627,
"2007": 0.02362353083903359,
"2008": 0.0064232013328900705,
"2009": 0.0,
"2010": 0.0024266389964463595,
"2011": 0.019406565523898116,
"2012": 0.0,
"2013": 0.014439921091029609,
"2014": 0.0
},
"sums": {
"absolute": 59,
"relative": 0.013211162837782113
}
},
"time": 991.5628547668457
}
