 
 
 
 
 
 
 
 
 
 
 
 
 
 
 
 
 
 
 
 
 
 
 
 
 
 
 
 
 
 
 
 
 
 
 
 
 
 
 
 
 
 
 
 
 
 
 
 
 
 
 
 
 
 
 
 
 
 
 
 
 
 
 
 
 
 
 
 
 
 
 
 
 
 
 
 
 
 
 
 
 
 
 
 
 
 
 
 
 
 
 
 
 
 
 
 
 
 
 
 
 
 
 
 
 
 
 
 
 
 
 
 
 
 
 
 
 
 
 
 
 
 
 
 
 
 
 
 
 
 
 
 
 
 
 
 
 
 
 
 
 
 
 
 
 
 
 
 
 
 
 
 
 
 
 
 
 
 
 
 
 
 
 
 
 
 
 
 
 
 
 
 
 
 
 
 
 
 
 
 
 
 
 
 
 
 
 
 
 
 
 
 
 
{
"corpora": {
"FAMILJELIV-ADOPTION": {
"absolute": {
"2003": 0,
"2023": null
},
"relative": {
"2003": 0,
"2023": null
},
"sums": {
"absolute": 0,
"relative": 0.0
}
},
"FAMILJELIV-ALLMANNA-EKONOMI": {
"absolute": {
"2003": 0,
"2023": null
},
"relative": {
"2003": 0,
"2023": null
},
"sums": {
"absolute": 0,
"relative": 0.0
}
},
"FAMILJELIV-ALLMANNA-FAMILJELIV": {
"absolute": {
"2003": 0,
"2023": null,
"2004": 1,
"2005": 0
},
"relative": {
"2003": 0,
"2023": null,
"2004": 0.9047759503314194,
"2005": 0.0
},
"sums": {
"absolute": 1,
"relative": 0.9047759503314194
}
},
"FAMILJELIV-ALLMANNA-FRITID": {
"absolute": {
"2004": 0,
"2023": null,
"2010": 1,
"2011": 0
},
"relative": {
"2004": 0,
"2023": null,
"2010": 0.3343971621719229,
"2011": 0.0
},
"sums": {
"absolute": 1,
"relative": 0.3343971621719229
}
},
"FAMILJELIV-ALLMANNA-HUSDJUR": {
"absolute": {
"2003": 0,
"2023": null
},
"relative": {
"2003": 0,
"2023": null
},
"sums": {
"absolute": 0,
"relative": 0.0
}
},
"FAMILJELIV-ALLMANNA-HUSHEM": {
"absolute": {
"2004": 0,
"2023": null,
"2007": 1,
"2008": 0,
"2010": 2,
"2011": 0,
"2012": 1,
"2013": 0
},
"relative": {
"2004": 0,
"2023": null,
"2007": 0.0794506780122235,
"2008": 0.0,
"2010": 0.36507742379465125,
"2011": 0.0,
"2012": 0.2802558623921295,
"2013": 0.0
},
"sums": {
"absolute": 4,
"relative": 0.7247839641990043
}
},
"FAMILJELIV-ALLMANNA-KROPP": {
"absolute": {
"2003": 0,
"2023": null,
"2007": 1,
"2008": 0,
"2010": 1,
"2011": 0
},
"relative": {
"2003": 0,
"2023": null,
"2007": 0.05492837724106406,
"2008": 0.0,
"2010": 0.07919659803093498,
"2011": 0.0
},
"sums": {
"absolute": 2,
"relative": 0.13412497527199904
}
},
"FAMILJELIV-ALLMANNA-NOJE": {
"absolute": {
"2003": 0,
"2023": null,
"2007": 1,
"2008": 0
},
"relative": {
"2003": 0,
"2023": null,
"2007": 0.0785717293889068,
"2008": 0.0
},
"sums": {
"absolute": 1,
"relative": 0.0785717293889068
}
},
"FAMILJELIV-ALLMANNA-SAMHALLE": {
"absolute": {
"2003": 0,
"2022": null,
"2005": 1,
"2006": 0,
"2010": 4,
"2011": 0
},
"relative": {
"2003": 0,
"2022": null,
"2005": 0.07671932809212458,
"2006": 0.0,
"2010": 0.13356654497307446,
"2011": 0.0
},
"sums": {
"absolute": 5,
"relative": 0.21028587306519902
}
},
"FAMILJELIV-ALLMANNA-SANDLADAN": {
"absolute": {
"2005": 0,
"2022": null
},
"relative": {
"2005": 0,
"2022": null
},
"sums": {
"absolute": 0,
"relative": 0.0
}
},
"FAMILJELIV-ANGLARUM": {
"absolute": {
"2006": 0,
"2022": null
},
"relative": {
"2006": 0,
"2022": null
},
"sums": {
"absolute": 0,
"relative": 0.0
}
},
"FAMILJELIV-EXPERT": {
"absolute": {
"2009": 0,
"2023": null
},
"relative": {
"2009": 0,
"2023": null
},
"sums": {
"absolute": 0,
"relative": 0.0
}
},
"FAMILJELIV-FORALDER": {
"absolute": {
"2003": 0,
"2022": null,
"2005": 2,
"2006": 10,
"2007": 5,
"2008": 5,
"2009": 8,
"2010": 3,
"2011": 2,
"2012": 0
},
"relative": {
"2003": 0,
"2022": null,
"2005": 0.0326127874935439,
"2006": 0.1004027878721625,
"2007": 0.05831869193973276,
"2008": 0.056554929546526855,
"2009": 0.09877394860811209,
"2010": 0.05016239490121328,
"2011": 0.0408005924898839,
"2012": 0.0
},
"sums": {
"absolute": 35,
"relative": 0.4376261328511753
}
},
"FAMILJELIV-GRAVID": {
"absolute": {
"2003": 0,
"2022": null,
"2005": 4,
"2006": 0,
"2007": 1,
"2008": 0
},
"relative": {
"2003": 0,
"2022": null,
"2005": 0.10098251952194066,
"2006": 0.0,
"2007": 0.020734852288437224,
"2008": 0.0
},
"sums": {
"absolute": 5,
"relative": 0.1217173718103779
}
},
"FAMILJELIV-KANSLIGA": {
"absolute": {
"2003": 0,
"2022": null,
"2004": 2,
"2005": 0
},
"relative": {
"2003": 0,
"2022": null,
"2004": 0.1930040285730884,
"2005": 0.0
},
"sums": {
"absolute": 2,
"relative": 0.1930040285730884
}
},
"FAMILJELIV-MEDLEM-ALLMANNA": {
"absolute": {
"2006": 0,
"2022": null
},
"relative": {
"2006": 0,
"2022": null
},
"sums": {
"absolute": 0,
"relative": 0.0
}
},
"FAMILJELIV-MEDLEM-FORALDRAR": {
"absolute": {
"2006": 0,
"2022": null,
"2007": 8,
"2008": 1,
"2009": 0
},
"relative": {
"2006": 0,
"2022": null,
"2007": 0.09994048793794515,
"2008": 0.01237642388281487,
"2009": 0.0
},
"sums": {
"absolute": 9,
"relative": 0.11231691182076002
}
},
"FAMILJELIV-MEDLEM-PLANERARBARN": {
"absolute": {
"2005": 0,
"2021": null
},
"relative": {
"2005": 0,
"2021": null
},
"sums": {
"absolute": 0,
"relative": 0.0
}
},
"FAMILJELIV-MEDLEM-VANTARBARN": {
"absolute": {
"2003": 0,
"2022": null
},
"relative": {
"2003": 0,
"2022": null
},
"sums": {
"absolute": 0,
"relative": 0.0
}
},
"FAMILJELIV-PAPPAGRUPP": {
"absolute": {
"2004": 0,
"2023": null
},
"relative": {
"2004": 0,
"2023": null
},
"sums": {
"absolute": 0,
"relative": 0.0
}
},
"FAMILJELIV-PLANERARBARN": {
"absolute": {
"2003": 0,
"2022": null,
"2004": 2,
"2005": 0
},
"relative": {
"2003": 0,
"2022": null,
"2004": 0.16094175389173257,
"2005": 0.0
},
"sums": {
"absolute": 2,
"relative": 0.16094175389173257
}
},
"FAMILJELIV-SEXSAMLEVNAD": {
"absolute": {
"2004": 0,
"2022": null
},
"relative": {
"2004": 0,
"2022": null
},
"sums": {
"absolute": 0,
"relative": 0.0
}
},
"FAMILJELIV-SVARTATTFABARN": {
"absolute": {
"2003": 0,
"2022": null
},
"relative": {
"2003": 0,
"2022": null
},
"sums": {
"absolute": 0,
"relative": 0.0
}
}
},
"combined": {
"absolute": {
"2003": 0,
"2023": null,
"2004": 5,
"2005": 7,
"2006": 10,
"2007": 17,
"2008": 6,
"2009": 8,
"2010": 11,
"2011": 2,
"2012": 1,
"2013": 0
},
"relative": {
"2003": 0,
"2023": null,
"2004": 0.05183614780289636,
"2005": 0.030123150755912497,
"2006": 0.021315494753874127,
"2007": 0.026773339673428157,
"2008": 0.009634809441165187,
"2009": 0.01348488714816526,
"2010": 0.026689604003506597,
"2011": 0.00554473105458065,
"2012": 0.0034430531896663384,
"2013": 0.0
},
"sums": {
"absolute": 67,
"relative": 0.01500238122944945
}
},
"time": 967.6939980983734
}
