 
 
 
 
 
 
 
 
 
 
 
 
 
 
 
 
 
 
 
 
 
 
 
 
 
 
 
 
 
 
 
 
 
 
 
 
 
 
 
 
 
 
 
 
 
 
 
 
 
 
 
 
 
 
 
 
 
 
 
 
 
 
 
 
 
 
 
 
 
 
 
 
 
 
 
 
 
 
 
 
 
 
 
 
 
 
 
 
 
 
 
 
 
 
 
 
 
 
 
 
 
 
 
 
 
 
 
 
 
 
 
 
 
 
 
 
 
 
 
 
 
 
 
 
 
 
 
 
 
 
 
 
 
 
 
 
 
 
 
 
 
 
 
 
 
 
 
 
 
 
 
 
 
 
 
 
 
 
 
 
 
 
 
 
 
 
 
 
 
 
 
 
 
 
 
 
 
 
 
 
 
 
 
 
 
 
 
 
 
 
 
 
 
 
 
 
 
 
 
 
 
 
 
 
 
 
 
 
 
 
 
 
 
 
 
 
{
"corpora": {
"FAMILJELIV-ADOPTION": {
"absolute": {
"2003": 0,
"2023": null
},
"relative": {
"2003": 0,
"2023": null
},
"sums": {
"absolute": 0,
"relative": 0.0
}
},
"FAMILJELIV-ALLMANNA-EKONOMI": {
"absolute": {
"2003": 0,
"2023": null,
"2007": 1,
"2008": 11,
"2009": 8,
"2010": 4,
"2011": 1,
"2012": 3,
"2013": 1,
"2014": 0,
"2016": 2,
"2017": 0
},
"relative": {
"2003": 0,
"2023": null,
"2007": 0.18716133157052314,
"2008": 1.4487767845900728,
"2009": 1.0874315342911338,
"2010": 0.742571454402307,
"2011": 0.24423925090844792,
"2012": 1.0334945240292646,
"2013": 0.37067267452937547,
"2014": 0.0,
"2016": 2.250262999488065,
"2017": 0.0
},
"sums": {
"absolute": 31,
"relative": 7.3646105538091895
}
},
"FAMILJELIV-ALLMANNA-FAMILJELIV": {
"absolute": {
"2003": 0,
"2023": null,
"2008": 1,
"2009": 2,
"2010": 0,
"2014": 1,
"2015": 0
},
"relative": {
"2003": 0,
"2023": null,
"2008": 0.13012744421631658,
"2009": 0.2615644509847182,
"2010": 0.0,
"2014": 0.9362042348262358,
"2015": 0.0
},
"sums": {
"absolute": 4,
"relative": 1.3278961300272707
}
},
"FAMILJELIV-ALLMANNA-FRITID": {
"absolute": {
"2004": 0,
"2023": null,
"2008": 1,
"2009": 1,
"2010": 1,
"2011": 0
},
"relative": {
"2004": 0,
"2023": null,
"2008": 0.18578116427940966,
"2009": 0.23273149743867352,
"2010": 0.3343971621719229,
"2011": 0.0
},
"sums": {
"absolute": 3,
"relative": 0.752909823890006
}
},
"FAMILJELIV-ALLMANNA-HUSDJUR": {
"absolute": {
"2003": 0,
"2023": null
},
"relative": {
"2003": 0,
"2023": null
},
"sums": {
"absolute": 0,
"relative": 0.0
}
},
"FAMILJELIV-ALLMANNA-HUSHEM": {
"absolute": {
"2004": 0,
"2023": null,
"2008": 4,
"2009": 1,
"2010": 2,
"2011": 0,
"2013": 1,
"2014": 0
},
"relative": {
"2004": 0,
"2023": null,
"2008": 0.31512288098572955,
"2009": 0.10812070855392661,
"2010": 0.36507742379465125,
"2011": 0.0,
"2013": 0.410146701272111,
"2014": 0.0
},
"sums": {
"absolute": 8,
"relative": 1.1984677146064184
}
},
"FAMILJELIV-ALLMANNA-KROPP": {
"absolute": {
"2003": 0,
"2023": null,
"2008": 1,
"2009": 1,
"2010": 1,
"2011": 4,
"2012": 0,
"2013": 1,
"2014": 0
},
"relative": {
"2003": 0,
"2023": null,
"2008": 0.060142240006148935,
"2009": 0.04985949345447063,
"2010": 0.07919659803093498,
"2011": 0.3131741808244232,
"2012": 0.0,
"2013": 0.1587743131105666,
"2014": 0.0
},
"sums": {
"absolute": 8,
"relative": 0.6611468254265445
}
},
"FAMILJELIV-ALLMANNA-NOJE": {
"absolute": {
"2003": 0,
"2023": null,
"2007": 3,
"2008": 2,
"2009": 0,
"2010": 1,
"2011": 0,
"2013": 1,
"2014": 0
},
"relative": {
"2003": 0,
"2023": null,
"2007": 0.2357151881667204,
"2008": 0.15568157979439912,
"2009": 0.0,
"2010": 0.16019774810025494,
"2011": 0.0,
"2013": 0.39935639723022376,
"2014": 0.0
},
"sums": {
"absolute": 7,
"relative": 0.9509509132915982
}
},
"FAMILJELIV-ALLMANNA-SAMHALLE": {
"absolute": {
"2003": 0,
"2022": null,
"2007": 7,
"2008": 16,
"2009": 8,
"2010": 3,
"2011": 1,
"2012": 4,
"2013": 0,
"2014": 1,
"2015": 2,
"2016": 0
},
"relative": {
"2003": 0,
"2022": null,
"2007": 0.18477327764513107,
"2008": 0.45416999015018833,
"2009": 0.19763135852339336,
"2010": 0.10017490872980588,
"2011": 0.03190508314337047,
"2012": 0.17295423034373011,
"2013": 0.0,
"2014": 0.07474347665096007,
"2015": 0.21821594715595338,
"2016": 0.0
},
"sums": {
"absolute": 42,
"relative": 1.4345682723425326
}
},
"FAMILJELIV-ALLMANNA-SANDLADAN": {
"absolute": {
"2005": 0,
"2022": null,
"2008": 1,
"2009": 8,
"2010": 0
},
"relative": {
"2005": 0,
"2022": null,
"2008": 0.30672870765993604,
"2009": 1.5786705817697093,
"2010": 0.0
},
"sums": {
"absolute": 9,
"relative": 1.8853992894296454
}
},
"FAMILJELIV-ANGLARUM": {
"absolute": {
"2006": 0,
"2022": null
},
"relative": {
"2006": 0,
"2022": null
},
"sums": {
"absolute": 0,
"relative": 0.0
}
},
"FAMILJELIV-EXPERT": {
"absolute": {
"2009": 0,
"2023": null
},
"relative": {
"2009": 0,
"2023": null
},
"sums": {
"absolute": 0,
"relative": 0.0
}
},
"FAMILJELIV-FORALDER": {
"absolute": {
"2003": 0,
"2022": null,
"2007": 2,
"2008": 6,
"2009": 3,
"2010": 0,
"2011": 3,
"2012": 0,
"2016": 1,
"2017": 0
},
"relative": {
"2003": 0,
"2022": null,
"2007": 0.023327476775893106,
"2008": 0.06786591545583223,
"2009": 0.03704023072804203,
"2010": 0.0,
"2011": 0.061200888734825855,
"2012": 0.0,
"2016": 0.25828160598469474,
"2017": 0.0
},
"sums": {
"absolute": 15,
"relative": 0.447716117679288
}
},
"FAMILJELIV-GRAVID": {
"absolute": {
"2003": 0,
"2022": null
},
"relative": {
"2003": 0,
"2022": null
},
"sums": {
"absolute": 0,
"relative": 0.0
}
},
"FAMILJELIV-KANSLIGA": {
"absolute": {
"2003": 0,
"2022": null,
"2007": 1,
"2008": 2,
"2009": 5,
"2010": 1,
"2011": 4,
"2012": 1,
"2013": 3,
"2014": 2,
"2015": 0
},
"relative": {
"2003": 0,
"2022": null,
"2007": 0.012153505089097953,
"2008": 0.023304634724378822,
"2009": 0.052118862110148045,
"2010": 0.013084212372153833,
"2011": 0.041867339003099094,
"2012": 0.009831762517551785,
"2013": 0.03445487314335897,
"2014": 0.03475869290143896,
"2015": 0.0
},
"sums": {
"absolute": 19,
"relative": 0.22157388186122745
}
},
"FAMILJELIV-MEDLEM-ALLMANNA": {
"absolute": {
"2006": 0,
"2022": null
},
"relative": {
"2006": 0,
"2022": null
},
"sums": {
"absolute": 0,
"relative": 0.0
}
},
"FAMILJELIV-MEDLEM-FORALDRAR": {
"absolute": {
"2006": 0,
"2022": null
},
"relative": {
"2006": 0,
"2022": null
},
"sums": {
"absolute": 0,
"relative": 0.0
}
},
"FAMILJELIV-MEDLEM-PLANERARBARN": {
"absolute": {
"2005": 0,
"2021": null
},
"relative": {
"2005": 0,
"2021": null
},
"sums": {
"absolute": 0,
"relative": 0.0
}
},
"FAMILJELIV-MEDLEM-VANTARBARN": {
"absolute": {
"2003": 0,
"2022": null
},
"relative": {
"2003": 0,
"2022": null
},
"sums": {
"absolute": 0,
"relative": 0.0
}
},
"FAMILJELIV-PAPPAGRUPP": {
"absolute": {
"2004": 0,
"2023": null
},
"relative": {
"2004": 0,
"2023": null
},
"sums": {
"absolute": 0,
"relative": 0.0
}
},
"FAMILJELIV-PLANERARBARN": {
"absolute": {
"2003": 0,
"2022": null,
"2008": 1,
"2009": 0
},
"relative": {
"2003": 0,
"2022": null,
"2008": 0.08642119877437456,
"2009": 0.0
},
"sums": {
"absolute": 1,
"relative": 0.08642119877437456
}
},
"FAMILJELIV-SEXSAMLEVNAD": {
"absolute": {
"2004": 0,
"2022": null
},
"relative": {
"2004": 0,
"2022": null
},
"sums": {
"absolute": 0,
"relative": 0.0
}
},
"FAMILJELIV-SVARTATTFABARN": {
"absolute": {
"2003": 0,
"2022": null
},
"relative": {
"2003": 0,
"2022": null
},
"sums": {
"absolute": 0,
"relative": 0.0
}
}
},
"combined": {
"absolute": {
"2003": 0,
"2023": null,
"2007": 14,
"2008": 46,
"2009": 37,
"2010": 13,
"2011": 13,
"2012": 8,
"2013": 7,
"2014": 4,
"2015": 2,
"2016": 3,
"2017": 0
},
"relative": {
"2003": 0,
"2023": null,
"2007": 0.022048632672234954,
"2008": 0.07386687238226644,
"2009": 0.062367603060264336,
"2010": 0.03154225927687143,
"2011": 0.03604075185477422,
"2012": 0.027544425517330707,
"2013": 0.03369317970141874,
"2014": 0.028876964178616845,
"2015": 0.022526615872451777,
"2016": 0.04692115281894153,
"2017": 0.0
},
"sums": {
"absolute": 147,
"relative": 0.032915672249687604
}
},
"time": 1081.1175458431244
}
