 
 
 
 
 
 
 
 
 
 
 
 
 
 
 
 
 
 
 
 
 
 
 
 
 
 
 
 
 
 
 
 
 
 
 
 
 
 
 
 
 
 
 
 
 
 
 
 
 
 
 
 
 
 
 
 
 
 
 
 
 
 
 
 
 
 
 
 
 
 
 
 
 
 
 
 
 
 
 
 
 
 
 
 
 
 
 
 
 
 
 
 
 
 
 
 
 
 
 
 
 
 
 
 
 
 
 
 
 
 
 
 
 
 
 
 
 
 
 
 
 
 
 
 
 
 
 
 
 
 
 
 
 
 
 
 
 
 
 
 
 
 
 
 
 
 
 
 
 
 
 
 
 
 
 
 
 
 
 
 
 
 
 
 
 
 
 
 
 
 
 
 
 
 
 
 
 
 
 
 
 
 
 
 
 
 
 
 
 
 
 
 
 
 
 
 
 
 
 
 
 
 
 
 
 
 
 
 
 
 
 
 
 
 
{
"corpora": {
"FAMILJELIV-ADOPTION": {
"absolute": {
"2003": 0,
"2023": null
},
"relative": {
"2003": 0,
"2023": null
},
"sums": {
"absolute": 0,
"relative": 0.0
}
},
"FAMILJELIV-ALLMANNA-EKONOMI": {
"absolute": {
"2003": 0,
"2023": null
},
"relative": {
"2003": 0,
"2023": null
},
"sums": {
"absolute": 0,
"relative": 0.0
}
},
"FAMILJELIV-ALLMANNA-FAMILJELIV": {
"absolute": {
"2003": 0,
"2023": null
},
"relative": {
"2003": 0,
"2023": null
},
"sums": {
"absolute": 0,
"relative": 0.0
}
},
"FAMILJELIV-ALLMANNA-FRITID": {
"absolute": {
"2004": 0,
"2023": null
},
"relative": {
"2004": 0,
"2023": null
},
"sums": {
"absolute": 0,
"relative": 0.0
}
},
"FAMILJELIV-ALLMANNA-HUSDJUR": {
"absolute": {
"2003": 0,
"2023": null
},
"relative": {
"2003": 0,
"2023": null
},
"sums": {
"absolute": 0,
"relative": 0.0
}
},
"FAMILJELIV-ALLMANNA-HUSHEM": {
"absolute": {
"2004": 0,
"2023": null
},
"relative": {
"2004": 0,
"2023": null
},
"sums": {
"absolute": 0,
"relative": 0.0
}
},
"FAMILJELIV-ALLMANNA-KROPP": {
"absolute": {
"2003": 0,
"2023": null,
"2005": 2,
"2006": 5,
"2007": 0
},
"relative": {
"2003": 0,
"2023": null,
"2005": 0.24497375106257366,
"2006": 0.26925116189953896,
"2007": 0.0
},
"sums": {
"absolute": 7,
"relative": 0.5142249129621126
}
},
"FAMILJELIV-ALLMANNA-NOJE": {
"absolute": {
"2003": 0,
"2023": null,
"2006": 47,
"2007": 0,
"2008": 1,
"2009": 0
},
"relative": {
"2003": 0,
"2023": null,
"2006": 3.6601473731083365,
"2007": 0.0,
"2008": 0.07784078989719956,
"2009": 0.0
},
"sums": {
"absolute": 48,
"relative": 3.737988163005536
}
},
"FAMILJELIV-ALLMANNA-SAMHALLE": {
"absolute": {
"2003": 0,
"2022": null
},
"relative": {
"2003": 0,
"2022": null
},
"sums": {
"absolute": 0,
"relative": 0.0
}
},
"FAMILJELIV-ALLMANNA-SANDLADAN": {
"absolute": {
"2005": 0,
"2022": null
},
"relative": {
"2005": 0,
"2022": null
},
"sums": {
"absolute": 0,
"relative": 0.0
}
},
"FAMILJELIV-ANGLARUM": {
"absolute": {
"2006": 0,
"2022": null
},
"relative": {
"2006": 0,
"2022": null
},
"sums": {
"absolute": 0,
"relative": 0.0
}
},
"FAMILJELIV-EXPERT": {
"absolute": {
"2009": 0,
"2023": null
},
"relative": {
"2009": 0,
"2023": null
},
"sums": {
"absolute": 0,
"relative": 0.0
}
},
"FAMILJELIV-FORALDER": {
"absolute": {
"2003": 0,
"2022": null,
"2005": 42,
"2006": 180,
"2007": 84,
"2008": 0,
"2010": 2,
"2011": 0
},
"relative": {
"2003": 0,
"2022": null,
"2005": 0.6848685373644218,
"2006": 1.8072501816989253,
"2007": 0.9797540245875105,
"2008": 0.0,
"2010": 0.033441596600808844,
"2011": 0.0
},
"sums": {
"absolute": 308,
"relative": 3.5053143402516667
}
},
"FAMILJELIV-GRAVID": {
"absolute": {
"2003": 0,
"2022": null,
"2005": 6,
"2006": 16,
"2007": 0,
"2008": 1,
"2009": 32,
"2010": 248,
"2011": 0
},
"relative": {
"2003": 0,
"2022": null,
"2005": 0.151473779282911,
"2006": 0.3161668875059442,
"2007": 0.0,
"2008": 0.02139767288324698,
"2009": 0.6273719807282306,
"2010": 6.729593613138077,
"2011": 0.0
},
"sums": {
"absolute": 303,
"relative": 7.84600393353841
}
},
"FAMILJELIV-KANSLIGA": {
"absolute": {
"2003": 0,
"2022": null,
"2006": 2,
"2007": 0,
"2011": 1,
"2012": 0
},
"relative": {
"2003": 0,
"2022": null,
"2006": 0.03860077516918671,
"2007": 0.0,
"2011": 0.010466834750774773,
"2012": 0.0
},
"sums": {
"absolute": 3,
"relative": 0.04906760991996148
}
},
"FAMILJELIV-MEDLEM-ALLMANNA": {
"absolute": {
"2006": 0,
"2022": null,
"2007": 80,
"2008": 603,
"2009": 17,
"2010": 56,
"2011": 35,
"2012": 0
},
"relative": {
"2006": 0,
"2022": null,
"2007": 1.0886730307316748,
"2008": 8.39680334949739,
"2009": 0.26062325690949817,
"2010": 1.9471219399370598,
"2011": 3.318719588675998,
"2012": 0.0
},
"sums": {
"absolute": 791,
"relative": 15.01194116575162
}
},
"FAMILJELIV-MEDLEM-FORALDRAR": {
"absolute": {
"2006": 32,
"2022": null,
"2007": 86,
"2008": 26,
"2009": 2,
"2010": 518,
"2011": 53,
"2012": 0
},
"relative": {
"2006": 1.5423219406188702,
"2022": null,
"2007": 1.0743602453329104,
"2008": 0.3217870209531866,
"2009": 0.03265974407465286,
"2010": 17.180024937569016,
"2011": 6.123984574029499,
"2012": 0.0
},
"sums": {
"absolute": 717,
"relative": 26.275138462578134
}
},
"FAMILJELIV-MEDLEM-PLANERARBARN": {
"absolute": {
"2005": 0,
"2021": null
},
"relative": {
"2005": 0,
"2021": null
},
"sums": {
"absolute": 0,
"relative": 0.0
}
},
"FAMILJELIV-MEDLEM-VANTARBARN": {
"absolute": {
"2003": 0,
"2023": null,
"2006": 28,
"2007": 0,
"2009": 26,
"2010": 27,
"2011": 0
},
"relative": {
"2003": 0,
"2023": null,
"2006": 0.6568550353310594,
"2007": 0.0,
"2009": 0.5784754062627215,
"2010": 0.6186621074477225,
"2011": 0.0
},
"sums": {
"absolute": 81,
"relative": 1.8539925490415035
}
},
"FAMILJELIV-PAPPAGRUPP": {
"absolute": {
"2004": 0,
"2023": null
},
"relative": {
"2004": 0,
"2023": null
},
"sums": {
"absolute": 0,
"relative": 0.0
}
},
"FAMILJELIV-PLANERARBARN": {
"absolute": {
"2003": 0,
"2022": null
},
"relative": {
"2003": 0,
"2022": null
},
"sums": {
"absolute": 0,
"relative": 0.0
}
},
"FAMILJELIV-SEXSAMLEVNAD": {
"absolute": {
"2004": 0,
"2022": null
},
"relative": {
"2004": 0,
"2022": null
},
"sums": {
"absolute": 0,
"relative": 0.0
}
},
"FAMILJELIV-SVARTATTFABARN": {
"absolute": {
"2003": 0,
"2022": null
},
"relative": {
"2003": 0,
"2022": null
},
"sums": {
"absolute": 0,
"relative": 0.0
}
}
},
"combined": {
"absolute": {
"2003": 0,
"2023": null,
"2005": 50,
"2006": 310,
"2007": 250,
"2008": 631,
"2009": 77,
"2010": 851,
"2011": 89,
"2012": 0
},
"relative": {
"2003": 0,
"2023": null,
"2005": 0.21516519957996655,
"2006": 0.6607799894742438,
"2007": 0.3937255139838932,
"2008": 1.0132600102634084,
"2009": 0.1297920241429077,
"2010": 2.065069785975852,
"2011": 0.2467406188038475,
"2012": 0.0
},
"sums": {
"absolute": 2258,
"relative": 0.5056068760629154
}
},
"time": 1073.1653845310211
}
