 
 
 
 
 
 
 
 
 
 
 
 
 
 
 
 
 
 
 
 
 
 
 
 
 
 
 
 
 
 
 
 
 
 
 
 
 
 
 
 
 
 
 
 
 
 
 
 
 
 
 
 
 
 
 
 
 
 
 
 
 
 
 
 
 
 
 
 
 
 
 
 
 
 
 
 
 
 
 
 
 
 
 
 
 
 
 
 
 
 
 
 
 
 
 
 
 
 
 
 
 
 
 
 
 
 
 
 
 
 
 
 
 
 
 
 
 
 
 
 
 
 
 
 
 
 
 
 
 
 
 
 
 
 
 
 
 
 
 
 
 
 
 
 
 
 
 
 
 
 
 
 
 
 
 
 
 
 
 
 
 
 
 
 
 
 
 
 
 
 
 
 
 
 
 
 
 
 
 
 
 
 
 
 
 
 
 
 
 
 
 
 
 
 
 
 
 
 
 
 
 
 
 
 
 
 
 
 
 
 
 
 
 
 
 
 
 
 
 
 
 
 
 
 
 
 
{
"corpora": {
"FAMILJELIV-ADOPTION": {
"absolute": {
"2003": 0,
"2023": null,
"2008": 1,
"2009": 0
},
"relative": {
"2003": 0,
"2023": null,
"2008": 0.3575366582335687,
"2009": 0.0
},
"sums": {
"absolute": 1,
"relative": 0.3575366582335687
}
},
"FAMILJELIV-ALLMANNA-EKONOMI": {
"absolute": {
"2003": 0,
"2023": null,
"2012": 2,
"2013": 0
},
"relative": {
"2003": 0,
"2023": null,
"2012": 0.688996349352843,
"2013": 0.0
},
"sums": {
"absolute": 2,
"relative": 0.688996349352843
}
},
"FAMILJELIV-ALLMANNA-FAMILJELIV": {
"absolute": {
"2003": 0,
"2023": null,
"2008": 2,
"2009": 0
},
"relative": {
"2003": 0,
"2023": null,
"2008": 0.26025488843263317,
"2009": 0.0
},
"sums": {
"absolute": 2,
"relative": 0.26025488843263317
}
},
"FAMILJELIV-ALLMANNA-FRITID": {
"absolute": {
"2004": 0,
"2023": null
},
"relative": {
"2004": 0,
"2023": null
},
"sums": {
"absolute": 0,
"relative": 0.0
}
},
"FAMILJELIV-ALLMANNA-HUSDJUR": {
"absolute": {
"2003": 0,
"2023": null,
"2008": 1,
"2009": 0
},
"relative": {
"2003": 0,
"2023": null,
"2008": 0.13288369036080314,
"2009": 0.0
},
"sums": {
"absolute": 1,
"relative": 0.13288369036080314
}
},
"FAMILJELIV-ALLMANNA-HUSHEM": {
"absolute": {
"2004": 0,
"2023": null,
"2012": 4,
"2013": 3,
"2014": 0
},
"relative": {
"2004": 0,
"2023": null,
"2012": 1.121023449568518,
"2013": 1.230440103816333,
"2014": 0.0
},
"sums": {
"absolute": 7,
"relative": 2.351463553384851
}
},
"FAMILJELIV-ALLMANNA-KROPP": {
"absolute": {
"2003": 0,
"2023": null,
"2008": 4,
"2009": 0,
"2011": 4,
"2012": 12,
"2013": 0
},
"relative": {
"2003": 0,
"2023": null,
"2008": 0.24056896002459574,
"2009": 0.0,
"2011": 0.3131741808244232,
"2012": 1.2762557718667282,
"2013": 0.0
},
"sums": {
"absolute": 20,
"relative": 1.8299989127157472
}
},
"FAMILJELIV-ALLMANNA-NOJE": {
"absolute": {
"2003": 0,
"2023": null,
"2012": 3,
"2013": 0
},
"relative": {
"2003": 0,
"2023": null,
"2012": 0.6829238976925367,
"2013": 0.0
},
"sums": {
"absolute": 3,
"relative": 0.6829238976925367
}
},
"FAMILJELIV-ALLMANNA-SAMHALLE": {
"absolute": {
"2003": 0,
"2022": null,
"2008": 69,
"2009": 32,
"2010": 61,
"2011": 164,
"2012": 12,
"2013": 7,
"2014": 36,
"2015": 0
},
"relative": {
"2003": 0,
"2022": null,
"2008": 1.9586080825226873,
"2009": 0.7905254340935735,
"2010": 2.036889810839386,
"2011": 5.2324336355127565,
"2012": 0.5188626910311903,
"2013": 0.450317325753249,
"2014": 2.6907651594345627,
"2015": 0.0
},
"sums": {
"absolute": 381,
"relative": 13.678402139187405
}
},
"FAMILJELIV-ALLMANNA-SANDLADAN": {
"absolute": {
"2005": 0,
"2022": null,
"2012": 1,
"2013": 0
},
"relative": {
"2005": 0,
"2022": null,
"2012": 0.23526328431779647,
"2013": 0.0
},
"sums": {
"absolute": 1,
"relative": 0.23526328431779647
}
},
"FAMILJELIV-ANGLARUM": {
"absolute": {
"2006": 0,
"2022": null
},
"relative": {
"2006": 0,
"2022": null
},
"sums": {
"absolute": 0,
"relative": 0.0
}
},
"FAMILJELIV-EXPERT": {
"absolute": {
"2009": 0,
"2023": null
},
"relative": {
"2009": 0,
"2023": null
},
"sums": {
"absolute": 0,
"relative": 0.0
}
},
"FAMILJELIV-FORALDER": {
"absolute": {
"2003": 0,
"2022": null,
"2008": 3,
"2009": 9,
"2010": 0,
"2012": 16,
"2013": 7,
"2014": 0
},
"relative": {
"2003": 0,
"2022": null,
"2008": 0.033932957727916116,
"2009": 0.11112069218412611,
"2010": 0.0,
"2012": 0.5674090859926201,
"2013": 0.41634920040136064,
"2014": 0.0
},
"sums": {
"absolute": 35,
"relative": 1.128811936306023
}
},
"FAMILJELIV-GRAVID": {
"absolute": {
"2003": 0,
"2022": null
},
"relative": {
"2003": 0,
"2022": null
},
"sums": {
"absolute": 0,
"relative": 0.0
}
},
"FAMILJELIV-KANSLIGA": {
"absolute": {
"2003": 0,
"2022": null,
"2008": 1,
"2009": 3,
"2010": 0,
"2012": 52,
"2013": 24,
"2014": 1,
"2015": 1,
"2016": 0,
"2017": 2,
"2018": 0
},
"relative": {
"2003": 0,
"2022": null,
"2008": 0.011652317362189411,
"2009": 0.031271317266088824,
"2010": 0.0,
"2012": 0.5112516509126929,
"2013": 0.27563898514687174,
"2014": 0.01737934645071948,
"2015": 0.027893801269329742,
"2016": 0.0,
"2017": 0.06447715363284111,
"2018": 0.0
},
"sums": {
"absolute": 84,
"relative": 0.9395645720407332
}
},
"FAMILJELIV-MEDLEM-ALLMANNA": {
"absolute": {
"2006": 0,
"2022": null
},
"relative": {
"2006": 0,
"2022": null
},
"sums": {
"absolute": 0,
"relative": 0.0
}
},
"FAMILJELIV-MEDLEM-FORALDRAR": {
"absolute": {
"2006": 0,
"2022": null
},
"relative": {
"2006": 0,
"2022": null
},
"sums": {
"absolute": 0,
"relative": 0.0
}
},
"FAMILJELIV-MEDLEM-PLANERARBARN": {
"absolute": {
"2005": 0,
"2021": null
},
"relative": {
"2005": 0,
"2021": null
},
"sums": {
"absolute": 0,
"relative": 0.0
}
},
"FAMILJELIV-MEDLEM-VANTARBARN": {
"absolute": {
"2003": 0,
"2023": null
},
"relative": {
"2003": 0,
"2023": null
},
"sums": {
"absolute": 0,
"relative": 0.0
}
},
"FAMILJELIV-PAPPAGRUPP": {
"absolute": {
"2004": 0,
"2023": null
},
"relative": {
"2004": 0,
"2023": null
},
"sums": {
"absolute": 0,
"relative": 0.0
}
},
"FAMILJELIV-PLANERARBARN": {
"absolute": {
"2003": 0,
"2022": null
},
"relative": {
"2003": 0,
"2022": null
},
"sums": {
"absolute": 0,
"relative": 0.0
}
},
"FAMILJELIV-SEXSAMLEVNAD": {
"absolute": {
"2004": 0,
"2022": null,
"2008": 1,
"2009": 0
},
"relative": {
"2004": 0,
"2022": null,
"2008": 0.06917373016918857,
"2009": 0.0
},
"sums": {
"absolute": 1,
"relative": 0.06917373016918857
}
},
"FAMILJELIV-SVARTATTFABARN": {
"absolute": {
"2003": 0,
"2022": null
},
"relative": {
"2003": 0,
"2022": null
},
"sums": {
"absolute": 0,
"relative": 0.0
}
}
},
"combined": {
"absolute": {
"2003": 0,
"2023": null,
"2008": 82,
"2009": 44,
"2010": 61,
"2011": 168,
"2012": 102,
"2013": 41,
"2014": 37,
"2015": 1,
"2016": 0,
"2017": 2,
"2018": 0
},
"relative": {
"2003": 0,
"2023": null,
"2008": 0.13167562732424645,
"2009": 0.07416687093880439,
"2010": 0.14802497878322793,
"2011": 0.4657575725735548,
"2012": 0.3511922100995415,
"2013": 0.1973455882440713,
"2014": 0.2670925710366982,
"2015": 0.011263307936225889,
"2016": 0.0,
"2017": 0.032499008495874546,
"2018": 0.0
},
"sums": {
"absolute": 538,
"relative": 0.12046789163943689
}
},
"time": 1156.049486875534
}
