 
 
 
 
 
 
 
 
 
 
 
 
 
 
 
 
 
 
 
 
 
 
 
 
 
 
 
 
 
 
 
 
 
 
 
 
 
 
 
 
 
 
 
 
 
 
 
 
 
 
 
 
 
 
 
 
 
 
 
 
 
 
 
 
 
 
 
 
 
 
 
 
 
 
 
 
 
 
 
 
 
 
 
 
 
 
 
 
 
 
 
 
 
 
 
 
 
 
 
 
 
 
 
 
 
 
 
 
 
 
 
 
 
 
 
 
 
 
 
 
 
 
 
 
 
 
 
 
 
 
 
 
 
 
 
 
 
 
 
 
 
 
 
 
 
 
 
 
 
 
 
 
 
 
 
 
 
 
 
 
 
 
 
 
 
 
 
 
 
 
 
 
 
 
 
 
 
 
 
 
 
 
 
 
 
 
 
 
 
 
 
 
 
 
 
 
 
 
 
 
 
 
{
"corpora": {
"FAMILJELIV-ADOPTION": {
"absolute": {
"2003": 0,
"2023": null
},
"relative": {
"2003": 0,
"2023": null
},
"sums": {
"absolute": 0,
"relative": 0.0
}
},
"FAMILJELIV-ALLMANNA-EKONOMI": {
"absolute": {
"2003": 0,
"2023": null
},
"relative": {
"2003": 0,
"2023": null
},
"sums": {
"absolute": 0,
"relative": 0.0
}
},
"FAMILJELIV-ALLMANNA-FAMILJELIV": {
"absolute": {
"2003": 0,
"2023": null,
"2010": 1,
"2011": 1,
"2012": 0
},
"relative": {
"2003": 0,
"2023": null,
"2010": 0.15901476992789,
"2011": 0.5457058678114848,
"2012": 0.0
},
"sums": {
"absolute": 2,
"relative": 0.7047206377393748
}
},
"FAMILJELIV-ALLMANNA-FRITID": {
"absolute": {
"2004": 0,
"2023": null
},
"relative": {
"2004": 0,
"2023": null
},
"sums": {
"absolute": 0,
"relative": 0.0
}
},
"FAMILJELIV-ALLMANNA-HUSDJUR": {
"absolute": {
"2003": 0,
"2023": null,
"2013": 1,
"2014": 0
},
"relative": {
"2003": 0,
"2023": null,
"2013": 0.5647637141572709,
"2014": 0.0
},
"sums": {
"absolute": 1,
"relative": 0.5647637141572709
}
},
"FAMILJELIV-ALLMANNA-HUSHEM": {
"absolute": {
"2004": 0,
"2023": null
},
"relative": {
"2004": 0,
"2023": null
},
"sums": {
"absolute": 0,
"relative": 0.0
}
},
"FAMILJELIV-ALLMANNA-KROPP": {
"absolute": {
"2003": 0,
"2023": null,
"2012": 1,
"2013": 0
},
"relative": {
"2003": 0,
"2023": null,
"2012": 0.10635464765556069,
"2013": 0.0
},
"sums": {
"absolute": 1,
"relative": 0.10635464765556069
}
},
"FAMILJELIV-ALLMANNA-NOJE": {
"absolute": {
"2003": 0,
"2023": null,
"2011": 1,
"2012": 0
},
"relative": {
"2003": 0,
"2023": null,
"2011": 0.1503455090142657,
"2012": 0.0
},
"sums": {
"absolute": 1,
"relative": 0.1503455090142657
}
},
"FAMILJELIV-ALLMANNA-SAMHALLE": {
"absolute": {
"2003": 0,
"2022": null,
"2010": 1,
"2011": 6,
"2012": 6,
"2013": 1,
"2014": 4,
"2015": 0
},
"relative": {
"2003": 0,
"2022": null,
"2010": 0.033391636243268616,
"2011": 0.19143049886022281,
"2012": 0.25943134551559516,
"2013": 0.06433104653617842,
"2014": 0.29897390660384027,
"2015": 0.0
},
"sums": {
"absolute": 18,
"relative": 0.8475584337591052
}
},
"FAMILJELIV-ALLMANNA-SANDLADAN": {
"absolute": {
"2005": 0,
"2022": null,
"2012": 1,
"2013": 2,
"2014": 0
},
"relative": {
"2005": 0,
"2022": null,
"2012": 0.23526328431779647,
"2013": 1.0813990708619183,
"2014": 0.0
},
"sums": {
"absolute": 3,
"relative": 1.3166623551797147
}
},
"FAMILJELIV-ANGLARUM": {
"absolute": {
"2006": 0,
"2022": null
},
"relative": {
"2006": 0,
"2022": null
},
"sums": {
"absolute": 0,
"relative": 0.0
}
},
"FAMILJELIV-EXPERT": {
"absolute": {
"2009": 0,
"2023": null
},
"relative": {
"2009": 0,
"2023": null
},
"sums": {
"absolute": 0,
"relative": 0.0
}
},
"FAMILJELIV-FORALDER": {
"absolute": {
"2003": 0,
"2022": null,
"2010": 1,
"2011": 41,
"2012": 10,
"2013": 1,
"2014": 3,
"2015": 0
},
"relative": {
"2003": 0,
"2022": null,
"2010": 0.016720798300404422,
"2011": 0.83641214604262,
"2012": 0.35463067874538756,
"2013": 0.05947845720019437,
"2014": 0.3149370220437019,
"2015": 0.0
},
"sums": {
"absolute": 56,
"relative": 1.582179102332308
}
},
"FAMILJELIV-GRAVID": {
"absolute": {
"2003": 0,
"2022": null,
"2010": 103,
"2011": 36,
"2012": 6,
"2013": 10,
"2014": 5,
"2015": 0
},
"relative": {
"2003": 0,
"2022": null,
"2010": 2.7949521861017015,
"2011": 0.781899886407322,
"2012": 0.14542122019892023,
"2013": 0.3644591799340438,
"2014": 0.2963852382131147,
"2015": 0.0
},
"sums": {
"absolute": 160,
"relative": 4.383117710855102
}
},
"FAMILJELIV-KANSLIGA": {
"absolute": {
"2003": 0,
"2022": null,
"2010": 1,
"2011": 25,
"2012": 18,
"2013": 11,
"2014": 6,
"2015": 0
},
"relative": {
"2003": 0,
"2022": null,
"2010": 0.013084212372153833,
"2011": 0.26167086876936935,
"2012": 0.17697172531593214,
"2013": 0.12633453485898286,
"2014": 0.10427607870431689,
"2015": 0.0
},
"sums": {
"absolute": 61,
"relative": 0.682337420020755
}
},
"FAMILJELIV-MEDLEM-ALLMANNA": {
"absolute": {
"2006": 0,
"2022": null
},
"relative": {
"2006": 0,
"2022": null
},
"sums": {
"absolute": 0,
"relative": 0.0
}
},
"FAMILJELIV-MEDLEM-FORALDRAR": {
"absolute": {
"2006": 0,
"2022": null
},
"relative": {
"2006": 0,
"2022": null
},
"sums": {
"absolute": 0,
"relative": 0.0
}
},
"FAMILJELIV-MEDLEM-PLANERARBARN": {
"absolute": {
"2005": 0,
"2021": null
},
"relative": {
"2005": 0,
"2021": null
},
"sums": {
"absolute": 0,
"relative": 0.0
}
},
"FAMILJELIV-MEDLEM-VANTARBARN": {
"absolute": {
"2003": 0,
"2022": null,
"2010": 12,
"2011": 4,
"2012": 0
},
"relative": {
"2003": 0,
"2022": null,
"2010": 0.2746281677643974,
"2011": 0.19417410689255457,
"2012": 0.0
},
"sums": {
"absolute": 16,
"relative": 0.468802274656952
}
},
"FAMILJELIV-PAPPAGRUPP": {
"absolute": {
"2004": 0,
"2023": null
},
"relative": {
"2004": 0,
"2023": null
},
"sums": {
"absolute": 0,
"relative": 0.0
}
},
"FAMILJELIV-PLANERARBARN": {
"absolute": {
"2003": 0,
"2022": null,
"2011": 1,
"2012": 0
},
"relative": {
"2003": 0,
"2022": null,
"2011": 0.05844249124443817,
"2012": 0.0
},
"sums": {
"absolute": 1,
"relative": 0.05844249124443817
}
},
"FAMILJELIV-SEXSAMLEVNAD": {
"absolute": {
"2004": 0,
"2022": null,
"2011": 1,
"2012": 1,
"2013": 0
},
"relative": {
"2004": 0,
"2022": null,
"2011": 0.07232436552184669,
"2012": 0.06738417788506537,
"2013": 0.0
},
"sums": {
"absolute": 2,
"relative": 0.13970854340691208
}
},
"FAMILJELIV-SVARTATTFABARN": {
"absolute": {
"2003": 0,
"2022": null,
"2011": 1,
"2012": 0
},
"relative": {
"2003": 0,
"2022": null,
"2011": 0.07524557522157188,
"2012": 0.0
},
"sums": {
"absolute": 1,
"relative": 0.07524557522157188
}
}
},
"combined": {
"absolute": {
"2003": 0,
"2023": null,
"2010": 119,
"2011": 117,
"2012": 43,
"2013": 26,
"2014": 18,
"2015": 0
},
"relative": {
"2003": 0,
"2023": null,
"2010": 0.2887329887652077,
"2011": 0.324366766692968,
"2012": 0.14805128715565255,
"2013": 0.12514609603384103,
"2014": 0.1299463388037758,
"2015": 0.0
},
"sums": {
"absolute": 323,
"relative": 0.07232491249421152
}
},
"time": 1010.759762763977
}
