 
 
 
 
 
 
 
 
 
 
 
 
 
 
 
 
 
 
 
 
 
 
 
 
 
 
 
 
 
 
 
 
 
 
 
 
 
 
 
 
 
 
 
 
 
 
 
 
 
 
 
 
 
 
 
 
 
 
 
 
 
 
 
 
 
 
 
 
 
 
 
 
 
 
 
 
 
 
 
 
 
 
 
 
 
 
 
 
 
 
 
 
 
 
 
 
 
 
 
 
 
 
 
 
 
 
 
 
 
 
 
 
 
 
 
 
 
 
 
 
 
 
 
 
 
 
 
 
 
 
 
 
 
 
 
 
 
 
 
 
 
 
 
 
 
 
 
 
 
 
 
 
 
 
 
 
 
 
 
 
 
 
 
 
 
 
 
 
 
 
 
 
 
 
 
 
 
 
 
 
 
 
 
 
 
 
 
 
 
 
 
 
 
 
{
"corpora": {
"FAMILJELIV-ADOPTION": {
"absolute": {
"2003": 0,
"2023": null
},
"relative": {
"2003": 0,
"2023": null
},
"sums": {
"absolute": 0,
"relative": 0.0
}
},
"FAMILJELIV-ALLMANNA-EKONOMI": {
"absolute": {
"2003": 0,
"2023": null,
"2006": 3,
"2007": 1,
"2008": 0
},
"relative": {
"2003": 0,
"2023": null,
"2006": 0.8163531870428422,
"2007": 0.18716133157052314,
"2008": 0.0
},
"sums": {
"absolute": 4,
"relative": 1.0035145186133654
}
},
"FAMILJELIV-ALLMANNA-FAMILJELIV": {
"absolute": {
"2003": 0,
"2023": null,
"2006": 4,
"2007": 0
},
"relative": {
"2003": 0,
"2023": null,
"2006": 0.2674829533113855,
"2007": 0.0
},
"sums": {
"absolute": 4,
"relative": 0.2674829533113855
}
},
"FAMILJELIV-ALLMANNA-FRITID": {
"absolute": {
"2004": 0,
"2023": null,
"2007": 1,
"2008": 0
},
"relative": {
"2004": 0,
"2023": null,
"2007": 0.18950534556678775,
"2008": 0.0
},
"sums": {
"absolute": 1,
"relative": 0.18950534556678775
}
},
"FAMILJELIV-ALLMANNA-HUSDJUR": {
"absolute": {
"2003": 0,
"2023": null,
"2005": 1,
"2006": 5,
"2007": 1,
"2008": 2,
"2009": 2,
"2010": 0
},
"relative": {
"2003": 0,
"2023": null,
"2005": 0.3987824374619412,
"2006": 0.833663325066172,
"2007": 0.11145930999553717,
"2008": 0.26576738072160627,
"2009": 0.31281491664186306,
"2010": 0.0
},
"sums": {
"absolute": 11,
"relative": 1.9224873698871199
}
},
"FAMILJELIV-ALLMANNA-HUSHEM": {
"absolute": {
"2004": 0,
"2023": null,
"2005": 1,
"2006": 0,
"2007": 1,
"2008": 0
},
"relative": {
"2004": 0,
"2023": null,
"2005": 0.27104935402162705,
"2006": 0.0,
"2007": 0.0794506780122235,
"2008": 0.0
},
"sums": {
"absolute": 2,
"relative": 0.35050003203385055
}
},
"FAMILJELIV-ALLMANNA-KROPP": {
"absolute": {
"2003": 0,
"2023": null,
"2005": 1,
"2006": 1,
"2007": 0,
"2008": 1,
"2009": 0,
"2011": 1,
"2012": 0
},
"relative": {
"2003": 0,
"2023": null,
"2005": 0.12248687553128683,
"2006": 0.053850232379907784,
"2007": 0.0,
"2008": 0.060142240006148935,
"2009": 0.0,
"2011": 0.0782935452061058,
"2012": 0.0
},
"sums": {
"absolute": 4,
"relative": 0.31477289312344936
}
},
"FAMILJELIV-ALLMANNA-NOJE": {
"absolute": {
"2003": 0,
"2023": null,
"2005": 1,
"2006": 3,
"2007": 3,
"2008": 1,
"2009": 0,
"2010": 1,
"2011": 0
},
"relative": {
"2003": 0,
"2023": null,
"2005": 0.0969204684205007,
"2006": 0.23362642807074488,
"2007": 0.2357151881667204,
"2008": 0.07784078989719956,
"2009": 0.0,
"2010": 0.16019774810025494,
"2011": 0.0
},
"sums": {
"absolute": 9,
"relative": 0.8043006226554206
}
},
"FAMILJELIV-ALLMANNA-SAMHALLE": {
"absolute": {
"2003": 0,
"2022": null,
"2004": 1,
"2005": 2,
"2006": 3,
"2007": 4,
"2008": 1,
"2009": 3,
"2010": 1,
"2011": 3,
"2012": 0
},
"relative": {
"2003": 0,
"2022": null,
"2004": 0.23688537424691178,
"2005": 0.15343865618424915,
"2006": 0.08911262362297233,
"2007": 0.10558473008293205,
"2008": 0.02838562438438677,
"2009": 0.07411175944627252,
"2010": 0.033391636243268616,
"2011": 0.09571524943011141,
"2012": 0.0
},
"sums": {
"absolute": 18,
"relative": 0.8166256536411046
}
},
"FAMILJELIV-ALLMANNA-SANDLADAN": {
"absolute": {
"2005": 0,
"2022": null,
"2007": 1,
"2008": 0
},
"relative": {
"2005": 0,
"2022": null,
"2007": 0.14830636357394014,
"2008": 0.0
},
"sums": {
"absolute": 1,
"relative": 0.14830636357394014
}
},
"FAMILJELIV-ANGLARUM": {
"absolute": {
"2006": 0,
"2022": null
},
"relative": {
"2006": 0,
"2022": null
},
"sums": {
"absolute": 0,
"relative": 0.0
}
},
"FAMILJELIV-EXPERT": {
"absolute": {
"2009": 0,
"2023": null
},
"relative": {
"2009": 0,
"2023": null
},
"sums": {
"absolute": 0,
"relative": 0.0
}
},
"FAMILJELIV-FORALDER": {
"absolute": {
"2003": 0,
"2022": null,
"2004": 9,
"2005": 14,
"2006": 27,
"2007": 30,
"2008": 3,
"2009": 8,
"2010": 1,
"2011": 2,
"2012": 0
},
"relative": {
"2003": 0,
"2022": null,
"2004": 0.5561615656763778,
"2005": 0.22828951245480725,
"2006": 0.27108752725483876,
"2007": 0.34991215163839656,
"2008": 0.033932957727916116,
"2009": 0.09877394860811209,
"2010": 0.016720798300404422,
"2011": 0.0408005924898839,
"2012": 0.0
},
"sums": {
"absolute": 94,
"relative": 1.595679054150737
}
},
"FAMILJELIV-GRAVID": {
"absolute": {
"2003": 0,
"2022": null,
"2004": 13,
"2005": 14,
"2006": 20,
"2007": 6,
"2008": 0,
"2009": 4,
"2010": 1,
"2011": 0
},
"relative": {
"2003": 0,
"2022": null,
"2004": 0.5015756807095768,
"2005": 0.35343881832679236,
"2006": 0.39520860938243024,
"2007": 0.12440911373062333,
"2008": 0.0,
"2009": 0.07842149759102883,
"2010": 0.027135458117492246,
"2011": 0.0
},
"sums": {
"absolute": 58,
"relative": 1.480189177857944
}
},
"FAMILJELIV-KANSLIGA": {
"absolute": {
"2003": 0,
"2022": null,
"2005": 1,
"2006": 8,
"2007": 9,
"2008": 6,
"2009": 4,
"2010": 1,
"2011": 4,
"2012": 0
},
"relative": {
"2003": 0,
"2022": null,
"2005": 0.04971802175372267,
"2006": 0.15440310067674684,
"2007": 0.10938154580188157,
"2008": 0.06991390417313646,
"2009": 0.041695089688118435,
"2010": 0.013084212372153833,
"2011": 0.041867339003099094,
"2012": 0.0
},
"sums": {
"absolute": 33,
"relative": 0.4800632134688589
}
},
"FAMILJELIV-MEDLEM-ALLMANNA": {
"absolute": {
"2006": 1,
"2022": null,
"2007": 2,
"2008": 0
},
"relative": {
"2006": 0.04264120475048606,
"2022": null,
"2007": 0.027216825768291868,
"2008": 0.0
},
"sums": {
"absolute": 3,
"relative": 0.06985803051877792
}
},
"FAMILJELIV-MEDLEM-FORALDRAR": {
"absolute": {
"2006": 0,
"2022": null,
"2007": 1,
"2008": 0
},
"relative": {
"2006": 0,
"2022": null,
"2007": 0.012492560992243143,
"2008": 0.0
},
"sums": {
"absolute": 1,
"relative": 0.012492560992243143
}
},
"FAMILJELIV-MEDLEM-PLANERARBARN": {
"absolute": {
"2005": 0,
"2021": null
},
"relative": {
"2005": 0,
"2021": null
},
"sums": {
"absolute": 0,
"relative": 0.0
}
},
"FAMILJELIV-MEDLEM-VANTARBARN": {
"absolute": {
"2003": 0,
"2022": null,
"2004": 1,
"2005": 0
},
"relative": {
"2003": 0,
"2022": null,
"2004": 0.10512480258876135,
"2005": 0.0
},
"sums": {
"absolute": 1,
"relative": 0.10512480258876135
}
},
"FAMILJELIV-PAPPAGRUPP": {
"absolute": {
"2004": 0,
"2023": null
},
"relative": {
"2004": 0,
"2023": null
},
"sums": {
"absolute": 0,
"relative": 0.0
}
},
"FAMILJELIV-PLANERARBARN": {
"absolute": {
"2003": 0,
"2022": null,
"2005": 1,
"2006": 1,
"2007": 3,
"2008": 0
},
"relative": {
"2003": 0,
"2022": null,
"2005": 0.04432984882989591,
"2006": 0.04429419067515154,
"2007": 0.2432217739915174,
"2008": 0.0
},
"sums": {
"absolute": 5,
"relative": 0.33184581349656483
}
},
"FAMILJELIV-SEXSAMLEVNAD": {
"absolute": {
"2004": 0,
"2022": null
},
"relative": {
"2004": 0,
"2022": null
},
"sums": {
"absolute": 0,
"relative": 0.0
}
},
"FAMILJELIV-SVARTATTFABARN": {
"absolute": {
"2003": 0,
"2022": null,
"2011": 1,
"2012": 0
},
"relative": {
"2003": 0,
"2022": null,
"2011": 0.07524557522157188,
"2012": 0.0
},
"sums": {
"absolute": 1,
"relative": 0.07524557522157188
}
}
},
"combined": {
"absolute": {
"2003": 0,
"2023": null,
"2004": 24,
"2005": 36,
"2006": 76,
"2007": 63,
"2008": 14,
"2009": 21,
"2010": 5,
"2011": 11,
"2012": 0
},
"relative": {
"2003": 0,
"2023": null,
"2004": 0.24881350945390254,
"2005": 0.15491906103040712,
"2006": 0.1619977601294434,
"2007": 0.09921884702505729,
"2008": 0.022481222029385434,
"2009": 0.03539782876393381,
"2010": 0.01213163818341209,
"2011": 0.03049602080019357,
"2012": 0.0
},
"sums": {
"absolute": 250,
"relative": 0.055979043826668066
}
},
"time": 974.8485045433044
}
