 
 
 
 
 
 
 
 
 
 
 
 
 
 
 
 
 
 
 
 
 
 
 
 
 
 
 
 
 
 
 
 
 
 
 
 
 
 
 
 
 
 
 
 
 
 
 
 
 
 
 
 
 
 
 
 
 
 
 
 
 
 
 
 
 
 
 
 
 
 
 
 
 
 
 
 
 
 
 
 
 
 
 
 
 
 
 
 
 
 
 
 
 
 
 
 
 
 
 
 
 
 
 
 
 
 
 
 
 
 
 
 
 
 
 
 
 
 
 
 
 
 
 
 
 
 
 
 
 
 
 
 
 
 
 
 
 
 
 
 
 
 
 
 
 
 
 
 
 
 
 
 
 
 
 
 
 
 
 
 
 
 
 
 
 
 
 
 
 
 
 
 
 
 
 
 
 
 
 
 
 
 
 
 
 
 
 
 
 
 
 
 
 
 
 
 
 
 
 
 
 
 
 
 
 
 
 
 
 
 
 
 
 
 
 
 
 
 
 
 
 
 
 
 
 
 
 
 
 
 
 
 
 
 
 
{
"corpora": {
"FAMILJELIV-ADOPTION": {
"absolute": {
"2003": 0,
"2023": null
},
"relative": {
"2003": 0,
"2023": null
},
"sums": {
"absolute": 0,
"relative": 0.0
}
},
"FAMILJELIV-ALLMANNA-EKONOMI": {
"absolute": {
"2003": 0,
"2023": null,
"2007": 7,
"2008": 3,
"2009": 2,
"2010": 0
},
"relative": {
"2003": 0,
"2023": null,
"2007": 1.310129320993662,
"2008": 0.39512094125183794,
"2009": 0.27185788357278345,
"2010": 0.0
},
"sums": {
"absolute": 12,
"relative": 1.9771081458182833
}
},
"FAMILJELIV-ALLMANNA-FAMILJELIV": {
"absolute": {
"2003": 0,
"2023": null,
"2006": 4,
"2007": 9,
"2008": 39,
"2009": 9,
"2010": 1,
"2011": 0
},
"relative": {
"2003": 0,
"2023": null,
"2006": 0.2674829533113855,
"2007": 0.8697595056982778,
"2008": 5.074970324436347,
"2009": 1.177040029431232,
"2010": 0.15901476992789,
"2011": 0.0
},
"sums": {
"absolute": 62,
"relative": 7.548267582805132
}
},
"FAMILJELIV-ALLMANNA-FRITID": {
"absolute": {
"2004": 0,
"2023": null,
"2006": 1,
"2007": 5,
"2008": 47,
"2009": 1,
"2010": 0
},
"relative": {
"2004": 0,
"2023": null,
"2006": 0.22040165556907598,
"2007": 0.9475267278339388,
"2008": 8.731714721132255,
"2009": 0.23273149743867352,
"2010": 0.0
},
"sums": {
"absolute": 54,
"relative": 10.132374601973941
}
},
"FAMILJELIV-ALLMANNA-HUSDJUR": {
"absolute": {
"2003": 0,
"2023": null
},
"relative": {
"2003": 0,
"2023": null
},
"sums": {
"absolute": 0,
"relative": 0.0
}
},
"FAMILJELIV-ALLMANNA-HUSHEM": {
"absolute": {
"2004": 0,
"2023": null,
"2006": 11,
"2007": 65,
"2008": 81,
"2009": 2,
"2010": 0
},
"relative": {
"2004": 0,
"2023": null,
"2006": 1.1303674341553263,
"2007": 5.164294070794527,
"2008": 6.381238339961024,
"2009": 0.21624141710785322,
"2010": 0.0
},
"sums": {
"absolute": 159,
"relative": 12.892141262018729
}
},
"FAMILJELIV-ALLMANNA-KROPP": {
"absolute": {
"2003": 0,
"2023": null,
"2006": 10,
"2007": 10,
"2008": 3,
"2009": 0
},
"relative": {
"2003": 0,
"2023": null,
"2006": 0.5385023237990779,
"2007": 0.5492837724106406,
"2008": 0.18042672001844684,
"2009": 0.0
},
"sums": {
"absolute": 23,
"relative": 1.2682128162281654
}
},
"FAMILJELIV-ALLMANNA-NOJE": {
"absolute": {
"2003": 0,
"2023": null,
"2006": 9,
"2007": 12,
"2008": 156,
"2009": 100,
"2010": 0
},
"relative": {
"2003": 0,
"2023": null,
"2006": 0.7008792842122347,
"2007": 0.9428607526668816,
"2008": 12.14316322396313,
"2009": 8.017663232808406,
"2010": 0.0
},
"sums": {
"absolute": 277,
"relative": 21.804566493650654
}
},
"FAMILJELIV-ALLMANNA-SAMHALLE": {
"absolute": {
"2003": 0,
"2022": null,
"2006": 1,
"2007": 7,
"2008": 9,
"2009": 6,
"2010": 0
},
"relative": {
"2003": 0,
"2022": null,
"2006": 0.02970420787432411,
"2007": 0.18477327764513107,
"2008": 0.2554706194594809,
"2009": 0.14822351889254504,
"2010": 0.0
},
"sums": {
"absolute": 23,
"relative": 0.6181716238714812
}
},
"FAMILJELIV-ALLMANNA-SANDLADAN": {
"absolute": {
"2005": 0,
"2022": null,
"2007": 3,
"2008": 22,
"2009": 0
},
"relative": {
"2005": 0,
"2022": null,
"2007": 0.44491909072182045,
"2008": 6.748031568518592,
"2009": 0.0
},
"sums": {
"absolute": 25,
"relative": 7.192950659240413
}
},
"FAMILJELIV-ANGLARUM": {
"absolute": {
"2006": 2,
"2022": null,
"2007": 0
},
"relative": {
"2006": 2.667655477630375,
"2022": null,
"2007": 0.0
},
"sums": {
"absolute": 2,
"relative": 2.667655477630375
}
},
"FAMILJELIV-EXPERT": {
"absolute": {
"2009": 0,
"2023": null
},
"relative": {
"2009": 0,
"2023": null
},
"sums": {
"absolute": 0,
"relative": 0.0
}
},
"FAMILJELIV-FORALDER": {
"absolute": {
"2003": 0,
"2022": null,
"2006": 238,
"2007": 681,
"2008": 472,
"2009": 72,
"2010": 1,
"2011": 0
},
"relative": {
"2003": 0,
"2022": null,
"2006": 2.389586351357468,
"2007": 7.943005842191602,
"2008": 5.338785349192134,
"2009": 0.8889655374730089,
"2010": 0.016720798300404422,
"2011": 0.0
},
"sums": {
"absolute": 1464,
"relative": 16.57706387851462
}
},
"FAMILJELIV-GRAVID": {
"absolute": {
"2003": 0,
"2022": null,
"2006": 5,
"2007": 5,
"2008": 0
},
"relative": {
"2003": 0,
"2022": null,
"2006": 0.09880215234560756,
"2007": 0.10367426144218611,
"2008": 0.0
},
"sums": {
"absolute": 10,
"relative": 0.20247641378779369
}
},
"FAMILJELIV-KANSLIGA": {
"absolute": {
"2003": 0,
"2022": null,
"2006": 18,
"2007": 2,
"2008": 18,
"2009": 4,
"2010": 2,
"2011": 0
},
"relative": {
"2003": 0,
"2022": null,
"2006": 0.34740697652268043,
"2007": 0.024307010178195906,
"2008": 0.2097417125194094,
"2009": 0.041695089688118435,
"2010": 0.026168424744307667,
"2011": 0.0
},
"sums": {
"absolute": 44,
"relative": 0.6493192136527118
}
},
"FAMILJELIV-MEDLEM-ALLMANNA": {
"absolute": {
"2006": 2,
"2022": null,
"2007": 220,
"2008": 1640,
"2009": 507,
"2010": 6,
"2011": 0
},
"relative": {
"2006": 0.08528240950097211,
"2022": null,
"2007": 2.9938508345121053,
"2008": 22.83707710311064,
"2009": 7.772705367830326,
"2010": 0.20862020785039928,
"2011": 0.0
},
"sums": {
"absolute": 2375,
"relative": 33.89753592280445
}
},
"FAMILJELIV-MEDLEM-FORALDRAR": {
"absolute": {
"2006": 0,
"2022": null,
"2007": 98,
"2008": 247,
"2009": 429,
"2010": 1,
"2011": 0
},
"relative": {
"2006": 0,
"2022": null,
"2007": 1.2242709772398281,
"2008": 3.056976699055273,
"2009": 7.005515104013038,
"2010": 0.033166071308048294,
"2011": 0.0
},
"sums": {
"absolute": 775,
"relative": 11.319928851616188
}
},
"FAMILJELIV-MEDLEM-PLANERARBARN": {
"absolute": {
"2005": 0,
"2021": null,
"2008": 29,
"2009": 57,
"2010": 0
},
"relative": {
"2005": 0,
"2021": null,
"2008": 1.1734245399811636,
"2009": 2.448751287205446,
"2010": 0.0
},
"sums": {
"absolute": 86,
"relative": 3.62217582718661
}
},
"FAMILJELIV-MEDLEM-VANTARBARN": {
"absolute": {
"2003": 0,
"2022": null
},
"relative": {
"2003": 0,
"2022": null
},
"sums": {
"absolute": 0,
"relative": 0.0
}
},
"FAMILJELIV-PAPPAGRUPP": {
"absolute": {
"2004": 0,
"2023": null
},
"relative": {
"2004": 0,
"2023": null
},
"sums": {
"absolute": 0,
"relative": 0.0
}
},
"FAMILJELIV-PLANERARBARN": {
"absolute": {
"2003": 0,
"2022": null
},
"relative": {
"2003": 0,
"2022": null
},
"sums": {
"absolute": 0,
"relative": 0.0
}
},
"FAMILJELIV-SEXSAMLEVNAD": {
"absolute": {
"2004": 0,
"2022": null
},
"relative": {
"2004": 0,
"2022": null
},
"sums": {
"absolute": 0,
"relative": 0.0
}
},
"FAMILJELIV-SVARTATTFABARN": {
"absolute": {
"2003": 0,
"2022": null
},
"relative": {
"2003": 0,
"2022": null
},
"sums": {
"absolute": 0,
"relative": 0.0
}
}
},
"combined": {
"absolute": {
"2003": 0,
"2023": null,
"2006": 301,
"2007": 1124,
"2008": 2766,
"2009": 1189,
"2010": 11,
"2011": 0
},
"relative": {
"2003": 0,
"2023": null,
"2006": 0.6415963920916112,
"2007": 1.7701902231137205,
"2008": 4.4416471523771515,
"2009": 2.004191352396062,
"2010": 0.026689604003506597,
"2011": 0.0
},
"sums": {
"absolute": 5391,
"relative": 1.2071321010782703
}
},
"time": 1179.2083654403687
}
