 
 
 
 
 
 
 
 
 
 
 
 
 
 
 
 
 
 
 
 
 
 
 
 
 
 
 
 
 
 
 
 
 
 
 
 
 
 
 
 
 
 
 
 
 
 
 
 
 
 
 
 
 
 
 
 
 
 
 
 
 
 
 
 
 
 
 
 
 
 
 
 
 
 
 
 
 
 
 
 
 
 
 
 
 
 
 
 
 
 
 
 
 
 
 
 
 
 
 
 
 
 
 
 
 
 
 
 
 
 
 
 
 
 
 
 
 
 
 
 
 
 
 
 
 
 
 
 
 
 
 
 
 
 
 
 
 
 
 
 
 
 
 
 
 
 
 
 
 
 
 
 
 
 
 
 
 
 
 
 
 
 
 
 
 
 
 
 
 
 
 
 
 
 
 
 
 
 
 
 
 
 
 
 
 
 
 
 
 
 
 
 
 
 
 
 
 
 
 
 
 
 
 
 
 
 
 
 
 
{
"corpora": {
"FAMILJELIV-ADOPTION": {
"absolute": {
"2003": 0,
"2023": null
},
"relative": {
"2003": 0,
"2023": null
},
"sums": {
"absolute": 0,
"relative": 0.0
}
},
"FAMILJELIV-ALLMANNA-EKONOMI": {
"absolute": {
"2003": 0,
"2023": null,
"2009": 1,
"2010": 1,
"2011": 0
},
"relative": {
"2003": 0,
"2023": null,
"2009": 0.13592894178639173,
"2010": 0.18564286360057675,
"2011": 0.0
},
"sums": {
"absolute": 2,
"relative": 0.3215718053869685
}
},
"FAMILJELIV-ALLMANNA-FAMILJELIV": {
"absolute": {
"2003": 0,
"2023": null,
"2008": 1,
"2009": 0
},
"relative": {
"2003": 0,
"2023": null,
"2008": 0.13012744421631658,
"2009": 0.0
},
"sums": {
"absolute": 1,
"relative": 0.13012744421631658
}
},
"FAMILJELIV-ALLMANNA-FRITID": {
"absolute": {
"2004": 0,
"2023": null
},
"relative": {
"2004": 0,
"2023": null
},
"sums": {
"absolute": 0,
"relative": 0.0
}
},
"FAMILJELIV-ALLMANNA-HUSDJUR": {
"absolute": {
"2003": 0,
"2023": null
},
"relative": {
"2003": 0,
"2023": null
},
"sums": {
"absolute": 0,
"relative": 0.0
}
},
"FAMILJELIV-ALLMANNA-HUSHEM": {
"absolute": {
"2004": 0,
"2023": null,
"2008": 1,
"2009": 0,
"2011": 1,
"2012": 0
},
"relative": {
"2004": 0,
"2023": null,
"2008": 0.07878072024643239,
"2009": 0.0,
"2011": 0.21853710388510894,
"2012": 0.0
},
"sums": {
"absolute": 2,
"relative": 0.29731782413154134
}
},
"FAMILJELIV-ALLMANNA-KROPP": {
"absolute": {
"2003": 0,
"2023": null,
"2008": 2,
"2009": 1,
"2010": 0
},
"relative": {
"2003": 0,
"2023": null,
"2008": 0.12028448001229787,
"2009": 0.04985949345447063,
"2010": 0.0
},
"sums": {
"absolute": 3,
"relative": 0.17014397346676852
}
},
"FAMILJELIV-ALLMANNA-NOJE": {
"absolute": {
"2003": 0,
"2023": null,
"2008": 10,
"2009": 49,
"2010": 0
},
"relative": {
"2003": 0,
"2023": null,
"2008": 0.7784078989719956,
"2009": 3.928654984076119,
"2010": 0.0
},
"sums": {
"absolute": 59,
"relative": 4.707062883048115
}
},
"FAMILJELIV-ALLMANNA-SAMHALLE": {
"absolute": {
"2003": 0,
"2022": null,
"2007": 4,
"2008": 17,
"2009": 13,
"2010": 8,
"2011": 3,
"2012": 1,
"2013": 0,
"2014": 1,
"2015": 0
},
"relative": {
"2003": 0,
"2022": null,
"2007": 0.10558473008293205,
"2008": 0.4825556145345751,
"2009": 0.3211509576005142,
"2010": 0.2671330899461489,
"2011": 0.09571524943011141,
"2012": 0.04323855758593253,
"2013": 0.0,
"2014": 0.07474347665096007,
"2015": 0.0
},
"sums": {
"absolute": 47,
"relative": 1.3901216758311743
}
},
"FAMILJELIV-ALLMANNA-SANDLADAN": {
"absolute": {
"2005": 0,
"2022": null,
"2008": 2,
"2009": 0,
"2010": 1,
"2011": 3,
"2012": 0
},
"relative": {
"2005": 0,
"2022": null,
"2008": 0.6134574153198721,
"2009": 0.0,
"2010": 0.19222193175352537,
"2011": 0.5726937336997046,
"2012": 0.0
},
"sums": {
"absolute": 6,
"relative": 1.3783730807731018
}
},
"FAMILJELIV-ANGLARUM": {
"absolute": {
"2006": 0,
"2022": null,
"2008": 1,
"2009": 0
},
"relative": {
"2006": 0,
"2022": null,
"2008": 0.14441966042605245,
"2009": 0.0
},
"sums": {
"absolute": 1,
"relative": 0.14441966042605245
}
},
"FAMILJELIV-EXPERT": {
"absolute": {
"2009": 0,
"2023": null
},
"relative": {
"2009": 0,
"2023": null
},
"sums": {
"absolute": 0,
"relative": 0.0
}
},
"FAMILJELIV-FORALDER": {
"absolute": {
"2003": 0,
"2022": null,
"2007": 1,
"2008": 5,
"2009": 16,
"2010": 1,
"2011": 0
},
"relative": {
"2003": 0,
"2022": null,
"2007": 0.011663738387946553,
"2008": 0.056554929546526855,
"2009": 0.19754789721622418,
"2010": 0.016720798300404422,
"2011": 0.0
},
"sums": {
"absolute": 23,
"relative": 0.282487363451102
}
},
"FAMILJELIV-GRAVID": {
"absolute": {
"2003": 0,
"2022": null,
"2011": 1,
"2012": 0
},
"relative": {
"2003": 0,
"2022": null,
"2011": 0.021719441289092277,
"2012": 0.0
},
"sums": {
"absolute": 1,
"relative": 0.021719441289092277
}
},
"FAMILJELIV-KANSLIGA": {
"absolute": {
"2003": 0,
"2022": null,
"2008": 21,
"2009": 33,
"2010": 1,
"2011": 4,
"2012": 0,
"2013": 2,
"2014": 1,
"2015": 0
},
"relative": {
"2003": 0,
"2022": null,
"2008": 0.24469866460597764,
"2009": 0.3439844899269771,
"2010": 0.013084212372153833,
"2011": 0.041867339003099094,
"2012": 0.0,
"2013": 0.022969915428905974,
"2014": 0.01737934645071948,
"2015": 0.0
},
"sums": {
"absolute": 62,
"relative": 0.6839839677878332
}
},
"FAMILJELIV-MEDLEM-ALLMANNA": {
"absolute": {
"2006": 0,
"2022": null,
"2008": 2,
"2009": 0
},
"relative": {
"2006": 0,
"2022": null,
"2008": 0.027850094028183708,
"2009": 0.0
},
"sums": {
"absolute": 2,
"relative": 0.027850094028183708
}
},
"FAMILJELIV-MEDLEM-FORALDRAR": {
"absolute": {
"2006": 0,
"2022": null
},
"relative": {
"2006": 0,
"2022": null
},
"sums": {
"absolute": 0,
"relative": 0.0
}
},
"FAMILJELIV-MEDLEM-PLANERARBARN": {
"absolute": {
"2005": 0,
"2021": null
},
"relative": {
"2005": 0,
"2021": null
},
"sums": {
"absolute": 0,
"relative": 0.0
}
},
"FAMILJELIV-MEDLEM-VANTARBARN": {
"absolute": {
"2003": 0,
"2022": null
},
"relative": {
"2003": 0,
"2022": null
},
"sums": {
"absolute": 0,
"relative": 0.0
}
},
"FAMILJELIV-PAPPAGRUPP": {
"absolute": {
"2004": 0,
"2023": null
},
"relative": {
"2004": 0,
"2023": null
},
"sums": {
"absolute": 0,
"relative": 0.0
}
},
"FAMILJELIV-PLANERARBARN": {
"absolute": {
"2003": 0,
"2022": null
},
"relative": {
"2003": 0,
"2022": null
},
"sums": {
"absolute": 0,
"relative": 0.0
}
},
"FAMILJELIV-SEXSAMLEVNAD": {
"absolute": {
"2004": 0,
"2022": null,
"2011": 1,
"2012": 0
},
"relative": {
"2004": 0,
"2022": null,
"2011": 0.07232436552184669,
"2012": 0.0
},
"sums": {
"absolute": 1,
"relative": 0.07232436552184669
}
},
"FAMILJELIV-SVARTATTFABARN": {
"absolute": {
"2003": 0,
"2022": null,
"2009": 1,
"2010": 0
},
"relative": {
"2003": 0,
"2022": null,
"2009": 0.0491941457785864,
"2010": 0.0
},
"sums": {
"absolute": 1,
"relative": 0.0491941457785864
}
}
},
"combined": {
"absolute": {
"2003": 0,
"2023": null,
"2007": 5,
"2008": 62,
"2009": 114,
"2010": 12,
"2011": 13,
"2012": 1,
"2013": 2,
"2014": 2,
"2015": 0
},
"relative": {
"2003": 0,
"2023": null,
"2007": 0.00787451166865534,
"2008": 0.09955969755870693,
"2009": 0.19215964186135498,
"2010": 0.029115931640189014,
"2011": 0.03604075185477422,
"2012": 0.0034430531896663384,
"2013": 0.009626622771833926,
"2014": 0.014438482089308423,
"2015": 0.0
},
"sums": {
"absolute": 211,
"relative": 0.04724630506587812
}
},
"time": 1050.1924495697021
}
