 
 
 
 
 
 
 
 
 
 
 
 
 
 
 
 
 
 
 
 
 
 
 
 
 
 
 
 
 
 
 
 
 
 
 
 
 
 
 
 
 
 
 
 
 
 
 
 
 
 
 
 
 
 
 
 
 
 
 
 
 
 
 
 
 
 
 
 
 
 
 
 
 
 
 
 
 
 
 
 
 
 
 
 
 
 
 
 
 
 
 
 
 
 
 
 
 
 
 
 
 
 
 
 
 
 
 
 
 
 
 
 
 
 
 
 
 
 
 
 
 
 
 
 
 
 
 
 
 
 
 
 
 
 
 
 
 
 
 
 
 
 
 
 
 
 
 
 
 
 
 
 
 
 
 
 
 
 
 
 
 
 
 
 
 
 
 
 
 
 
 
 
 
 
 
 
 
 
 
 
 
 
 
 
 
 
 
 
 
 
 
 
 
 
 
 
 
 
 
 
 
 
 
 
 
 
 
 
 
 
 
 
 
 
 
 
 
 
{
"corpora": {
"FAMILJELIV-ADOPTION": {
"absolute": {
"2003": 0,
"2023": null,
"2014": 2,
"2015": 0
},
"relative": {
"2003": 0,
"2023": null,
"2014": 15.987210231814549,
"2015": 0.0
},
"sums": {
"absolute": 2,
"relative": 15.987210231814549
}
},
"FAMILJELIV-ALLMANNA-EKONOMI": {
"absolute": {
"2003": 0,
"2023": null,
"2009": 3,
"2010": 0,
"2013": 2,
"2014": 0
},
"relative": {
"2003": 0,
"2023": null,
"2009": 0.4077868253591752,
"2010": 0.0,
"2013": 0.7413453490587509,
"2014": 0.0
},
"sums": {
"absolute": 5,
"relative": 1.1491321744179261
}
},
"FAMILJELIV-ALLMANNA-FAMILJELIV": {
"absolute": {
"2003": 0,
"2023": null,
"2010": 21,
"2011": 0
},
"relative": {
"2003": 0,
"2023": null,
"2010": 3.3393101684856896,
"2011": 0.0
},
"sums": {
"absolute": 21,
"relative": 3.3393101684856896
}
},
"FAMILJELIV-ALLMANNA-FRITID": {
"absolute": {
"2004": 0,
"2023": null,
"2013": 2,
"2014": 0
},
"relative": {
"2004": 0,
"2023": null,
"2013": 1.7206447255786743,
"2014": 0.0
},
"sums": {
"absolute": 2,
"relative": 1.7206447255786743
}
},
"FAMILJELIV-ALLMANNA-HUSDJUR": {
"absolute": {
"2003": 0,
"2023": null
},
"relative": {
"2003": 0,
"2023": null
},
"sums": {
"absolute": 0,
"relative": 0.0
}
},
"FAMILJELIV-ALLMANNA-HUSHEM": {
"absolute": {
"2004": 0,
"2023": null,
"2011": 1,
"2012": 3,
"2013": 10,
"2014": 0
},
"relative": {
"2004": 0,
"2023": null,
"2011": 0.21853710388510894,
"2012": 0.8407675871763886,
"2013": 4.10146701272111,
"2014": 0.0
},
"sums": {
"absolute": 14,
"relative": 5.160771703782608
}
},
"FAMILJELIV-ALLMANNA-KROPP": {
"absolute": {
"2003": 0,
"2023": null,
"2010": 2,
"2011": 3,
"2012": 3,
"2013": 7,
"2014": 0
},
"relative": {
"2003": 0,
"2023": null,
"2010": 0.15839319606186997,
"2011": 0.2348806356183174,
"2012": 0.31906394296668206,
"2013": 1.1114201917739663,
"2014": 0.0
},
"sums": {
"absolute": 15,
"relative": 1.8237579664208359
}
},
"FAMILJELIV-ALLMANNA-NOJE": {
"absolute": {
"2003": 0,
"2023": null,
"2009": 1,
"2010": 2,
"2011": 0,
"2012": 1,
"2013": 2,
"2014": 0
},
"relative": {
"2003": 0,
"2023": null,
"2009": 0.08017663232808406,
"2010": 0.3203954962005099,
"2011": 0.0,
"2012": 0.22764129923084558,
"2013": 0.7987127944604475,
"2014": 0.0
},
"sums": {
"absolute": 6,
"relative": 1.426926222219887
}
},
"FAMILJELIV-ALLMANNA-SAMHALLE": {
"absolute": {
"2003": 0,
"2022": null,
"2009": 4,
"2010": 1,
"2011": 0,
"2012": 1,
"2013": 5,
"2014": 1,
"2015": 0
},
"relative": {
"2003": 0,
"2022": null,
"2009": 0.09881567926169668,
"2010": 0.033391636243268616,
"2011": 0.0,
"2012": 0.04323855758593253,
"2013": 0.32165523268089213,
"2014": 0.07474347665096007,
"2015": 0.0
},
"sums": {
"absolute": 12,
"relative": 0.57184458242275
}
},
"FAMILJELIV-ALLMANNA-SANDLADAN": {
"absolute": {
"2005": 0,
"2022": null,
"2013": 1,
"2014": 0
},
"relative": {
"2005": 0,
"2022": null,
"2013": 0.5406995354309592,
"2014": 0.0
},
"sums": {
"absolute": 1,
"relative": 0.5406995354309592
}
},
"FAMILJELIV-ANGLARUM": {
"absolute": {
"2006": 0,
"2022": null
},
"relative": {
"2006": 0,
"2022": null
},
"sums": {
"absolute": 0,
"relative": 0.0
}
},
"FAMILJELIV-EXPERT": {
"absolute": {
"2009": 0,
"2023": null
},
"relative": {
"2009": 0,
"2023": null
},
"sums": {
"absolute": 0,
"relative": 0.0
}
},
"FAMILJELIV-FORALDER": {
"absolute": {
"2003": 0,
"2022": null,
"2009": 1,
"2010": 0,
"2012": 2,
"2013": 6,
"2014": 1,
"2015": 0
},
"relative": {
"2003": 0,
"2022": null,
"2009": 0.012346743576014011,
"2010": 0.0,
"2012": 0.07092613574907751,
"2013": 0.35687074320116624,
"2014": 0.10497900734790064,
"2015": 0.0
},
"sums": {
"absolute": 10,
"relative": 0.5451226298741584
}
},
"FAMILJELIV-GRAVID": {
"absolute": {
"2003": 0,
"2022": null,
"2009": 12,
"2010": 0,
"2012": 4,
"2013": 16,
"2014": 10,
"2015": 0
},
"relative": {
"2003": 0,
"2022": null,
"2009": 0.23526449277308648,
"2010": 0.0,
"2012": 0.09694748013261349,
"2013": 0.5831346878944701,
"2014": 0.5927704764262294,
"2015": 0.0
},
"sums": {
"absolute": 42,
"relative": 1.5081171372263995
}
},
"FAMILJELIV-KANSLIGA": {
"absolute": {
"2003": 0,
"2022": null,
"2009": 2,
"2010": 0,
"2013": 14,
"2014": 3,
"2015": 0
},
"relative": {
"2003": 0,
"2022": null,
"2009": 0.020847544844059217,
"2010": 0.0,
"2013": 0.16078940800234184,
"2014": 0.052138039352158445,
"2015": 0.0
},
"sums": {
"absolute": 19,
"relative": 0.2337749921985595
}
},
"FAMILJELIV-MEDLEM-ALLMANNA": {
"absolute": {
"2006": 0,
"2022": null,
"2009": 36,
"2010": 12,
"2011": 1,
"2012": 0
},
"relative": {
"2006": 0,
"2022": null,
"2009": 0.5519080734554078,
"2010": 0.41724041570079856,
"2011": 0.09482055967645708,
"2012": 0.0
},
"sums": {
"absolute": 49,
"relative": 1.0639690488326634
}
},
"FAMILJELIV-MEDLEM-FORALDRAR": {
"absolute": {
"2006": 0,
"2022": null,
"2009": 1,
"2010": 0,
"2014": 4,
"2015": 0
},
"relative": {
"2006": 0,
"2022": null,
"2009": 0.01632987203732643,
"2010": 0.0,
"2014": 9.052354291042242,
"2015": 0.0
},
"sums": {
"absolute": 5,
"relative": 9.068684163079569
}
},
"FAMILJELIV-MEDLEM-PLANERARBARN": {
"absolute": {
"2005": 0,
"2021": null,
"2009": 1,
"2010": 0
},
"relative": {
"2005": 0,
"2021": null,
"2009": 0.042960548898341167,
"2010": 0.0
},
"sums": {
"absolute": 1,
"relative": 0.042960548898341167
}
},
"FAMILJELIV-MEDLEM-VANTARBARN": {
"absolute": {
"2003": 0,
"2023": null,
"2009": 53,
"2010": 0,
"2012": 2,
"2013": 0
},
"relative": {
"2003": 0,
"2023": null,
"2009": 1.179199866612471,
"2010": 0.0,
"2012": 0.21840229331144068,
"2013": 0.0
},
"sums": {
"absolute": 55,
"relative": 1.3976021599239117
}
},
"FAMILJELIV-PAPPAGRUPP": {
"absolute": {
"2004": 0,
"2023": null
},
"relative": {
"2004": 0,
"2023": null
},
"sums": {
"absolute": 0,
"relative": 0.0
}
},
"FAMILJELIV-PLANERARBARN": {
"absolute": {
"2003": 0,
"2022": null,
"2012": 2,
"2013": 17,
"2014": 0
},
"relative": {
"2003": 0,
"2022": null,
"2012": 0.11444511998855549,
"2013": 1.442602985305646,
"2014": 0.0
},
"sums": {
"absolute": 19,
"relative": 1.5570481052942013
}
},
"FAMILJELIV-SEXSAMLEVNAD": {
"absolute": {
"2004": 0,
"2022": null,
"2013": 1,
"2014": 0
},
"relative": {
"2004": 0,
"2022": null,
"2013": 0.06794822915703358,
"2014": 0.0
},
"sums": {
"absolute": 1,
"relative": 0.06794822915703358
}
},
"FAMILJELIV-SVARTATTFABARN": {
"absolute": {
"2003": 0,
"2022": null,
"2013": 24,
"2014": 6,
"2015": 0
},
"relative": {
"2003": 0,
"2022": null,
"2013": 2.7687917027619044,
"2014": 0.8964363517490743,
"2015": 0.0
},
"sums": {
"absolute": 30,
"relative": 3.6652280545109788
}
}
},
"combined": {
"absolute": {
"2003": 0,
"2023": null,
"2009": 114,
"2010": 38,
"2011": 5,
"2012": 18,
"2013": 107,
"2014": 27,
"2015": 0
},
"relative": {
"2003": 0,
"2023": null,
"2009": 0.1921596201596296,
"2010": 0.09221228186496166,
"2011": 0.013861832517070084,
"2012": 0.06197509589991909,
"2013": 0.5150238522467228,
"2014": 0.1949053896754284,
"2015": 0.0
},
"sums": {
"absolute": 309,
"relative": 0.06919066638770632
}
},
"time": 1093.5414869785309
}
