 
 
 
 
 
 
 
 
 
 
 
 
 
 
 
 
 
 
 
 
 
 
 
 
 
 
 
 
 
 
 
 
 
 
 
 
 
 
 
 
 
 
 
 
 
 
 
 
 
 
 
 
 
 
 
 
 
 
 
 
 
 
 
 
 
 
 
 
 
 
 
 
 
 
 
 
 
 
 
 
 
 
 
 
 
 
 
 
 
 
 
 
 
 
 
 
 
 
 
 
 
 
 
 
 
 
 
 
 
 
 
 
 
 
 
 
 
 
 
 
 
 
 
 
 
 
 
 
 
 
 
 
 
 
 
 
 
 
 
 
 
 
 
 
 
 
 
 
 
 
 
 
 
 
 
 
 
 
 
 
 
 
 
 
 
 
 
 
 
 
 
 
 
 
 
 
 
 
 
 
 
 
 
 
 
 
 
 
 
 
 
 
 
 
 
 
 
 
 
 
 
 
 
 
 
 
 
 
 
 
 
 
 
 
 
 
 
 
{
"corpora": {
"FAMILJELIV-ADOPTION": {
"absolute": {
"2003": 0,
"2023": null
},
"relative": {
"2003": 0,
"2023": null
},
"sums": {
"absolute": 0,
"relative": 0.0
}
},
"FAMILJELIV-ALLMANNA-EKONOMI": {
"absolute": {
"2003": 0,
"2023": null,
"2010": 1,
"2011": 0
},
"relative": {
"2003": 0,
"2023": null,
"2010": 0.18564286360057675,
"2011": 0.0
},
"sums": {
"absolute": 1,
"relative": 0.18564286360057675
}
},
"FAMILJELIV-ALLMANNA-FAMILJELIV": {
"absolute": {
"2003": 0,
"2023": null,
"2015": 1,
"2016": 0
},
"relative": {
"2003": 0,
"2023": null,
"2015": 1.2762557718667282,
"2016": 0.0
},
"sums": {
"absolute": 1,
"relative": 1.2762557718667282
}
},
"FAMILJELIV-ALLMANNA-FRITID": {
"absolute": {
"2004": 0,
"2023": null,
"2011": 1,
"2012": 0
},
"relative": {
"2004": 0,
"2023": null,
"2011": 0.3917365524676269,
"2012": 0.0
},
"sums": {
"absolute": 1,
"relative": 0.3917365524676269
}
},
"FAMILJELIV-ALLMANNA-HUSDJUR": {
"absolute": {
"2003": 0,
"2023": null,
"2006": 3,
"2007": 4,
"2008": 0
},
"relative": {
"2003": 0,
"2023": null,
"2006": 0.5001979950397032,
"2007": 0.4458372399821487,
"2008": 0.0
},
"sums": {
"absolute": 7,
"relative": 0.9460352350218519
}
},
"FAMILJELIV-ALLMANNA-HUSHEM": {
"absolute": {
"2004": 0,
"2023": null,
"2011": 1,
"2012": 1,
"2013": 0,
"2015": 1,
"2016": 1,
"2017": 0
},
"relative": {
"2004": 0,
"2023": null,
"2011": 0.21853710388510894,
"2012": 0.2802558623921295,
"2013": 0.0,
"2015": 1.1287497065250764,
"2016": 1.4865578010837006,
"2017": 0.0
},
"sums": {
"absolute": 4,
"relative": 3.1141004738860154
}
},
"FAMILJELIV-ALLMANNA-KROPP": {
"absolute": {
"2003": 0,
"2023": null,
"2009": 1,
"2010": 1,
"2011": 0,
"2012": 2,
"2013": 1,
"2014": 1,
"2015": 2,
"2016": 1,
"2017": 0
},
"relative": {
"2003": 0,
"2023": null,
"2009": 0.04985949345447063,
"2010": 0.07919659803093498,
"2011": 0.0,
"2012": 0.21270929531112137,
"2013": 0.1587743131105666,
"2014": 0.2506693498313873,
"2015": 0.8113215048066743,
"2016": 0.5713587024215324,
"2017": 0.0
},
"sums": {
"absolute": 9,
"relative": 2.133889256966688
}
},
"FAMILJELIV-ALLMANNA-NOJE": {
"absolute": {
"2003": 0,
"2023": null,
"2008": 2,
"2009": 0,
"2010": 1,
"2011": 2,
"2012": 0,
"2013": 1,
"2014": 1,
"2015": 0
},
"relative": {
"2003": 0,
"2023": null,
"2008": 0.15568157979439912,
"2009": 0.0,
"2010": 0.16019774810025494,
"2011": 0.3006910180285314,
"2012": 0.0,
"2013": 0.39935639723022376,
"2014": 0.6518467143340441,
"2015": 0.0
},
"sums": {
"absolute": 7,
"relative": 1.6677734574874534
}
},
"FAMILJELIV-ALLMANNA-SAMHALLE": {
"absolute": {
"2003": 0,
"2022": null,
"2011": 1,
"2012": 0,
"2013": 1,
"2014": 1,
"2015": 0
},
"relative": {
"2003": 0,
"2022": null,
"2011": 0.03190508314337047,
"2012": 0.0,
"2013": 0.06433104653617842,
"2014": 0.07474347665096007,
"2015": 0.0
},
"sums": {
"absolute": 3,
"relative": 0.17097960633050896
}
},
"FAMILJELIV-ALLMANNA-SANDLADAN": {
"absolute": {
"2005": 0,
"2022": null,
"2016": 1,
"2017": 0
},
"relative": {
"2005": 0,
"2022": null,
"2016": 2.5455137865026676,
"2017": 0.0
},
"sums": {
"absolute": 1,
"relative": 2.5455137865026676
}
},
"FAMILJELIV-ANGLARUM": {
"absolute": {
"2006": 0,
"2022": null
},
"relative": {
"2006": 0,
"2022": null
},
"sums": {
"absolute": 0,
"relative": 0.0
}
},
"FAMILJELIV-EXPERT": {
"absolute": {
"2009": 0,
"2023": null
},
"relative": {
"2009": 0,
"2023": null
},
"sums": {
"absolute": 0,
"relative": 0.0
}
},
"FAMILJELIV-FORALDER": {
"absolute": {
"2003": 0,
"2022": null,
"2007": 2,
"2008": 0,
"2009": 2,
"2010": 5,
"2011": 2,
"2012": 2,
"2013": 0,
"2014": 2,
"2015": 0
},
"relative": {
"2003": 0,
"2022": null,
"2007": 0.023327476775893106,
"2008": 0.0,
"2009": 0.024693487152028022,
"2010": 0.08360399150202212,
"2011": 0.0408005924898839,
"2012": 0.07092613574907751,
"2013": 0.0,
"2014": 0.20995801469580128,
"2015": 0.0
},
"sums": {
"absolute": 15,
"relative": 0.4533096983647059
}
},
"FAMILJELIV-GRAVID": {
"absolute": {
"2003": 0,
"2022": null,
"2007": 2,
"2008": 0,
"2009": 7,
"2010": 0,
"2011": 17,
"2012": 1,
"2013": 0
},
"relative": {
"2003": 0,
"2022": null,
"2007": 0.04146970457687445,
"2008": 0.0,
"2009": 0.13723762078430043,
"2010": 0.0,
"2011": 0.36923050191456874,
"2012": 0.024236870033153373,
"2013": 0.0
},
"sums": {
"absolute": 27,
"relative": 0.5721746973088969
}
},
"FAMILJELIV-KANSLIGA": {
"absolute": {
"2003": 0,
"2022": null,
"2009": 1,
"2010": 1,
"2011": 2,
"2012": 11,
"2013": 8,
"2014": 13,
"2015": 4,
"2016": 3,
"2017": 0
},
"relative": {
"2003": 0,
"2022": null,
"2009": 0.010423772422029609,
"2010": 0.013084212372153833,
"2011": 0.020933669501549547,
"2012": 0.10814938769306963,
"2013": 0.0918796617156239,
"2014": 0.22593150385935326,
"2015": 0.11157520507731897,
"2016": 0.10014837649633776,
"2017": 0.0
},
"sums": {
"absolute": 43,
"relative": 0.6821257891374366
}
},
"FAMILJELIV-MEDLEM-ALLMANNA": {
"absolute": {
"2006": 0,
"2022": null
},
"relative": {
"2006": 0,
"2022": null
},
"sums": {
"absolute": 0,
"relative": 0.0
}
},
"FAMILJELIV-MEDLEM-FORALDRAR": {
"absolute": {
"2006": 0,
"2022": null,
"2010": 3,
"2011": 1,
"2012": 0
},
"relative": {
"2006": 0,
"2022": null,
"2010": 0.09949821392414489,
"2011": 0.11554687875527356,
"2012": 0.0
},
"sums": {
"absolute": 4,
"relative": 0.21504509267941846
}
},
"FAMILJELIV-MEDLEM-PLANERARBARN": {
"absolute": {
"2005": 0,
"2021": null
},
"relative": {
"2005": 0,
"2021": null
},
"sums": {
"absolute": 0,
"relative": 0.0
}
},
"FAMILJELIV-MEDLEM-VANTARBARN": {
"absolute": {
"2003": 0,
"2022": null,
"2006": 1,
"2007": 0,
"2009": 4,
"2010": 0
},
"relative": {
"2003": 0,
"2022": null,
"2006": 0.02345924433692082,
"2007": 0.0,
"2009": 0.08899634901377805,
"2010": 0.0
},
"sums": {
"absolute": 5,
"relative": 0.11245559335069888
}
},
"FAMILJELIV-PAPPAGRUPP": {
"absolute": {
"2004": 0,
"2023": null
},
"relative": {
"2004": 0,
"2023": null
},
"sums": {
"absolute": 0,
"relative": 0.0
}
},
"FAMILJELIV-PLANERARBARN": {
"absolute": {
"2003": 0,
"2022": null,
"2006": 1,
"2007": 0,
"2010": 5,
"2011": 1,
"2012": 0
},
"relative": {
"2003": 0,
"2022": null,
"2006": 0.04429419067515154,
"2007": 0.0,
"2010": 0.4091583383850749,
"2011": 0.05844249124443817,
"2012": 0.0
},
"sums": {
"absolute": 7,
"relative": 0.5118950203046646
}
},
"FAMILJELIV-SEXSAMLEVNAD": {
"absolute": {
"2004": 0,
"2022": null,
"2012": 1,
"2013": 2,
"2014": 1,
"2015": 0
},
"relative": {
"2004": 0,
"2022": null,
"2012": 0.06738417788506537,
"2013": 0.13589645831406716,
"2014": 0.08975253968273914,
"2015": 0.0
},
"sums": {
"absolute": 4,
"relative": 0.29303317588187167
}
},
"FAMILJELIV-SVARTATTFABARN": {
"absolute": {
"2003": 0,
"2022": null,
"2006": 2,
"2007": 0,
"2010": 1,
"2011": 0
},
"relative": {
"2003": 0,
"2022": null,
"2006": 0.09639855481214596,
"2007": 0.0,
"2010": 0.0970257719855548,
"2011": 0.0
},
"sums": {
"absolute": 3,
"relative": 0.19342432679770077
}
}
},
"combined": {
"absolute": {
"2003": 0,
"2023": null,
"2006": 7,
"2007": 8,
"2008": 2,
"2009": 15,
"2010": 18,
"2011": 28,
"2012": 18,
"2013": 13,
"2014": 19,
"2015": 8,
"2016": 6,
"2017": 0
},
"relative": {
"2003": 0,
"2023": null,
"2006": 0.014920846327711889,
"2007": 0.012599218669848545,
"2008": 0.003211603147055062,
"2009": 0.025284163402809867,
"2010": 0.04367389746028352,
"2011": 0.0776262347641291,
"2012": 0.06197495741399409,
"2013": 0.06257304801692051,
"2014": 0.13716557984843,
"2015": 0.09010646348980711,
"2016": 0.09384230563788307,
"2017": 0.0
},
"sums": {
"absolute": 142,
"relative": 0.03179609156092272
}
},
"time": 1093.9741282463074
}
