 
 
 
 
 
 
 
 
 
 
 
 
 
 
 
 
 
 
 
 
 
 
 
 
 
 
 
 
 
 
 
 
 
 
 
 
 
 
 
 
 
 
 
 
 
 
 
 
 
 
 
 
 
 
 
 
 
 
 
 
 
 
 
 
 
 
 
 
 
 
 
 
 
 
 
 
 
 
 
 
 
 
 
 
 
 
 
 
 
 
 
 
 
 
 
 
 
 
 
 
 
 
 
 
 
 
 
 
 
 
 
 
 
 
 
 
 
 
 
 
 
 
 
 
 
 
 
 
 
 
 
 
 
 
 
 
 
 
 
 
 
 
 
 
 
 
 
 
 
 
 
 
 
 
 
 
 
 
 
 
 
 
 
 
 
 
 
 
 
 
 
 
 
 
 
 
 
 
 
 
 
 
 
 
 
 
 
 
 
 
 
 
 
 
 
 
 
 
 
 
 
 
 
 
 
 
 
 
 
 
 
{
"corpora": {
"FAMILJELIV-ADOPTION": {
"absolute": {
"2003": 0,
"2023": null
},
"relative": {
"2003": 0,
"2023": null
},
"sums": {
"absolute": 0,
"relative": 0.0
}
},
"FAMILJELIV-ALLMANNA-EKONOMI": {
"absolute": {
"2003": 0,
"2023": null
},
"relative": {
"2003": 0,
"2023": null
},
"sums": {
"absolute": 0,
"relative": 0.0
}
},
"FAMILJELIV-ALLMANNA-FAMILJELIV": {
"absolute": {
"2003": 0,
"2023": null
},
"relative": {
"2003": 0,
"2023": null
},
"sums": {
"absolute": 0,
"relative": 0.0
}
},
"FAMILJELIV-ALLMANNA-FRITID": {
"absolute": {
"2004": 0,
"2023": null
},
"relative": {
"2004": 0,
"2023": null
},
"sums": {
"absolute": 0,
"relative": 0.0
}
},
"FAMILJELIV-ALLMANNA-HUSDJUR": {
"absolute": {
"2003": 0,
"2023": null,
"2015": 1,
"2016": 0
},
"relative": {
"2003": 0,
"2023": null,
"2015": 1.9872656020222415,
"2016": 0.0
},
"sums": {
"absolute": 1,
"relative": 1.9872656020222415
}
},
"FAMILJELIV-ALLMANNA-HUSHEM": {
"absolute": {
"2004": 0,
"2023": null,
"2013": 1,
"2014": 2,
"2015": 0
},
"relative": {
"2004": 0,
"2023": null,
"2013": 0.410146701272111,
"2014": 1.4155984796472327,
"2015": 0.0
},
"sums": {
"absolute": 3,
"relative": 1.8257451809193437
}
},
"FAMILJELIV-ALLMANNA-KROPP": {
"absolute": {
"2003": 0,
"2023": null,
"2018": 1,
"2019": 0
},
"relative": {
"2003": 0,
"2023": null,
"2018": 0.7018479656936715,
"2019": 0.0
},
"sums": {
"absolute": 1,
"relative": 0.7018479656936715
}
},
"FAMILJELIV-ALLMANNA-NOJE": {
"absolute": {
"2003": 0,
"2023": null,
"2013": 3,
"2014": 2,
"2015": 0,
"2018": 1,
"2019": 0,
"2021": 1,
"2022": 0
},
"relative": {
"2003": 0,
"2023": null,
"2013": 1.1980691916906712,
"2014": 1.3036934286680881,
"2015": 0.0,
"2018": 2.772387025228722,
"2019": 0.0,
"2021": 4.738303497815642,
"2022": 0.0
},
"sums": {
"absolute": 7,
"relative": 10.012453143403125
}
},
"FAMILJELIV-ALLMANNA-SAMHALLE": {
"absolute": {
"2003": 0,
"2022": null,
"2013": 4,
"2014": 4,
"2015": 1,
"2016": 0,
"2017": 1,
"2018": 0
},
"relative": {
"2003": 0,
"2022": null,
"2013": 0.2573241861447137,
"2014": 0.29897390660384027,
"2015": 0.10910797357797669,
"2016": 0.0,
"2017": 0.2615612696811777,
"2018": 0.0
},
"sums": {
"absolute": 10,
"relative": 0.9269673360077084
}
},
"FAMILJELIV-ALLMANNA-SANDLADAN": {
"absolute": {
"2005": 0,
"2022": null,
"2015": 1,
"2016": 0
},
"relative": {
"2005": 0,
"2022": null,
"2015": 3.1256055860823038,
"2016": 0.0
},
"sums": {
"absolute": 1,
"relative": 3.1256055860823038
}
},
"FAMILJELIV-ANGLARUM": {
"absolute": {
"2006": 0,
"2022": null
},
"relative": {
"2006": 0,
"2022": null
},
"sums": {
"absolute": 0,
"relative": 0.0
}
},
"FAMILJELIV-EXPERT": {
"absolute": {
"2009": 0,
"2023": null
},
"relative": {
"2009": 0,
"2023": null
},
"sums": {
"absolute": 0,
"relative": 0.0
}
},
"FAMILJELIV-FORALDER": {
"absolute": {
"2003": 0,
"2022": null,
"2011": 1,
"2012": 0,
"2013": 11,
"2014": 6,
"2015": 3,
"2016": 1,
"2017": 3,
"2018": 1,
"2019": 0,
"2020": 2,
"2021": 0
},
"relative": {
"2003": 0,
"2022": null,
"2011": 0.02040029624494195,
"2012": 0.0,
"2013": 0.6542630292021381,
"2014": 0.6298740440874038,
"2015": 0.5611003701953209,
"2016": 0.25828160598469474,
"2017": 0.9406016338877449,
"2018": 0.35858552354382905,
"2019": 0.0,
"2020": 1.3035098959212523,
"2021": 0.0
},
"sums": {
"absolute": 28,
"relative": 4.726616399067325
}
},
"FAMILJELIV-GRAVID": {
"absolute": {
"2003": 0,
"2022": null,
"2011": 1,
"2012": 0,
"2013": 7,
"2014": 4,
"2015": 2,
"2016": 1,
"2017": 2,
"2018": 2,
"2019": 0
},
"relative": {
"2003": 0,
"2022": null,
"2011": 0.021719441289092277,
"2012": 0.0,
"2013": 0.2551214259538307,
"2014": 0.2371081905704918,
"2015": 0.17641122585779295,
"2016": 0.1477393806410589,
"2017": 0.41517239203234363,
"2018": 0.551708309609876,
"2019": 0.0
},
"sums": {
"absolute": 19,
"relative": 1.8049803659544863
}
},
"FAMILJELIV-KANSLIGA": {
"absolute": {
"2003": 0,
"2022": null,
"2011": 2,
"2012": 0,
"2013": 4,
"2014": 21,
"2015": 4,
"2016": 2,
"2017": 3,
"2018": 2,
"2019": 0,
"2020": 3,
"2021": 5
},
"relative": {
"2003": 0,
"2022": null,
"2011": 0.020933669501549547,
"2012": 0.0,
"2013": 0.04593983085781195,
"2014": 0.3649662754651091,
"2015": 0.11157520507731897,
"2016": 0.06676558433089183,
"2017": 0.09671573044926166,
"2018": 0.06667286279804938,
"2019": 0.0,
"2020": 0.12157906894749002,
"2021": 0.2033146798891691
},
"sums": {
"absolute": 46,
"relative": 1.0984629073166516
}
},
"FAMILJELIV-MEDLEM-ALLMANNA": {
"absolute": {
"2006": 0,
"2022": null
},
"relative": {
"2006": 0,
"2022": null
},
"sums": {
"absolute": 0,
"relative": 0.0
}
},
"FAMILJELIV-MEDLEM-FORALDRAR": {
"absolute": {
"2006": 0,
"2022": null
},
"relative": {
"2006": 0,
"2022": null
},
"sums": {
"absolute": 0,
"relative": 0.0
}
},
"FAMILJELIV-MEDLEM-PLANERARBARN": {
"absolute": {
"2005": 0,
"2021": null
},
"relative": {
"2005": 0,
"2021": null
},
"sums": {
"absolute": 0,
"relative": 0.0
}
},
"FAMILJELIV-MEDLEM-VANTARBARN": {
"absolute": {
"2003": 0,
"2022": null
},
"relative": {
"2003": 0,
"2022": null
},
"sums": {
"absolute": 0,
"relative": 0.0
}
},
"FAMILJELIV-PAPPAGRUPP": {
"absolute": {
"2004": 0,
"2023": null
},
"relative": {
"2004": 0,
"2023": null
},
"sums": {
"absolute": 0,
"relative": 0.0
}
},
"FAMILJELIV-PLANERARBARN": {
"absolute": {
"2003": 0,
"2022": null
},
"relative": {
"2003": 0,
"2022": null
},
"sums": {
"absolute": 0,
"relative": 0.0
}
},
"FAMILJELIV-SEXSAMLEVNAD": {
"absolute": {
"2004": 0,
"2022": null,
"2013": 1,
"2014": 3,
"2015": 3,
"2016": 0
},
"relative": {
"2004": 0,
"2022": null,
"2013": 0.06794822915703358,
"2014": 0.26925761904821743,
"2015": 0.36274949608049173,
"2016": 0.0
},
"sums": {
"absolute": 7,
"relative": 0.6999553442857427
}
},
"FAMILJELIV-SVARTATTFABARN": {
"absolute": {
"2003": 0,
"2022": null
},
"relative": {
"2003": 0,
"2022": null
},
"sums": {
"absolute": 0,
"relative": 0.0
}
}
},
"combined": {
"absolute": {
"2003": 0,
"2023": null,
"2011": 4,
"2012": 0,
"2013": 31,
"2014": 42,
"2015": 15,
"2016": 4,
"2017": 9,
"2018": 7,
"2019": 0,
"2020": 5,
"2021": 6,
"2022": 0
},
"relative": {
"2003": 0,
"2023": null,
"2011": 0.0110894621091613,
"2012": 0.0,
"2013": 0.14921265296342587,
"2014": 0.3032081238754769,
"2015": 0.16894961904338834,
"2016": 0.06256153709192204,
"2017": 0.14624758197904145,
"2018": 0.12384290916193379,
"2019": 0.0,
"2020": 0.11993368338937195,
"2021": 0.14743677843365574,
"2022": 0.0
},
"sums": {
"absolute": 123,
"relative": 0.02754168956272069
}
},
"time": 1057.769535779953
}
