 
 
 
 
 
 
 
 
 
 
 
 
 
 
 
 
 
 
 
 
 
 
 
 
 
 
 
 
 
 
 
 
 
 
 
 
 
 
 
 
 
 
 
 
 
 
 
 
 
 
 
 
 
 
 
 
 
 
 
 
 
 
 
 
 
 
 
 
 
 
 
 
 
 
 
 
 
 
 
 
 
 
 
 
 
 
 
 
 
 
 
 
 
 
 
 
 
 
 
 
 
 
 
 
 
 
 
 
 
 
 
 
 
 
 
 
 
 
 
 
 
 
 
 
 
 
 
 
 
 
 
 
 
 
 
 
 
 
 
 
 
 
 
 
 
 
 
 
 
 
 
 
 
 
 
 
 
 
 
 
 
 
 
 
 
 
 
 
 
 
 
 
 
 
 
 
 
 
 
 
 
 
 
 
 
 
 
 
 
 
 
 
 
 
 
 
 
 
 
 
 
 
 
 
 
 
 
 
 
 
 
 
{
"corpora": {
"FAMILJELIV-ADOPTION": {
"absolute": {
"2003": 0,
"2023": null,
"2010": 1,
"2011": 0
},
"relative": {
"2003": 0,
"2023": null,
"2010": 0.9723823952112113,
"2011": 0.0
},
"sums": {
"absolute": 1,
"relative": 0.9723823952112113
}
},
"FAMILJELIV-ALLMANNA-EKONOMI": {
"absolute": {
"2003": 0,
"2023": null
},
"relative": {
"2003": 0,
"2023": null
},
"sums": {
"absolute": 0,
"relative": 0.0
}
},
"FAMILJELIV-ALLMANNA-FAMILJELIV": {
"absolute": {
"2003": 0,
"2023": null
},
"relative": {
"2003": 0,
"2023": null
},
"sums": {
"absolute": 0,
"relative": 0.0
}
},
"FAMILJELIV-ALLMANNA-FRITID": {
"absolute": {
"2004": 0,
"2023": null
},
"relative": {
"2004": 0,
"2023": null
},
"sums": {
"absolute": 0,
"relative": 0.0
}
},
"FAMILJELIV-ALLMANNA-HUSDJUR": {
"absolute": {
"2003": 0,
"2023": null,
"2016": 1,
"2017": 0
},
"relative": {
"2003": 0,
"2023": null,
"2016": 3.3977547636521788,
"2017": 0.0
},
"sums": {
"absolute": 1,
"relative": 3.3977547636521788
}
},
"FAMILJELIV-ALLMANNA-HUSHEM": {
"absolute": {
"2004": 0,
"2023": null,
"2008": 1,
"2009": 0
},
"relative": {
"2004": 0,
"2023": null,
"2008": 0.07878072024643239,
"2009": 0.0
},
"sums": {
"absolute": 1,
"relative": 0.07878072024643239
}
},
"FAMILJELIV-ALLMANNA-KROPP": {
"absolute": {
"2003": 0,
"2023": null,
"2010": 2,
"2011": 0,
"2017": 1,
"2018": 0
},
"relative": {
"2003": 0,
"2023": null,
"2010": 0.15839319606186997,
"2011": 0.0,
"2017": 0.6342292243947392,
"2018": 0.0
},
"sums": {
"absolute": 3,
"relative": 0.7926224204566091
}
},
"FAMILJELIV-ALLMANNA-NOJE": {
"absolute": {
"2003": 0,
"2023": null,
"2011": 1,
"2012": 0
},
"relative": {
"2003": 0,
"2023": null,
"2011": 0.1503455090142657,
"2012": 0.0
},
"sums": {
"absolute": 1,
"relative": 0.1503455090142657
}
},
"FAMILJELIV-ALLMANNA-SAMHALLE": {
"absolute": {
"2003": 0,
"2022": null
},
"relative": {
"2003": 0,
"2022": null
},
"sums": {
"absolute": 0,
"relative": 0.0
}
},
"FAMILJELIV-ALLMANNA-SANDLADAN": {
"absolute": {
"2005": 0,
"2022": null
},
"relative": {
"2005": 0,
"2022": null
},
"sums": {
"absolute": 0,
"relative": 0.0
}
},
"FAMILJELIV-ANGLARUM": {
"absolute": {
"2006": 0,
"2022": null
},
"relative": {
"2006": 0,
"2022": null
},
"sums": {
"absolute": 0,
"relative": 0.0
}
},
"FAMILJELIV-EXPERT": {
"absolute": {
"2009": 0,
"2023": null
},
"relative": {
"2009": 0,
"2023": null
},
"sums": {
"absolute": 0,
"relative": 0.0
}
},
"FAMILJELIV-FORALDER": {
"absolute": {
"2003": 0,
"2022": null,
"2007": 1,
"2008": 5,
"2009": 2,
"2010": 1,
"2011": 1,
"2012": 0,
"2013": 1,
"2014": 0,
"2015": 1,
"2016": 0
},
"relative": {
"2003": 0,
"2022": null,
"2007": 0.011663738387946553,
"2008": 0.056554929546526855,
"2009": 0.024693487152028022,
"2010": 0.016720798300404422,
"2011": 0.02040029624494195,
"2012": 0.0,
"2013": 0.05947845720019437,
"2014": 0.0,
"2015": 0.18703345673177366,
"2016": 0.0
},
"sums": {
"absolute": 12,
"relative": 0.37654516356381584
}
},
"FAMILJELIV-GRAVID": {
"absolute": {
"2003": 0,
"2022": null,
"2006": 3,
"2007": 0,
"2008": 3,
"2009": 0,
"2010": 1,
"2011": 0
},
"relative": {
"2003": 0,
"2022": null,
"2006": 0.05928129140736453,
"2007": 0.0,
"2008": 0.06419301864974093,
"2009": 0.0,
"2010": 0.027135458117492246,
"2011": 0.0
},
"sums": {
"absolute": 7,
"relative": 0.1506097681745977
}
},
"FAMILJELIV-KANSLIGA": {
"absolute": {
"2003": 0,
"2022": null,
"2006": 1,
"2007": 0,
"2008": 3,
"2009": 4,
"2010": 0,
"2014": 1,
"2015": 0
},
"relative": {
"2003": 0,
"2022": null,
"2006": 0.019300387584593355,
"2007": 0.0,
"2008": 0.03495695208656823,
"2009": 0.041695089688118435,
"2010": 0.0,
"2014": 0.01737934645071948,
"2015": 0.0
},
"sums": {
"absolute": 9,
"relative": 0.11333177580999951
}
},
"FAMILJELIV-MEDLEM-ALLMANNA": {
"absolute": {
"2006": 1,
"2022": null,
"2007": 2,
"2008": 0
},
"relative": {
"2006": 0.04264120475048606,
"2022": null,
"2007": 0.027216825768291868,
"2008": 0.0
},
"sums": {
"absolute": 3,
"relative": 0.06985803051877792
}
},
"FAMILJELIV-MEDLEM-FORALDRAR": {
"absolute": {
"2006": 0,
"2022": null,
"2007": 4,
"2008": 1,
"2009": 4,
"2010": 3,
"2011": 2,
"2012": 0,
"2014": 2,
"2015": 0
},
"relative": {
"2006": 0,
"2022": null,
"2007": 0.04997024396897257,
"2008": 0.01237642388281487,
"2009": 0.06531948814930572,
"2010": 0.09949821392414489,
"2011": 0.23109375751054712,
"2012": 0.0,
"2014": 4.526177145521121,
"2015": 0.0
},
"sums": {
"absolute": 16,
"relative": 4.984435272956906
}
},
"FAMILJELIV-MEDLEM-PLANERARBARN": {
"absolute": {
"2005": 0,
"2021": null
},
"relative": {
"2005": 0,
"2021": null
},
"sums": {
"absolute": 0,
"relative": 0.0
}
},
"FAMILJELIV-MEDLEM-VANTARBARN": {
"absolute": {
"2003": 0,
"2022": null,
"2008": 1,
"2009": 3,
"2010": 0
},
"relative": {
"2003": 0,
"2022": null,
"2008": 0.019055358426814,
"2009": 0.06674726176033355,
"2010": 0.0
},
"sums": {
"absolute": 4,
"relative": 0.08580262018714754
}
},
"FAMILJELIV-PAPPAGRUPP": {
"absolute": {
"2004": 0,
"2023": null
},
"relative": {
"2004": 0,
"2023": null
},
"sums": {
"absolute": 0,
"relative": 0.0
}
},
"FAMILJELIV-PLANERARBARN": {
"absolute": {
"2003": 0,
"2022": null,
"2006": 2,
"2007": 0
},
"relative": {
"2003": 0,
"2022": null,
"2006": 0.08858838135030309,
"2007": 0.0
},
"sums": {
"absolute": 2,
"relative": 0.08858838135030309
}
},
"FAMILJELIV-SEXSAMLEVNAD": {
"absolute": {
"2004": 0,
"2022": null,
"2007": 1,
"2008": 0
},
"relative": {
"2004": 0,
"2022": null,
"2007": 0.07860343701388688,
"2008": 0.0
},
"sums": {
"absolute": 1,
"relative": 0.07860343701388688
}
},
"FAMILJELIV-SVARTATTFABARN": {
"absolute": {
"2003": 0,
"2022": null
},
"relative": {
"2003": 0,
"2022": null
},
"sums": {
"absolute": 0,
"relative": 0.0
}
}
},
"combined": {
"absolute": {
"2003": 0,
"2023": null,
"2006": 7,
"2007": 8,
"2008": 14,
"2009": 13,
"2010": 8,
"2011": 4,
"2012": 0,
"2013": 1,
"2014": 3,
"2015": 1,
"2016": 1,
"2017": 1,
"2018": 0
},
"relative": {
"2003": 0,
"2023": null,
"2006": 0.014920846327711889,
"2007": 0.012599218669848545,
"2008": 0.022481222029385434,
"2009": 0.021912941615768552,
"2010": 0.01941062109345934,
"2011": 0.0110894621091613,
"2012": 0.0,
"2013": 0.004813311385916963,
"2014": 0.021657723133962633,
"2015": 0.011263307936225889,
"2016": 0.01564038427298051,
"2017": 0.01624973133100461,
"2018": 0.0
},
"sums": {
"absolute": 61,
"relative": 0.013658884402931589
}
},
"time": 1062.1063244342804
}
