 
 
 
 
 
 
 
 
 
 
 
 
 
 
 
 
 
 
 
 
 
 
 
 
 
 
 
 
 
 
 
 
 
 
 
 
 
 
 
 
 
 
 
 
 
 
 
 
 
 
 
 
 
 
 
 
 
 
 
 
 
 
 
 
 
 
 
 
 
 
 
 
 
 
 
 
 
 
 
 
 
 
 
 
 
 
 
 
 
 
 
 
 
 
 
 
 
 
 
 
 
 
 
 
 
 
 
 
 
 
 
 
 
 
 
 
 
 
 
 
 
 
 
 
 
 
 
 
 
 
 
 
 
 
 
 
 
 
 
 
 
 
 
 
 
 
 
 
 
 
 
 
 
 
 
 
 
 
 
 
 
 
 
 
 
 
 
 
 
 
 
 
 
 
 
 
 
 
 
 
 
 
 
 
 
 
 
 
 
 
 
 
 
 
 
 
 
 
{
"corpora": {
"FAMILJELIV-ADOPTION": {
"absolute": {
"2003": 0,
"2023": null,
"2007": 1,
"2008": 0
},
"relative": {
"2003": 0,
"2023": null,
"2007": 0.45432572610337546,
"2008": 0.0
},
"sums": {
"absolute": 1,
"relative": 0.45432572610337546
}
},
"FAMILJELIV-ALLMANNA-EKONOMI": {
"absolute": {
"2003": 0,
"2023": null,
"2007": 9,
"2008": 25,
"2009": 18,
"2010": 0
},
"relative": {
"2003": 0,
"2023": null,
"2007": 1.6844519841347083,
"2008": 3.292674510431983,
"2009": 2.4467209521550517,
"2010": 0.0
},
"sums": {
"absolute": 52,
"relative": 7.423847446721743
}
},
"FAMILJELIV-ALLMANNA-FAMILJELIV": {
"absolute": {
"2003": 0,
"2023": null,
"2007": 15,
"2008": 14,
"2009": 1,
"2010": 1,
"2011": 0
},
"relative": {
"2003": 0,
"2023": null,
"2007": 1.4495991761637963,
"2008": 1.8217842190284321,
"2009": 0.1307822254923591,
"2010": 0.15901476992789,
"2011": 0.0
},
"sums": {
"absolute": 31,
"relative": 3.5611803906124773
}
},
"FAMILJELIV-ALLMANNA-FRITID": {
"absolute": {
"2004": 0,
"2023": null
},
"relative": {
"2004": 0,
"2023": null
},
"sums": {
"absolute": 0,
"relative": 0.0
}
},
"FAMILJELIV-ALLMANNA-HUSDJUR": {
"absolute": {
"2003": 0,
"2023": null,
"2007": 2,
"2008": 39,
"2009": 3,
"2010": 213,
"2011": 50,
"2012": 0
},
"relative": {
"2003": 0,
"2023": null,
"2007": 0.22291861999107435,
"2008": 5.182463924071323,
"2009": 0.46922237496279456,
"2010": 51.41173486123538,
"2011": 12.338464818594955,
"2012": 0.0
},
"sums": {
"absolute": 307,
"relative": 69.62480459885553
}
},
"FAMILJELIV-ALLMANNA-HUSHEM": {
"absolute": {
"2004": 0,
"2023": null,
"2006": 2,
"2007": 11,
"2008": 5,
"2009": 6,
"2010": 1,
"2011": 0
},
"relative": {
"2004": 0,
"2023": null,
"2006": 0.20552135166460478,
"2007": 0.8739574581344584,
"2008": 0.393903601232162,
"2009": 0.6487242513235596,
"2010": 0.18253871189732562,
"2011": 0.0
},
"sums": {
"absolute": 25,
"relative": 2.3046453742521105
}
},
"FAMILJELIV-ALLMANNA-KROPP": {
"absolute": {
"2003": 0,
"2023": null,
"2006": 1,
"2007": 17,
"2008": 12,
"2009": 9,
"2010": 0
},
"relative": {
"2003": 0,
"2023": null,
"2006": 0.053850232379907784,
"2007": 0.933782413098089,
"2008": 0.7217068800737874,
"2009": 0.44873544109023566,
"2010": 0.0
},
"sums": {
"absolute": 39,
"relative": 2.15807496664202
}
},
"FAMILJELIV-ALLMANNA-NOJE": {
"absolute": {
"2003": 0,
"2023": null,
"2006": 2,
"2007": 9,
"2008": 16,
"2009": 3,
"2010": 3,
"2011": 2,
"2012": 0
},
"relative": {
"2003": 0,
"2023": null,
"2006": 0.15575095204716327,
"2007": 0.7071455645001612,
"2008": 1.245452638355193,
"2009": 0.24052989698425217,
"2010": 0.48059324430076483,
"2011": 0.3006910180285314,
"2012": 0.0
},
"sums": {
"absolute": 35,
"relative": 3.130163314216066
}
},
"FAMILJELIV-ALLMANNA-SAMHALLE": {
"absolute": {
"2003": 0,
"2022": null,
"2006": 1,
"2007": 8,
"2008": 17,
"2009": 26,
"2010": 10,
"2011": 4,
"2012": 0
},
"relative": {
"2003": 0,
"2022": null,
"2006": 0.02970420787432411,
"2007": 0.2111694601658641,
"2008": 0.4825556145345751,
"2009": 0.6423019152010284,
"2010": 0.33391636243268624,
"2011": 0.12762033257348188,
"2012": 0.0
},
"sums": {
"absolute": 66,
"relative": 1.8272678927819597
}
},
"FAMILJELIV-ALLMANNA-SANDLADAN": {
"absolute": {
"2005": 0,
"2022": null,
"2007": 5,
"2008": 4,
"2009": 8,
"2010": 0
},
"relative": {
"2005": 0,
"2022": null,
"2007": 0.7415318178697007,
"2008": 1.2269148306397442,
"2009": 1.5786705817697093,
"2010": 0.0
},
"sums": {
"absolute": 17,
"relative": 3.547117230279154
}
},
"FAMILJELIV-ANGLARUM": {
"absolute": {
"2006": 0,
"2022": null
},
"relative": {
"2006": 0,
"2022": null
},
"sums": {
"absolute": 0,
"relative": 0.0
}
},
"FAMILJELIV-EXPERT": {
"absolute": {
"2009": 0,
"2023": null
},
"relative": {
"2009": 0,
"2023": null
},
"sums": {
"absolute": 0,
"relative": 0.0
}
},
"FAMILJELIV-FORALDER": {
"absolute": {
"2003": 0,
"2022": null,
"2006": 1,
"2007": 170,
"2008": 215,
"2009": 68,
"2010": 25,
"2011": 1,
"2012": 0
},
"relative": {
"2003": 0,
"2022": null,
"2006": 0.010040278787216252,
"2007": 1.9828355259509138,
"2008": 2.4318619705006546,
"2009": 0.8395785631689527,
"2010": 0.4180199575101106,
"2011": 0.02040029624494195,
"2012": 0.0
},
"sums": {
"absolute": 480,
"relative": 5.70273659216279
}
},
"FAMILJELIV-GRAVID": {
"absolute": {
"2003": 0,
"2022": null,
"2006": 1,
"2007": 17,
"2008": 15,
"2009": 5,
"2010": 2,
"2011": 0
},
"relative": {
"2003": 0,
"2022": null,
"2006": 0.01976043046912151,
"2007": 0.35249248890343277,
"2008": 0.3209650932487047,
"2009": 0.09802687198878604,
"2010": 0.05427091623498449,
"2011": 0.0
},
"sums": {
"absolute": 40,
"relative": 0.8455158008450295
}
},
"FAMILJELIV-KANSLIGA": {
"absolute": {
"2003": 0,
"2022": null,
"2007": 37,
"2008": 39,
"2009": 25,
"2010": 19,
"2011": 5,
"2012": 0
},
"relative": {
"2003": 0,
"2022": null,
"2007": 0.4496796882966243,
"2008": 0.45444037712538704,
"2009": 0.2605943105507402,
"2010": 0.24860003507092282,
"2011": 0.052334173753873864,
"2012": 0.0
},
"sums": {
"absolute": 125,
"relative": 1.4656485847975482
}
},
"FAMILJELIV-MEDLEM-ALLMANNA": {
"absolute": {
"2006": 0,
"2022": null,
"2007": 394,
"2008": 898,
"2009": 167,
"2010": 22,
"2011": 0
},
"relative": {
"2006": 0,
"2022": null,
"2007": 5.361714676353498,
"2008": 12.504692218654487,
"2009": 2.5602402296403644,
"2010": 0.7649407621181308,
"2011": 0.0
},
"sums": {
"absolute": 1481,
"relative": 21.191587886766477
}
},
"FAMILJELIV-MEDLEM-FORALDRAR": {
"absolute": {
"2006": 0,
"2022": null,
"2007": 187,
"2008": 0
},
"relative": {
"2006": 0,
"2022": null,
"2007": 2.336108905549468,
"2008": 0.0
},
"sums": {
"absolute": 187,
"relative": 2.336108905549468
}
},
"FAMILJELIV-MEDLEM-PLANERARBARN": {
"absolute": {
"2005": 0,
"2021": null
},
"relative": {
"2005": 0,
"2021": null
},
"sums": {
"absolute": 0,
"relative": 0.0
}
},
"FAMILJELIV-MEDLEM-VANTARBARN": {
"absolute": {
"2003": 0,
"2023": null
},
"relative": {
"2003": 0,
"2023": null
},
"sums": {
"absolute": 0,
"relative": 0.0
}
},
"FAMILJELIV-PAPPAGRUPP": {
"absolute": {
"2004": 0,
"2023": null
},
"relative": {
"2004": 0,
"2023": null
},
"sums": {
"absolute": 0,
"relative": 0.0
}
},
"FAMILJELIV-PLANERARBARN": {
"absolute": {
"2003": 0,
"2022": null,
"2008": 1,
"2009": 0
},
"relative": {
"2003": 0,
"2022": null,
"2008": 0.08642119877437456,
"2009": 0.0
},
"sums": {
"absolute": 1,
"relative": 0.08642119877437456
}
},
"FAMILJELIV-SEXSAMLEVNAD": {
"absolute": {
"2004": 0,
"2022": null,
"2007": 1,
"2008": 10,
"2009": 6,
"2010": 6,
"2011": 4,
"2012": 0
},
"relative": {
"2004": 0,
"2022": null,
"2007": 0.07860343701388688,
"2008": 0.6917373016918857,
"2009": 0.4129101591452099,
"2010": 0.5602883841665864,
"2011": 0.28929746208738677,
"2012": 0.0
},
"sums": {
"absolute": 27,
"relative": 2.032836744104956
}
},
"FAMILJELIV-SVARTATTFABARN": {
"absolute": {
"2003": 0,
"2022": null,
"2008": 1,
"2009": 0
},
"relative": {
"2003": 0,
"2022": null,
"2008": 0.036850422403494364,
"2009": 0.0
},
"sums": {
"absolute": 1,
"relative": 0.036850422403494364
}
}
},
"combined": {
"absolute": {
"2003": 0,
"2023": null,
"2006": 8,
"2007": 883,
"2008": 1311,
"2009": 345,
"2010": 302,
"2011": 66,
"2012": 0
},
"relative": {
"2003": 0,
"2023": null,
"2006": 0.017052386825141774,
"2007": 1.3906385153911107,
"2008": 2.1052042368547204,
"2009": 0.5815356925883527,
"2010": 0.7328449769268006,
"2011": 0.18297618922532513,
"2012": 0.0
},
"sums": {
"absolute": 2915,
"relative": 0.6527210113921162
}
},
"time": 995.0816452503204
}
