 
{
"corpora": {
"FAMILJELIV-ADOPTION": {
"absolute": {
"2003": 0,
"2023": null
},
"relative": {
"2003": 0,
"2023": null
},
"sums": {
"absolute": 0,
"relative": 0.0
}
},
"FAMILJELIV-ALLMANNA-EKONOMI": {
"absolute": {
"2003": 0,
"2023": null,
"2009": 1,
"2010": 0
},
"relative": {
"2003": 0,
"2023": null,
"2009": 0.13592894178639173,
"2010": 0.0
},
"sums": {
"absolute": 1,
"relative": 0.13592894178639173
}
},
"FAMILJELIV-ALLMANNA-FAMILJELIV": {
"absolute": {
"2003": 0,
"2023": null
},
"relative": {
"2003": 0,
"2023": null
},
"sums": {
"absolute": 0,
"relative": 0.0
}
},
"FAMILJELIV-ALLMANNA-FRITID": {
"absolute": {
"2004": 0,
"2023": null
},
"relative": {
"2004": 0,
"2023": null
},
"sums": {
"absolute": 0,
"relative": 0.0
}
},
"FAMILJELIV-ALLMANNA-HUSDJUR": {
"absolute": {
"2003": 0,
"2023": null
},
"relative": {
"2003": 0,
"2023": null
},
"sums": {
"absolute": 0,
"relative": 0.0
}
},
"FAMILJELIV-ALLMANNA-HUSHEM": {
"absolute": {
"2004": 0,
"2023": null
},
"relative": {
"2004": 0,
"2023": null
},
"sums": {
"absolute": 0,
"relative": 0.0
}
},
"FAMILJELIV-ALLMANNA-KROPP": {
"absolute": {
"2003": 0,
"2023": null
},
"relative": {
"2003": 0,
"2023": null
},
"sums": {
"absolute": 0,
"relative": 0.0
}
},
"FAMILJELIV-ALLMANNA-NOJE": {
"absolute": {
"2003": 0,
"2023": null,
"2008": 1,
"2009": 0
},
"relative": {
"2003": 0,
"2023": null,
"2008": 0.07784078989719956,
"2009": 0.0
},
"sums": {
"absolute": 1,
"relative": 0.07784078989719956
}
},
"FAMILJELIV-ALLMANNA-SAMHALLE": {
"absolute": {
"2003": 0,
"2022": null,
"2009": 3,
"2010": 0,
"2011": 1,
"2012": 0
},
"relative": {
"2003": 0,
"2022": null,
"2009": 0.07411175944627252,
"2010": 0.0,
"2011": 0.03190508314337047,
"2012": 0.0
},
"sums": {
"absolute": 4,
"relative": 0.10601684258964299
}
},
"FAMILJELIV-ALLMANNA-SANDLADAN": {
"absolute": {
"2005": 0,
"2022": null
},
"relative": {
"2005": 0,
"2022": null
},
"sums": {
"absolute": 0,
"relative": 0.0
}
},
"FAMILJELIV-ANGLARUM": {
"absolute": {
"2006": 0,
"2022": null
},
"relative": {
"2006": 0,
"2022": null
},
"sums": {
"absolute": 0,
"relative": 0.0
}
},
"FAMILJELIV-EXPERT": {
"absolute": {
"2009": 0,
"2023": null
},
"relative": {
"2009": 0,
"2023": null
},
"sums": {
"absolute": 0,
"relative": 0.0
}
},
"FAMILJELIV-FORALDER": {
"absolute": {
"2003": 0,
"2022": null,
"2006": 4,
"2007": 10,
"2008": 4,
"2009": 6,
"2010": 0
},
"relative": {
"2003": 0,
"2022": null,
"2006": 0.04016111514886501,
"2007": 0.11663738387946553,
"2008": 0.04524394363722148,
"2009": 0.07408046145608406,
"2010": 0.0
},
"sums": {
"absolute": 24,
"relative": 0.2761229041216361
}
},
"FAMILJELIV-GRAVID": {
"absolute": {
"2003": 0,
"2022": null,
"2005": 16,
"2006": 3,
"2007": 0,
"2008": 1,
"2009": 19,
"2010": 0
},
"relative": {
"2003": 0,
"2022": null,
"2005": 0.40393007808776266,
"2006": 0.05928129140736453,
"2007": 0.0,
"2008": 0.02139767288324698,
"2009": 0.37250211355738694,
"2010": 0.0
},
"sums": {
"absolute": 39,
"relative": 0.8571111559357611
}
},
"FAMILJELIV-KANSLIGA": {
"absolute": {
"2003": 0,
"2022": null,
"2008": 5,
"2009": 9,
"2010": 1,
"2011": 1,
"2012": 0
},
"relative": {
"2003": 0,
"2022": null,
"2008": 0.05826158681094706,
"2009": 0.09381395179826649,
"2010": 0.013084212372153833,
"2011": 0.010466834750774773,
"2012": 0.0
},
"sums": {
"absolute": 16,
"relative": 0.17562658573214215
}
},
"FAMILJELIV-MEDLEM-ALLMANNA": {
"absolute": {
"2006": 3,
"2022": null,
"2007": 0
},
"relative": {
"2006": 0.12792361425145818,
"2022": null,
"2007": 0.0
},
"sums": {
"absolute": 3,
"relative": 0.12792361425145818
}
},
"FAMILJELIV-MEDLEM-FORALDRAR": {
"absolute": {
"2006": 0,
"2022": null,
"2007": 3,
"2008": 2,
"2009": 3,
"2010": 2,
"2011": 0
},
"relative": {
"2006": 0,
"2022": null,
"2007": 0.03747768297672943,
"2008": 0.02475284776562974,
"2009": 0.048989616111979294,
"2010": 0.06633214261609659,
"2011": 0.0
},
"sums": {
"absolute": 10,
"relative": 0.17755228947043505
}
},
"FAMILJELIV-MEDLEM-PLANERARBARN": {
"absolute": {
"2005": 0,
"2021": null,
"2008": 2,
"2009": 0
},
"relative": {
"2005": 0,
"2021": null,
"2008": 0.08092583034352853,
"2009": 0.0
},
"sums": {
"absolute": 2,
"relative": 0.08092583034352853
}
},
"FAMILJELIV-MEDLEM-VANTARBARN": {
"absolute": {
"2003": 0,
"2022": null,
"2005": 1,
"2006": 1,
"2007": 0,
"2009": 9,
"2010": 1,
"2011": 0
},
"relative": {
"2003": 0,
"2022": null,
"2005": 0.048236316273563194,
"2006": 0.02345924433692082,
"2007": 0.0,
"2009": 0.20024178528100062,
"2010": 0.022885680647033117,
"2011": 0.0
},
"sums": {
"absolute": 12,
"relative": 0.2948230265385178
}
},
"FAMILJELIV-PAPPAGRUPP": {
"absolute": {
"2004": 0,
"2023": null
},
"relative": {
"2004": 0,
"2023": null
},
"sums": {
"absolute": 0,
"relative": 0.0
}
},
"FAMILJELIV-PLANERARBARN": {
"absolute": {
"2003": 0,
"2022": null,
"2008": 1,
"2009": 0
},
"relative": {
"2003": 0,
"2022": null,
"2008": 0.08642119877437456,
"2009": 0.0
},
"sums": {
"absolute": 1,
"relative": 0.08642119877437456
}
},
"FAMILJELIV-SEXSAMLEVNAD": {
"absolute": {
"2004": 0,
"2022": null
},
"relative": {
"2004": 0,
"2022": null
},
"sums": {
"absolute": 0,
"relative": 0.0
}
},
"FAMILJELIV-SVARTATTFABARN": {
"absolute": {
"2003": 0,
"2022": null,
"2005": 1,
"2006": 0,
"2007": 2,
"2008": 0,
"2009": 1,
"2010": 0
},
"relative": {
"2003": 0,
"2022": null,
"2005": 0.08848317191643225,
"2006": 0.0,
"2007": 0.09863376454700076,
"2008": 0.0,
"2009": 0.0491941457785864,
"2010": 0.0
},
"sums": {
"absolute": 4,
"relative": 0.2363110822420194
}
}
},
"combined": {
"absolute": {
"2003": 0,
"2023": null,
"2005": 18,
"2006": 11,
"2007": 15,
"2008": 16,
"2009": 51,
"2010": 4,
"2011": 2,
"2012": 0
},
"relative": {
"2003": 0,
"2023": null,
"2005": 0.07745953051520356,
"2006": 0.02344704422926154,
"2007": 0.02362353500596602,
"2008": 0.025692825176440497,
"2009": 0.08596615556955355,
"2010": 0.00970531054672967,
"2011": 0.00554473105458065,
"2012": 0.0
},
"sums": {
"absolute": 117,
"relative": 0.02619819251088066
}
},
"time": 6.22327446937561
}
