 
 
 
 
 
 
 
 
 
 
 
 
 
 
 
 
 
 
 
 
 
 
 
 
 
 
 
 
 
 
 
 
 
 
 
 
 
 
 
 
 
 
 
 
 
 
 
 
 
 
 
 
 
 
 
 
 
 
 
 
 
 
 
 
 
 
 
 
 
 
 
 
 
 
 
 
 
 
 
 
 
 
 
 
 
 
 
 
 
 
 
 
 
 
 
 
 
 
 
 
 
 
 
 
 
 
 
 
 
 
 
 
 
 
 
 
 
 
 
 
 
 
 
 
 
 
 
 
 
 
 
 
 
 
 
 
 
 
 
 
 
 
 
 
 
 
 
 
 
 
 
 
 
 
 
 
 
 
 
 
 
 
 
 
 
 
 
 
 
 
 
 
 
 
 
 
 
 
 
 
 
 
 
 
 
 
 
 
 
 
 
 
 
 
 
 
 
 
 
 
 
 
 
 
 
 
 
 
 
 
 
{
"corpora": {
"FAMILJELIV-ADOPTION": {
"absolute": {
"2003": 0,
"2023": null
},
"relative": {
"2003": 0,
"2023": null
},
"sums": {
"absolute": 0,
"relative": 0.0
}
},
"FAMILJELIV-ALLMANNA-EKONOMI": {
"absolute": {
"2003": 0,
"2023": null
},
"relative": {
"2003": 0,
"2023": null
},
"sums": {
"absolute": 0,
"relative": 0.0
}
},
"FAMILJELIV-ALLMANNA-FAMILJELIV": {
"absolute": {
"2003": 0,
"2023": null,
"2006": 2,
"2007": 0,
"2009": 1,
"2010": 0
},
"relative": {
"2003": 0,
"2023": null,
"2006": 0.13374147665569275,
"2007": 0.0,
"2009": 0.1307822254923591,
"2010": 0.0
},
"sums": {
"absolute": 3,
"relative": 0.2645237021480519
}
},
"FAMILJELIV-ALLMANNA-FRITID": {
"absolute": {
"2004": 0,
"2023": null,
"2006": 1,
"2007": 0
},
"relative": {
"2004": 0,
"2023": null,
"2006": 0.22040165556907598,
"2007": 0.0
},
"sums": {
"absolute": 1,
"relative": 0.22040165556907598
}
},
"FAMILJELIV-ALLMANNA-HUSDJUR": {
"absolute": {
"2003": 0,
"2023": null
},
"relative": {
"2003": 0,
"2023": null
},
"sums": {
"absolute": 0,
"relative": 0.0
}
},
"FAMILJELIV-ALLMANNA-HUSHEM": {
"absolute": {
"2004": 0,
"2023": null
},
"relative": {
"2004": 0,
"2023": null
},
"sums": {
"absolute": 0,
"relative": 0.0
}
},
"FAMILJELIV-ALLMANNA-KROPP": {
"absolute": {
"2003": 0,
"2023": null,
"2009": 2,
"2010": 0
},
"relative": {
"2003": 0,
"2023": null,
"2009": 0.09971898690894127,
"2010": 0.0
},
"sums": {
"absolute": 2,
"relative": 0.09971898690894127
}
},
"FAMILJELIV-ALLMANNA-NOJE": {
"absolute": {
"2003": 0,
"2023": null,
"2005": 3,
"2006": 3,
"2007": 0
},
"relative": {
"2003": 0,
"2023": null,
"2005": 0.2907614052615021,
"2006": 0.23362642807074488,
"2007": 0.0
},
"sums": {
"absolute": 6,
"relative": 0.524387833332247
}
},
"FAMILJELIV-ALLMANNA-SAMHALLE": {
"absolute": {
"2003": 0,
"2022": null,
"2005": 1,
"2006": 0
},
"relative": {
"2003": 0,
"2022": null,
"2005": 0.07671932809212458,
"2006": 0.0
},
"sums": {
"absolute": 1,
"relative": 0.07671932809212458
}
},
"FAMILJELIV-ALLMANNA-SANDLADAN": {
"absolute": {
"2005": 0,
"2022": null
},
"relative": {
"2005": 0,
"2022": null
},
"sums": {
"absolute": 0,
"relative": 0.0
}
},
"FAMILJELIV-ANGLARUM": {
"absolute": {
"2006": 0,
"2022": null
},
"relative": {
"2006": 0,
"2022": null
},
"sums": {
"absolute": 0,
"relative": 0.0
}
},
"FAMILJELIV-EXPERT": {
"absolute": {
"2009": 0,
"2023": null
},
"relative": {
"2009": 0,
"2023": null
},
"sums": {
"absolute": 0,
"relative": 0.0
}
},
"FAMILJELIV-FORALDER": {
"absolute": {
"2003": 0,
"2022": null,
"2005": 1,
"2006": 0,
"2007": 3,
"2008": 2,
"2009": 1,
"2010": 1,
"2011": 0
},
"relative": {
"2003": 0,
"2022": null,
"2005": 0.01630639374677195,
"2006": 0.0,
"2007": 0.034991215163839656,
"2008": 0.02262197181861074,
"2009": 0.012346743576014011,
"2010": 0.016720798300404422,
"2011": 0.0
},
"sums": {
"absolute": 8,
"relative": 0.10298712260564077
}
},
"FAMILJELIV-GRAVID": {
"absolute": {
"2003": 0,
"2022": null,
"2006": 2,
"2007": 1,
"2008": 0
},
"relative": {
"2003": 0,
"2022": null,
"2006": 0.03952086093824302,
"2007": 0.020734852288437224,
"2008": 0.0
},
"sums": {
"absolute": 3,
"relative": 0.060255713226680246
}
},
"FAMILJELIV-KANSLIGA": {
"absolute": {
"2003": 0,
"2022": null,
"2007": 2,
"2008": 1,
"2009": 6,
"2010": 2,
"2011": 1,
"2012": 0
},
"relative": {
"2003": 0,
"2022": null,
"2007": 0.024307010178195906,
"2008": 0.011652317362189411,
"2009": 0.06254263453217765,
"2010": 0.026168424744307667,
"2011": 0.010466834750774773,
"2012": 0.0
},
"sums": {
"absolute": 12,
"relative": 0.1351372215676454
}
},
"FAMILJELIV-MEDLEM-ALLMANNA": {
"absolute": {
"2006": 0,
"2022": null,
"2007": 1,
"2008": 1,
"2009": 0,
"2010": 2,
"2011": 0
},
"relative": {
"2006": 0,
"2022": null,
"2007": 0.013608412884145934,
"2008": 0.013925047014091854,
"2009": 0.0,
"2010": 0.06954006928346643,
"2011": 0.0
},
"sums": {
"absolute": 4,
"relative": 0.09707352918170421
}
},
"FAMILJELIV-MEDLEM-FORALDRAR": {
"absolute": {
"2006": 0,
"2022": null,
"2009": 1,
"2010": 0
},
"relative": {
"2006": 0,
"2022": null,
"2009": 0.01632987203732643,
"2010": 0.0
},
"sums": {
"absolute": 1,
"relative": 0.01632987203732643
}
},
"FAMILJELIV-MEDLEM-PLANERARBARN": {
"absolute": {
"2005": 0,
"2021": null
},
"relative": {
"2005": 0,
"2021": null
},
"sums": {
"absolute": 0,
"relative": 0.0
}
},
"FAMILJELIV-MEDLEM-VANTARBARN": {
"absolute": {
"2003": 0,
"2023": null,
"2006": 1,
"2007": 0
},
"relative": {
"2003": 0,
"2023": null,
"2006": 0.023459108404680695,
"2007": 0.0
},
"sums": {
"absolute": 1,
"relative": 0.023459108404680695
}
},
"FAMILJELIV-PAPPAGRUPP": {
"absolute": {
"2004": 0,
"2023": null
},
"relative": {
"2004": 0,
"2023": null
},
"sums": {
"absolute": 0,
"relative": 0.0
}
},
"FAMILJELIV-PLANERARBARN": {
"absolute": {
"2003": 0,
"2022": null,
"2006": 1,
"2007": 0
},
"relative": {
"2003": 0,
"2022": null,
"2006": 0.04429419067515154,
"2007": 0.0
},
"sums": {
"absolute": 1,
"relative": 0.04429419067515154
}
},
"FAMILJELIV-SEXSAMLEVNAD": {
"absolute": {
"2004": 0,
"2022": null
},
"relative": {
"2004": 0,
"2022": null
},
"sums": {
"absolute": 0,
"relative": 0.0
}
},
"FAMILJELIV-SVARTATTFABARN": {
"absolute": {
"2003": 0,
"2022": null
},
"relative": {
"2003": 0,
"2022": null
},
"sums": {
"absolute": 0,
"relative": 0.0
}
}
},
"combined": {
"absolute": {
"2003": 0,
"2023": null,
"2005": 5,
"2006": 10,
"2007": 7,
"2008": 4,
"2009": 11,
"2010": 5,
"2011": 1,
"2012": 0
},
"relative": {
"2003": 0,
"2023": null,
"2005": 0.021516519957996656,
"2006": 0.021315483531427214,
"2007": 0.011024314391549009,
"2008": 0.0064232013328900705,
"2009": 0.018541717734701098,
"2010": 0.012133194982231798,
"2011": 0.0027723665034140167,
"2012": 0.0
},
"sums": {
"absolute": 43,
"relative": 0.009628474610586963
}
},
"time": 1058.1363847255707
}
