 
 
 
 
 
 
 
 
 
 
 
 
 
 
 
 
 
 
 
 
 
 
 
 
 
 
 
 
 
 
 
 
 
 
 
 
 
 
 
 
 
 
 
 
 
 
 
 
 
 
 
 
 
 
 
 
 
 
 
 
 
 
 
 
 
 
 
 
 
 
 
 
 
 
 
 
 
 
 
 
 
 
 
 
 
 
 
 
 
 
 
 
 
 
 
 
 
 
 
 
 
 
 
 
 
 
 
 
 
 
 
 
 
 
 
 
 
 
 
 
 
 
 
 
 
 
 
 
 
 
 
 
 
 
 
 
 
 
 
 
 
 
 
 
 
 
 
 
 
 
 
 
 
 
 
 
 
 
 
 
 
 
 
 
 
 
 
 
 
 
 
 
 
 
 
 
 
 
 
 
 
 
 
 
 
 
 
 
 
 
 
 
{
"corpora": {
"FAMILJELIV-ADOPTION": {
"absolute": {
"2003": 0,
"2023": null
},
"relative": {
"2003": 0,
"2023": null
},
"sums": {
"absolute": 0,
"relative": 0.0
}
},
"FAMILJELIV-ALLMANNA-EKONOMI": {
"absolute": {
"2003": 0,
"2023": null,
"2013": 3,
"2014": 0
},
"relative": {
"2003": 0,
"2023": null,
"2013": 1.1120180235881263,
"2014": 0.0
},
"sums": {
"absolute": 3,
"relative": 1.1120180235881263
}
},
"FAMILJELIV-ALLMANNA-FAMILJELIV": {
"absolute": {
"2003": 0,
"2023": null,
"2010": 1,
"2011": 0,
"2014": 1,
"2015": 0
},
"relative": {
"2003": 0,
"2023": null,
"2010": 0.15901476992789,
"2011": 0.0,
"2014": 0.9362042348262358,
"2015": 0.0
},
"sums": {
"absolute": 2,
"relative": 1.0952190047541257
}
},
"FAMILJELIV-ALLMANNA-FRITID": {
"absolute": {
"2004": 0,
"2023": null
},
"relative": {
"2004": 0,
"2023": null
},
"sums": {
"absolute": 0,
"relative": 0.0
}
},
"FAMILJELIV-ALLMANNA-HUSDJUR": {
"absolute": {
"2003": 0,
"2023": null,
"2007": 2,
"2008": 1,
"2009": 2,
"2010": 1,
"2011": 0,
"2012": 2,
"2013": 0
},
"relative": {
"2003": 0,
"2023": null,
"2007": 0.22291861999107435,
"2008": 0.13288369036080314,
"2009": 0.31281491664186306,
"2010": 0.2413696472358469,
"2011": 0.0,
"2012": 0.7002315665790676,
"2013": 0.0
},
"sums": {
"absolute": 8,
"relative": 1.610218440808655
}
},
"FAMILJELIV-ALLMANNA-HUSHEM": {
"absolute": {
"2004": 1,
"2023": null,
"2005": 0,
"2009": 1,
"2010": 1,
"2011": 0,
"2012": 2,
"2013": 0
},
"relative": {
"2004": 0.7539493753152451,
"2023": null,
"2005": 0.0,
"2009": 0.10812070855392661,
"2010": 0.18253871189732562,
"2011": 0.0,
"2012": 0.560511724784259,
"2013": 0.0
},
"sums": {
"absolute": 5,
"relative": 1.6051205205507564
}
},
"FAMILJELIV-ALLMANNA-KROPP": {
"absolute": {
"2003": 0,
"2023": null,
"2008": 1,
"2009": 0,
"2011": 2,
"2012": 0
},
"relative": {
"2003": 0,
"2023": null,
"2008": 0.060142240006148935,
"2009": 0.0,
"2011": 0.1565870904122116,
"2012": 0.0
},
"sums": {
"absolute": 3,
"relative": 0.21672933041836054
}
},
"FAMILJELIV-ALLMANNA-NOJE": {
"absolute": {
"2003": 0,
"2023": null,
"2010": 1,
"2011": 0
},
"relative": {
"2003": 0,
"2023": null,
"2010": 0.16019774810025494,
"2011": 0.0
},
"sums": {
"absolute": 1,
"relative": 0.16019774810025494
}
},
"FAMILJELIV-ALLMANNA-SAMHALLE": {
"absolute": {
"2003": 0,
"2022": null,
"2009": 2,
"2010": 0,
"2011": 1,
"2012": 1,
"2013": 3,
"2014": 0
},
"relative": {
"2003": 0,
"2022": null,
"2009": 0.04940783963084834,
"2010": 0.0,
"2011": 0.03190508314337047,
"2012": 0.04323855758593253,
"2013": 0.19299313960853529,
"2014": 0.0
},
"sums": {
"absolute": 7,
"relative": 0.31754461996868666
}
},
"FAMILJELIV-ALLMANNA-SANDLADAN": {
"absolute": {
"2005": 0,
"2022": null
},
"relative": {
"2005": 0,
"2022": null
},
"sums": {
"absolute": 0,
"relative": 0.0
}
},
"FAMILJELIV-ANGLARUM": {
"absolute": {
"2006": 0,
"2022": null
},
"relative": {
"2006": 0,
"2022": null
},
"sums": {
"absolute": 0,
"relative": 0.0
}
},
"FAMILJELIV-EXPERT": {
"absolute": {
"2009": 0,
"2023": null
},
"relative": {
"2009": 0,
"2023": null
},
"sums": {
"absolute": 0,
"relative": 0.0
}
},
"FAMILJELIV-FORALDER": {
"absolute": {
"2003": 0,
"2022": null,
"2010": 4,
"2011": 9,
"2012": 6,
"2013": 16,
"2014": 4,
"2015": 0
},
"relative": {
"2003": 0,
"2022": null,
"2010": 0.06688319320161769,
"2011": 0.18360266620447754,
"2012": 0.21277840724723254,
"2013": 0.95165531520311,
"2014": 0.41991602939160255,
"2015": 0.0
},
"sums": {
"absolute": 39,
"relative": 1.8348356112480402
}
},
"FAMILJELIV-GRAVID": {
"absolute": {
"2003": 0,
"2022": null,
"2010": 2,
"2011": 1,
"2012": 0,
"2013": 1,
"2014": 0
},
"relative": {
"2003": 0,
"2022": null,
"2010": 0.05427091623498449,
"2011": 0.021719441289092277,
"2012": 0.0,
"2013": 0.03644591799340438,
"2014": 0.0
},
"sums": {
"absolute": 4,
"relative": 0.11243627551748114
}
},
"FAMILJELIV-KANSLIGA": {
"absolute": {
"2003": 0,
"2022": null,
"2010": 1,
"2011": 2,
"2012": 6,
"2013": 4,
"2014": 1,
"2015": 0
},
"relative": {
"2003": 0,
"2022": null,
"2010": 0.013084212372153833,
"2011": 0.020933669501549547,
"2012": 0.058990575105310715,
"2013": 0.04593983085781195,
"2014": 0.01737934645071948,
"2015": 0.0
},
"sums": {
"absolute": 14,
"relative": 0.15632763428754554
}
},
"FAMILJELIV-MEDLEM-ALLMANNA": {
"absolute": {
"2006": 0,
"2022": null
},
"relative": {
"2006": 0,
"2022": null
},
"sums": {
"absolute": 0,
"relative": 0.0
}
},
"FAMILJELIV-MEDLEM-FORALDRAR": {
"absolute": {
"2006": 0,
"2022": null
},
"relative": {
"2006": 0,
"2022": null
},
"sums": {
"absolute": 0,
"relative": 0.0
}
},
"FAMILJELIV-MEDLEM-PLANERARBARN": {
"absolute": {
"2005": 0,
"2021": null
},
"relative": {
"2005": 0,
"2021": null
},
"sums": {
"absolute": 0,
"relative": 0.0
}
},
"FAMILJELIV-MEDLEM-VANTARBARN": {
"absolute": {
"2003": 0,
"2023": null
},
"relative": {
"2003": 0,
"2023": null
},
"sums": {
"absolute": 0,
"relative": 0.0
}
},
"FAMILJELIV-PAPPAGRUPP": {
"absolute": {
"2004": 0,
"2023": null
},
"relative": {
"2004": 0,
"2023": null
},
"sums": {
"absolute": 0,
"relative": 0.0
}
},
"FAMILJELIV-PLANERARBARN": {
"absolute": {
"2003": 0,
"2022": null,
"2011": 1,
"2012": 0
},
"relative": {
"2003": 0,
"2022": null,
"2011": 0.05844249124443817,
"2012": 0.0
},
"sums": {
"absolute": 1,
"relative": 0.05844249124443817
}
},
"FAMILJELIV-SEXSAMLEVNAD": {
"absolute": {
"2004": 0,
"2022": null
},
"relative": {
"2004": 0,
"2022": null
},
"sums": {
"absolute": 0,
"relative": 0.0
}
},
"FAMILJELIV-SVARTATTFABARN": {
"absolute": {
"2003": 0,
"2022": null
},
"relative": {
"2003": 0,
"2022": null
},
"sums": {
"absolute": 0,
"relative": 0.0
}
}
},
"combined": {
"absolute": {
"2003": 0,
"2023": null,
"2004": 1,
"2005": 0,
"2007": 2,
"2008": 2,
"2009": 5,
"2010": 11,
"2011": 16,
"2012": 17,
"2013": 27,
"2014": 6,
"2015": 0
},
"relative": {
"2003": 0,
"2023": null,
"2004": 0.010367229560579273,
"2005": 0.0,
"2007": 0.003149804111871145,
"2008": 0.0032116006664450352,
"2009": 0.008428053515773228,
"2010": 0.026693028960909953,
"2011": 0.04435786405462427,
"2012": 0.05853203501659025,
"2013": 0.1299592898192665,
"2014": 0.04331230881676187,
"2015": 0.0
},
"sums": {
"absolute": 87,
"relative": 0.019480867235373622
}
},
"time": 964.9713580608368
}
