 
 
 
 
 
 
 
 
 
 
 
 
 
 
 
 
 
 
 
 
 
 
 
 
 
 
 
 
 
 
 
 
 
 
 
 
 
 
 
 
 
 
 
 
 
 
 
 
 
 
 
 
 
 
 
 
 
 
 
 
 
 
 
 
 
 
 
 
 
 
 
 
 
 
 
 
 
 
 
 
 
 
 
 
 
 
 
 
 
 
 
 
 
 
 
 
 
 
 
 
 
 
 
 
 
 
 
 
 
 
 
 
 
 
 
 
 
 
 
 
 
 
 
 
 
 
 
 
 
 
 
 
 
 
 
 
 
 
 
 
 
 
 
 
 
 
 
 
 
 
 
 
 
 
 
 
 
 
 
 
 
 
 
 
 
 
 
 
 
 
 
 
 
 
 
 
 
 
 
 
 
 
 
 
 
 
 
 
 
 
 
 
 
 
 
 
 
 
 
 
 
 
 
 
 
 
 
 
 
 
 
{
"corpora": {
"FAMILJELIV-ADOPTION": {
"absolute": {
"2003": 0,
"2023": null
},
"relative": {
"2003": 0,
"2023": null
},
"sums": {
"absolute": 0,
"relative": 0.0
}
},
"FAMILJELIV-ALLMANNA-EKONOMI": {
"absolute": {
"2003": 0,
"2023": null,
"2006": 1,
"2007": 0
},
"relative": {
"2003": 0,
"2023": null,
"2006": 0.2721177290142808,
"2007": 0.0
},
"sums": {
"absolute": 1,
"relative": 0.2721177290142808
}
},
"FAMILJELIV-ALLMANNA-FAMILJELIV": {
"absolute": {
"2003": 0,
"2023": null,
"2006": 6,
"2007": 1,
"2008": 2,
"2009": 2,
"2010": 0
},
"relative": {
"2003": 0,
"2023": null,
"2006": 0.4012244299670782,
"2007": 0.09663994507758641,
"2008": 0.26025488843263317,
"2009": 0.2615644509847182,
"2010": 0.0
},
"sums": {
"absolute": 11,
"relative": 1.0196837144620159
}
},
"FAMILJELIV-ALLMANNA-FRITID": {
"absolute": {
"2004": 0,
"2023": null,
"2008": 2,
"2009": 0
},
"relative": {
"2004": 0,
"2023": null,
"2008": 0.3715623285588193,
"2009": 0.0
},
"sums": {
"absolute": 2,
"relative": 0.3715623285588193
}
},
"FAMILJELIV-ALLMANNA-HUSDJUR": {
"absolute": {
"2003": 0,
"2023": null,
"2008": 2,
"2009": 0
},
"relative": {
"2003": 0,
"2023": null,
"2008": 0.26576738072160627,
"2009": 0.0
},
"sums": {
"absolute": 2,
"relative": 0.26576738072160627
}
},
"FAMILJELIV-ALLMANNA-HUSHEM": {
"absolute": {
"2004": 0,
"2023": null,
"2006": 1,
"2007": 0,
"2008": 1,
"2009": 0
},
"relative": {
"2004": 0,
"2023": null,
"2006": 0.10276067583230239,
"2007": 0.0,
"2008": 0.07878072024643239,
"2009": 0.0
},
"sums": {
"absolute": 2,
"relative": 0.18154139607873476
}
},
"FAMILJELIV-ALLMANNA-KROPP": {
"absolute": {
"2003": 0,
"2023": null,
"2006": 4,
"2007": 3,
"2008": 12,
"2009": 9,
"2010": 0
},
"relative": {
"2003": 0,
"2023": null,
"2006": 0.21540092951963113,
"2007": 0.16478513172319217,
"2008": 0.7217068800737874,
"2009": 0.44873544109023566,
"2010": 0.0
},
"sums": {
"absolute": 28,
"relative": 1.5506283824068463
}
},
"FAMILJELIV-ALLMANNA-NOJE": {
"absolute": {
"2003": 0,
"2023": null,
"2006": 2,
"2007": 3,
"2008": 7,
"2009": 0
},
"relative": {
"2003": 0,
"2023": null,
"2006": 0.15575095204716327,
"2007": 0.2357151881667204,
"2008": 0.5448855292803969,
"2009": 0.0
},
"sums": {
"absolute": 12,
"relative": 0.9363516694942806
}
},
"FAMILJELIV-ALLMANNA-SAMHALLE": {
"absolute": {
"2003": 0,
"2022": null,
"2006": 8,
"2007": 8,
"2008": 10,
"2009": 23,
"2010": 0,
"2011": 1,
"2012": 0
},
"relative": {
"2003": 0,
"2022": null,
"2006": 0.23763366299459288,
"2007": 0.2111694601658641,
"2008": 0.2838562438438677,
"2009": 0.5681901557547558,
"2010": 0.0,
"2011": 0.03190508314337047,
"2012": 0.0
},
"sums": {
"absolute": 50,
"relative": 1.3327546059024509
}
},
"FAMILJELIV-ALLMANNA-SANDLADAN": {
"absolute": {
"2005": 0,
"2022": null,
"2007": 1,
"2008": 0
},
"relative": {
"2005": 0,
"2022": null,
"2007": 0.14830636357394014,
"2008": 0.0
},
"sums": {
"absolute": 1,
"relative": 0.14830636357394014
}
},
"FAMILJELIV-ANGLARUM": {
"absolute": {
"2006": 0,
"2022": null
},
"relative": {
"2006": 0,
"2022": null
},
"sums": {
"absolute": 0,
"relative": 0.0
}
},
"FAMILJELIV-EXPERT": {
"absolute": {
"2009": 0,
"2023": null
},
"relative": {
"2009": 0,
"2023": null
},
"sums": {
"absolute": 0,
"relative": 0.0
}
},
"FAMILJELIV-FORALDER": {
"absolute": {
"2003": 0,
"2022": null,
"2006": 150,
"2007": 56,
"2008": 86,
"2009": 96,
"2010": 1,
"2011": 2,
"2012": 0
},
"relative": {
"2003": 0,
"2022": null,
"2006": 1.5060418180824375,
"2007": 0.653169349725007,
"2008": 0.972744788200262,
"2009": 1.185287383297345,
"2010": 0.016720798300404422,
"2011": 0.0408005924898839,
"2012": 0.0
},
"sums": {
"absolute": 391,
"relative": 4.37476473009534
}
},
"FAMILJELIV-GRAVID": {
"absolute": {
"2003": 0,
"2022": null,
"2006": 71,
"2007": 134,
"2008": 15,
"2009": 2,
"2010": 0,
"2011": 1,
"2012": 0
},
"relative": {
"2003": 0,
"2022": null,
"2006": 1.4029905633076272,
"2007": 2.7784702066505877,
"2008": 0.3209650932487047,
"2009": 0.039210748795514415,
"2010": 0.0,
"2011": 0.021719441289092277,
"2012": 0.0
},
"sums": {
"absolute": 223,
"relative": 4.5633560532915265
}
},
"FAMILJELIV-KANSLIGA": {
"absolute": {
"2003": 0,
"2022": null,
"2006": 75,
"2007": 30,
"2008": 18,
"2009": 9,
"2010": 0,
"2011": 1,
"2012": 2,
"2013": 0
},
"relative": {
"2003": 0,
"2022": null,
"2006": 1.447529068844502,
"2007": 0.3646051526729386,
"2008": 0.2097417125194094,
"2009": 0.09381395179826649,
"2010": 0.0,
"2011": 0.010466834750774773,
"2012": 0.01966352503510357,
"2013": 0.0
},
"sums": {
"absolute": 135,
"relative": 2.1458202456209943
}
},
"FAMILJELIV-MEDLEM-ALLMANNA": {
"absolute": {
"2006": 0,
"2022": null,
"2007": 263,
"2008": 591,
"2009": 248,
"2010": 5,
"2011": 5,
"2012": 7,
"2013": 0
},
"relative": {
"2006": 0,
"2022": null,
"2007": 3.5790125885303805,
"2008": 8.229702785328287,
"2009": 3.802033394915032,
"2010": 0.17385017320866608,
"2011": 0.47410279838228536,
"2012": 1.4361098328593829,
"2013": 0.0
},
"sums": {
"absolute": 1119,
"relative": 17.694811573224037
}
},
"FAMILJELIV-MEDLEM-FORALDRAR": {
"absolute": {
"2006": 0,
"2022": null,
"2007": 78,
"2008": 3,
"2009": 0,
"2010": 2,
"2011": 1,
"2012": 0
},
"relative": {
"2006": 0,
"2022": null,
"2007": 0.9744197573949652,
"2008": 0.03712927164844461,
"2009": 0.0,
"2010": 0.06633214261609659,
"2011": 0.11554687875527356,
"2012": 0.0
},
"sums": {
"absolute": 84,
"relative": 1.19342805041478
}
},
"FAMILJELIV-MEDLEM-PLANERARBARN": {
"absolute": {
"2005": 0,
"2021": null,
"2006": 14,
"2007": 0
},
"relative": {
"2005": 0,
"2021": null,
"2006": 0.821898861118231,
"2007": 0.0
},
"sums": {
"absolute": 14,
"relative": 0.821898861118231
}
},
"FAMILJELIV-MEDLEM-VANTARBARN": {
"absolute": {
"2003": 0,
"2023": null,
"2006": 27,
"2007": 171,
"2008": 0
},
"relative": {
"2003": 0,
"2023": null,
"2006": 0.6333959269263787,
"2007": 3.0266387217644475,
"2008": 0.0
},
"sums": {
"absolute": 198,
"relative": 3.660034648690826
}
},
"FAMILJELIV-PAPPAGRUPP": {
"absolute": {
"2004": 0,
"2023": null
},
"relative": {
"2004": 0,
"2023": null
},
"sums": {
"absolute": 0,
"relative": 0.0
}
},
"FAMILJELIV-PLANERARBARN": {
"absolute": {
"2003": 0,
"2022": null,
"2006": 21,
"2007": 0,
"2008": 5,
"2009": 0
},
"relative": {
"2003": 0,
"2022": null,
"2006": 0.9301780041781824,
"2007": 0.0,
"2008": 0.4321059938718728,
"2009": 0.0
},
"sums": {
"absolute": 26,
"relative": 1.3622839980500552
}
},
"FAMILJELIV-SEXSAMLEVNAD": {
"absolute": {
"2004": 0,
"2022": null,
"2007": 1,
"2008": 0,
"2009": 2,
"2010": 0
},
"relative": {
"2004": 0,
"2022": null,
"2007": 0.07860343701388688,
"2008": 0.0,
"2009": 0.13763671971506997,
"2010": 0.0
},
"sums": {
"absolute": 3,
"relative": 0.21624015672895686
}
},
"FAMILJELIV-SVARTATTFABARN": {
"absolute": {
"2003": 0,
"2022": null,
"2011": 1,
"2012": 0
},
"relative": {
"2003": 0,
"2022": null,
"2011": 0.07524557522157188,
"2012": 0.0
},
"sums": {
"absolute": 1,
"relative": 0.07524557522157188
}
}
},
"combined": {
"absolute": {
"2003": 0,
"2023": null,
"2006": 380,
"2007": 749,
"2008": 754,
"2009": 391,
"2010": 8,
"2011": 12,
"2012": 9,
"2013": 0
},
"relative": {
"2003": 0,
"2023": null,
"2006": 0.8099883741942342,
"2007": 1.1796016398957438,
"2008": 1.2107734512497783,
"2009": 0.6590737849334664,
"2010": 0.019413111971570876,
"2011": 0.033268398040968206,
"2012": 0.030987547949959546,
"2013": 0.0
},
"sums": {
"absolute": 2303,
"relative": 0.5156831867019018
}
},
"time": 1059.5055413246155
}
