 
 
 
 
 
 
 
 
 
 
 
 
 
 
 
 
 
 
 
 
 
 
 
 
 
 
 
 
 
 
 
 
 
 
 
 
 
 
 
 
 
 
 
 
 
 
 
 
 
 
 
 
 
 
 
 
 
 
 
 
 
 
 
 
 
 
 
 
 
 
 
 
 
 
 
 
 
 
 
 
 
 
 
 
 
 
 
 
 
 
 
 
 
 
 
 
 
 
 
 
 
 
 
 
 
 
 
 
 
 
 
 
 
 
 
 
 
 
 
 
 
 
 
 
 
 
 
 
 
 
 
 
 
 
 
 
 
 
 
 
 
 
 
 
 
 
 
 
 
 
 
 
 
 
 
 
 
 
 
 
 
 
 
 
 
 
 
 
 
 
 
 
 
 
 
 
 
 
 
 
 
 
 
 
 
 
 
 
 
 
 
 
 
 
 
 
 
 
 
 
 
 
 
{
"corpora": {
"FAMILJELIV-ADOPTION": {
"absolute": {
"2003": 0,
"2023": null
},
"relative": {
"2003": 0,
"2023": null
},
"sums": {
"absolute": 0,
"relative": 0.0
}
},
"FAMILJELIV-ALLMANNA-EKONOMI": {
"absolute": {
"2003": 0,
"2023": null,
"2010": 2,
"2011": 0
},
"relative": {
"2003": 0,
"2023": null,
"2010": 0.3712857272011535,
"2011": 0.0
},
"sums": {
"absolute": 2,
"relative": 0.3712857272011535
}
},
"FAMILJELIV-ALLMANNA-FAMILJELIV": {
"absolute": {
"2003": 0,
"2023": null,
"2008": 1,
"2009": 0
},
"relative": {
"2003": 0,
"2023": null,
"2008": 0.13012744421631658,
"2009": 0.0
},
"sums": {
"absolute": 1,
"relative": 0.13012744421631658
}
},
"FAMILJELIV-ALLMANNA-FRITID": {
"absolute": {
"2004": 0,
"2023": null,
"2008": 1,
"2009": 2,
"2010": 0
},
"relative": {
"2004": 0,
"2023": null,
"2008": 0.18578116427940966,
"2009": 0.46546299487734705,
"2010": 0.0
},
"sums": {
"absolute": 3,
"relative": 0.6512441591567567
}
},
"FAMILJELIV-ALLMANNA-HUSDJUR": {
"absolute": {
"2003": 0,
"2023": null,
"2006": 1,
"2007": 0,
"2008": 1,
"2009": 0
},
"relative": {
"2003": 0,
"2023": null,
"2006": 0.16673266501323442,
"2007": 0.0,
"2008": 0.13288369036080314,
"2009": 0.0
},
"sums": {
"absolute": 2,
"relative": 0.2996163553740375
}
},
"FAMILJELIV-ALLMANNA-HUSHEM": {
"absolute": {
"2004": 0,
"2023": null
},
"relative": {
"2004": 0,
"2023": null
},
"sums": {
"absolute": 0,
"relative": 0.0
}
},
"FAMILJELIV-ALLMANNA-KROPP": {
"absolute": {
"2003": 0,
"2023": null,
"2010": 1,
"2011": 0
},
"relative": {
"2003": 0,
"2023": null,
"2010": 0.07919659803093498,
"2011": 0.0
},
"sums": {
"absolute": 1,
"relative": 0.07919659803093498
}
},
"FAMILJELIV-ALLMANNA-NOJE": {
"absolute": {
"2003": 0,
"2023": null,
"2009": 1,
"2010": 0
},
"relative": {
"2003": 0,
"2023": null,
"2009": 0.08017663232808406,
"2010": 0.0
},
"sums": {
"absolute": 1,
"relative": 0.08017663232808406
}
},
"FAMILJELIV-ALLMANNA-SAMHALLE": {
"absolute": {
"2003": 0,
"2022": null,
"2007": 3,
"2008": 0,
"2009": 3,
"2010": 0
},
"relative": {
"2003": 0,
"2022": null,
"2007": 0.07918854756219904,
"2008": 0.0,
"2009": 0.07411175944627252,
"2010": 0.0
},
"sums": {
"absolute": 6,
"relative": 0.15330030700847155
}
},
"FAMILJELIV-ALLMANNA-SANDLADAN": {
"absolute": {
"2005": 0,
"2022": null
},
"relative": {
"2005": 0,
"2022": null
},
"sums": {
"absolute": 0,
"relative": 0.0
}
},
"FAMILJELIV-ANGLARUM": {
"absolute": {
"2006": 0,
"2022": null
},
"relative": {
"2006": 0,
"2022": null
},
"sums": {
"absolute": 0,
"relative": 0.0
}
},
"FAMILJELIV-EXPERT": {
"absolute": {
"2009": 0,
"2023": null
},
"relative": {
"2009": 0,
"2023": null
},
"sums": {
"absolute": 0,
"relative": 0.0
}
},
"FAMILJELIV-FORALDER": {
"absolute": {
"2003": 0,
"2022": null,
"2006": 1,
"2007": 5,
"2008": 7,
"2009": 3,
"2010": 3,
"2011": 0
},
"relative": {
"2003": 0,
"2022": null,
"2006": 0.010040278787216252,
"2007": 0.05831869193973276,
"2008": 0.0791769013651376,
"2009": 0.03704023072804203,
"2010": 0.05016239490121328,
"2011": 0.0
},
"sums": {
"absolute": 19,
"relative": 0.23473849772134192
}
},
"FAMILJELIV-GRAVID": {
"absolute": {
"2003": 0,
"2022": null,
"2008": 2,
"2009": 1,
"2010": 1,
"2011": 1,
"2012": 0
},
"relative": {
"2003": 0,
"2022": null,
"2008": 0.04279534576649396,
"2009": 0.019605374397757207,
"2010": 0.027135458117492246,
"2011": 0.021719441289092277,
"2012": 0.0
},
"sums": {
"absolute": 5,
"relative": 0.11125561957083568
}
},
"FAMILJELIV-KANSLIGA": {
"absolute": {
"2003": 0,
"2022": null,
"2008": 4,
"2009": 5,
"2010": 2,
"2011": 0
},
"relative": {
"2003": 0,
"2022": null,
"2008": 0.046609269448757644,
"2009": 0.052118862110148045,
"2010": 0.026168424744307667,
"2011": 0.0
},
"sums": {
"absolute": 11,
"relative": 0.12489655630321336
}
},
"FAMILJELIV-MEDLEM-ALLMANNA": {
"absolute": {
"2006": 0,
"2022": null,
"2008": 18,
"2009": 18,
"2010": 10,
"2011": 0
},
"relative": {
"2006": 0,
"2022": null,
"2008": 0.25065084625365336,
"2009": 0.2759540367277039,
"2010": 0.34770034641733216,
"2011": 0.0
},
"sums": {
"absolute": 46,
"relative": 0.8743052293986894
}
},
"FAMILJELIV-MEDLEM-FORALDRAR": {
"absolute": {
"2006": 0,
"2022": null
},
"relative": {
"2006": 0,
"2022": null
},
"sums": {
"absolute": 0,
"relative": 0.0
}
},
"FAMILJELIV-MEDLEM-PLANERARBARN": {
"absolute": {
"2005": 0,
"2021": null
},
"relative": {
"2005": 0,
"2021": null
},
"sums": {
"absolute": 0,
"relative": 0.0
}
},
"FAMILJELIV-MEDLEM-VANTARBARN": {
"absolute": {
"2003": 0,
"2022": null,
"2010": 1,
"2011": 0
},
"relative": {
"2003": 0,
"2022": null,
"2010": 0.022885680647033117,
"2011": 0.0
},
"sums": {
"absolute": 1,
"relative": 0.022885680647033117
}
},
"FAMILJELIV-PAPPAGRUPP": {
"absolute": {
"2004": 0,
"2023": null
},
"relative": {
"2004": 0,
"2023": null
},
"sums": {
"absolute": 0,
"relative": 0.0
}
},
"FAMILJELIV-PLANERARBARN": {
"absolute": {
"2003": 0,
"2022": null,
"2008": 2,
"2009": 0
},
"relative": {
"2003": 0,
"2022": null,
"2008": 0.1728423975487491,
"2009": 0.0
},
"sums": {
"absolute": 2,
"relative": 0.1728423975487491
}
},
"FAMILJELIV-SEXSAMLEVNAD": {
"absolute": {
"2004": 0,
"2022": null
},
"relative": {
"2004": 0,
"2022": null
},
"sums": {
"absolute": 0,
"relative": 0.0
}
},
"FAMILJELIV-SVARTATTFABARN": {
"absolute": {
"2003": 0,
"2022": null
},
"relative": {
"2003": 0,
"2022": null
},
"sums": {
"absolute": 0,
"relative": 0.0
}
}
},
"combined": {
"absolute": {
"2003": 0,
"2023": null,
"2006": 2,
"2007": 8,
"2008": 36,
"2009": 33,
"2010": 20,
"2011": 1,
"2012": 0
},
"relative": {
"2003": 0,
"2023": null,
"2006": 0.004263098950774826,
"2007": 0.012599218669848545,
"2008": 0.05780885664699112,
"2009": 0.0556251594861817,
"2010": 0.04852655273364836,
"2011": 0.002772365527290325,
"2012": 0.0
},
"sums": {
"absolute": 100,
"relative": 0.022391613775297685
}
},
"time": 1019.9691743850708
}
