 
 
 
 
 
 
 
 
 
 
 
 
 
 
 
 
 
 
 
 
 
 
 
 
 
 
 
 
 
 
 
 
 
 
 
 
 
 
 
 
 
 
 
 
 
 
 
 
 
 
 
 
 
 
 
 
 
 
 
 
 
 
 
 
 
 
 
 
 
 
 
 
 
 
 
 
 
 
 
 
 
 
 
 
 
 
 
 
 
 
 
 
 
 
 
 
 
 
 
 
 
 
 
 
 
 
 
 
 
 
 
 
 
 
 
 
 
 
 
 
 
 
 
 
 
 
 
 
 
 
 
 
 
 
 
 
 
 
 
 
 
 
 
 
 
 
 
 
 
 
 
 
 
 
 
 
 
 
 
 
 
 
 
 
 
 
 
 
 
 
 
 
 
 
 
 
 
 
 
 
 
 
 
 
 
 
 
 
 
 
 
 
 
 
 
 
 
 
 
 
 
 
 
 
 
 
 
 
 
 
 
 
 
 
 
 
 
 
 
 
 
 
 
{
"corpora": {
"FAMILJELIV-ADOPTION": {
"absolute": {
"2003": 0,
"2023": null
},
"relative": {
"2003": 0,
"2023": null
},
"sums": {
"absolute": 0,
"relative": 0.0
}
},
"FAMILJELIV-ALLMANNA-EKONOMI": {
"absolute": {
"2003": 0,
"2023": null,
"2009": 38,
"2010": 0
},
"relative": {
"2003": 0,
"2023": null,
"2009": 5.165299787882887,
"2010": 0.0
},
"sums": {
"absolute": 38,
"relative": 5.165299787882887
}
},
"FAMILJELIV-ALLMANNA-FAMILJELIV": {
"absolute": {
"2003": 0,
"2023": null,
"2009": 1,
"2010": 0
},
"relative": {
"2003": 0,
"2023": null,
"2009": 0.1307822254923591,
"2010": 0.0
},
"sums": {
"absolute": 1,
"relative": 0.1307822254923591
}
},
"FAMILJELIV-ALLMANNA-FRITID": {
"absolute": {
"2004": 0,
"2023": null,
"2009": 2,
"2010": 0,
"2012": 1,
"2013": 0
},
"relative": {
"2004": 0,
"2023": null,
"2009": 0.46546299487734705,
"2010": 0.0,
"2012": 0.6202115789780526,
"2013": 0.0
},
"sums": {
"absolute": 3,
"relative": 1.0856745738553997
}
},
"FAMILJELIV-ALLMANNA-HUSDJUR": {
"absolute": {
"2003": 0,
"2023": null,
"2008": 3,
"2009": 376,
"2010": 49,
"2011": 4,
"2012": 68,
"2013": 27,
"2014": 7,
"2015": 0
},
"relative": {
"2003": 0,
"2023": null,
"2008": 0.39865107108240944,
"2009": 58.809204328670255,
"2010": 11.827112714556497,
"2011": 0.9870771854875964,
"2012": 23.8078732636883,
"2013": 15.248620282246314,
"2014": 7.133852473969082,
"2015": 0.0
},
"sums": {
"absolute": 534,
"relative": 118.21239131970046
}
},
"FAMILJELIV-ALLMANNA-HUSHEM": {
"absolute": {
"2004": 0,
"2023": null,
"2008": 7,
"2009": 19,
"2010": 0,
"2012": 3,
"2013": 0
},
"relative": {
"2004": 0,
"2023": null,
"2008": 0.5514650417250269,
"2009": 2.054293462524605,
"2010": 0.0,
"2012": 0.8407675871763886,
"2013": 0.0
},
"sums": {
"absolute": 29,
"relative": 3.4465260914260205
}
},
"FAMILJELIV-ALLMANNA-KROPP": {
"absolute": {
"2003": 0,
"2023": null,
"2008": 1,
"2009": 15,
"2010": 2,
"2011": 0,
"2012": 40,
"2013": 45,
"2014": 4,
"2015": 0
},
"relative": {
"2003": 0,
"2023": null,
"2008": 0.060142240006148935,
"2009": 0.7478924018170594,
"2010": 0.15839319606186997,
"2011": 0.0,
"2012": 4.254185906222427,
"2013": 7.144844089975498,
"2014": 1.0026773993255491,
"2015": 0.0
},
"sums": {
"absolute": 107,
"relative": 13.368135233408552
}
},
"FAMILJELIV-ALLMANNA-NOJE": {
"absolute": {
"2003": 0,
"2023": null,
"2009": 6,
"2010": 0
},
"relative": {
"2003": 0,
"2023": null,
"2009": 0.48105979396850435,
"2010": 0.0
},
"sums": {
"absolute": 6,
"relative": 0.48105979396850435
}
},
"FAMILJELIV-ALLMANNA-SAMHALLE": {
"absolute": {
"2003": 0,
"2022": null,
"2009": 65,
"2010": 1,
"2011": 0,
"2012": 4,
"2013": 2,
"2014": 3,
"2015": 0
},
"relative": {
"2003": 0,
"2022": null,
"2009": 1.605754788002571,
"2010": 0.033391636243268616,
"2011": 0.0,
"2012": 0.17295423034373011,
"2013": 0.12866209307235685,
"2014": 0.2242304299528802,
"2015": 0.0
},
"sums": {
"absolute": 75,
"relative": 2.164993177614807
}
},
"FAMILJELIV-ALLMANNA-SANDLADAN": {
"absolute": {
"2005": 0,
"2022": null,
"2010": 1,
"2011": 0
},
"relative": {
"2005": 0,
"2022": null,
"2010": 0.19222193175352537,
"2011": 0.0
},
"sums": {
"absolute": 1,
"relative": 0.19222193175352537
}
},
"FAMILJELIV-ANGLARUM": {
"absolute": {
"2006": 0,
"2022": null
},
"relative": {
"2006": 0,
"2022": null
},
"sums": {
"absolute": 0,
"relative": 0.0
}
},
"FAMILJELIV-EXPERT": {
"absolute": {
"2009": 0,
"2023": null
},
"relative": {
"2009": 0,
"2023": null
},
"sums": {
"absolute": 0,
"relative": 0.0
}
},
"FAMILJELIV-FORALDER": {
"absolute": {
"2003": 0,
"2022": null,
"2009": 3,
"2010": 0
},
"relative": {
"2003": 0,
"2022": null,
"2009": 0.03704023072804203,
"2010": 0.0
},
"sums": {
"absolute": 3,
"relative": 0.03704023072804203
}
},
"FAMILJELIV-GRAVID": {
"absolute": {
"2003": 0,
"2022": null
},
"relative": {
"2003": 0,
"2022": null
},
"sums": {
"absolute": 0,
"relative": 0.0
}
},
"FAMILJELIV-KANSLIGA": {
"absolute": {
"2003": 0,
"2022": null,
"2009": 44,
"2010": 6,
"2011": 0,
"2012": 2,
"2013": 9,
"2014": 0
},
"relative": {
"2003": 0,
"2022": null,
"2009": 0.4586459865693028,
"2010": 0.078505274232923,
"2011": 0.0,
"2012": 0.01966352503510357,
"2013": 0.1033646194300769,
"2014": 0.0
},
"sums": {
"absolute": 61,
"relative": 0.6601794052674063
}
},
"FAMILJELIV-MEDLEM-ALLMANNA": {
"absolute": {
"2006": 0,
"2022": null,
"2009": 1,
"2010": 0
},
"relative": {
"2006": 0,
"2022": null,
"2009": 0.015330779818205775,
"2010": 0.0
},
"sums": {
"absolute": 1,
"relative": 0.015330779818205775
}
},
"FAMILJELIV-MEDLEM-FORALDRAR": {
"absolute": {
"2006": 0,
"2022": null
},
"relative": {
"2006": 0,
"2022": null
},
"sums": {
"absolute": 0,
"relative": 0.0
}
},
"FAMILJELIV-MEDLEM-PLANERARBARN": {
"absolute": {
"2005": 0,
"2021": null
},
"relative": {
"2005": 0,
"2021": null
},
"sums": {
"absolute": 0,
"relative": 0.0
}
},
"FAMILJELIV-MEDLEM-VANTARBARN": {
"absolute": {
"2003": 0,
"2022": null
},
"relative": {
"2003": 0,
"2022": null
},
"sums": {
"absolute": 0,
"relative": 0.0
}
},
"FAMILJELIV-PAPPAGRUPP": {
"absolute": {
"2004": 0,
"2023": null
},
"relative": {
"2004": 0,
"2023": null
},
"sums": {
"absolute": 0,
"relative": 0.0
}
},
"FAMILJELIV-PLANERARBARN": {
"absolute": {
"2003": 0,
"2022": null,
"2008": 7,
"2009": 3,
"2010": 0
},
"relative": {
"2003": 0,
"2022": null,
"2008": 0.604948391420622,
"2009": 0.19037175796896177,
"2010": 0.0
},
"sums": {
"absolute": 10,
"relative": 0.7953201493895837
}
},
"FAMILJELIV-SEXSAMLEVNAD": {
"absolute": {
"2004": 0,
"2022": null,
"2008": 1,
"2009": 1,
"2010": 2,
"2011": 0
},
"relative": {
"2004": 0,
"2022": null,
"2008": 0.06917373016918857,
"2009": 0.06881835985753498,
"2010": 0.18676279472219548,
"2011": 0.0
},
"sums": {
"absolute": 4,
"relative": 0.324754884748919
}
},
"FAMILJELIV-SVARTATTFABARN": {
"absolute": {
"2003": 0,
"2022": null
},
"relative": {
"2003": 0,
"2022": null
},
"sums": {
"absolute": 0,
"relative": 0.0
}
}
},
"combined": {
"absolute": {
"2003": 0,
"2023": null,
"2008": 19,
"2009": 574,
"2010": 61,
"2011": 4,
"2012": 118,
"2013": 83,
"2014": 14,
"2015": 0
},
"relative": {
"2003": 0,
"2023": null,
"2008": 0.030510229897023095,
"2009": 0.9675406528808574,
"2010": 0.1480059858376275,
"2011": 0.0110894621091613,
"2012": 0.4062802763806279,
"2013": 0.39950484503110795,
"2014": 0.10106937462515897,
"2015": 0.0
},
"sums": {
"absolute": 873,
"relative": 0.1954787882583488
}
},
"time": 1119.131352186203
}
