 
 
 
 
 
 
 
 
 
 
 
 
 
 
 
 
 
 
 
 
 
 
 
 
 
 
 
 
 
 
 
 
 
 
 
 
 
 
 
 
 
 
 
 
 
 
 
 
 
 
 
 
 
 
 
 
 
 
 
 
 
 
 
 
 
 
 
 
 
 
 
 
 
 
 
 
 
 
 
 
 
 
 
 
 
 
 
 
 
 
 
 
 
 
 
 
 
 
 
 
 
 
 
 
 
 
 
 
 
 
 
 
 
 
 
 
 
 
 
 
 
 
 
 
 
 
 
 
 
 
 
 
 
 
 
 
 
 
 
 
 
 
 
 
 
 
 
 
 
 
 
 
 
 
 
 
 
 
 
 
 
 
 
 
 
 
 
 
 
 
 
 
 
 
 
 
 
 
 
 
 
 
 
 
 
 
 
 
 
 
 
 
{
"corpora": {
"FAMILJELIV-ADOPTION": {
"absolute": {
"2003": 0,
"2023": null
},
"relative": {
"2003": 0,
"2023": null
},
"sums": {
"absolute": 0,
"relative": 0.0
}
},
"FAMILJELIV-ALLMANNA-EKONOMI": {
"absolute": {
"2003": 0,
"2023": null,
"2010": 2,
"2011": 2,
"2012": 0
},
"relative": {
"2003": 0,
"2023": null,
"2010": 0.3712857272011535,
"2011": 0.48847850181689584,
"2012": 0.0
},
"sums": {
"absolute": 4,
"relative": 0.8597642290180494
}
},
"FAMILJELIV-ALLMANNA-FAMILJELIV": {
"absolute": {
"2003": 0,
"2023": null
},
"relative": {
"2003": 0,
"2023": null
},
"sums": {
"absolute": 0,
"relative": 0.0
}
},
"FAMILJELIV-ALLMANNA-FRITID": {
"absolute": {
"2004": 0,
"2023": null
},
"relative": {
"2004": 0,
"2023": null
},
"sums": {
"absolute": 0,
"relative": 0.0
}
},
"FAMILJELIV-ALLMANNA-HUSDJUR": {
"absolute": {
"2003": 0,
"2023": null
},
"relative": {
"2003": 0,
"2023": null
},
"sums": {
"absolute": 0,
"relative": 0.0
}
},
"FAMILJELIV-ALLMANNA-HUSHEM": {
"absolute": {
"2004": 0,
"2023": null,
"2007": 6,
"2008": 3,
"2009": 0
},
"relative": {
"2004": 0,
"2023": null,
"2007": 0.4767040680733409,
"2008": 0.2363421607392972,
"2009": 0.0
},
"sums": {
"absolute": 9,
"relative": 0.7130462288126381
}
},
"FAMILJELIV-ALLMANNA-KROPP": {
"absolute": {
"2003": 0,
"2023": null,
"2007": 2,
"2008": 2,
"2009": 0,
"2010": 1,
"2011": 0
},
"relative": {
"2003": 0,
"2023": null,
"2007": 0.10985675448212812,
"2008": 0.12028448001229787,
"2009": 0.0,
"2010": 0.07919659803093498,
"2011": 0.0
},
"sums": {
"absolute": 5,
"relative": 0.30933783252536096
}
},
"FAMILJELIV-ALLMANNA-NOJE": {
"absolute": {
"2003": 0,
"2023": null,
"2010": 1,
"2011": 1,
"2012": 0
},
"relative": {
"2003": 0,
"2023": null,
"2010": 0.16019774810025494,
"2011": 0.1503455090142657,
"2012": 0.0
},
"sums": {
"absolute": 2,
"relative": 0.31054325711452063
}
},
"FAMILJELIV-ALLMANNA-SAMHALLE": {
"absolute": {
"2003": 0,
"2022": null,
"2007": 6,
"2008": 3,
"2009": 1,
"2010": 8,
"2011": 3,
"2012": 0
},
"relative": {
"2003": 0,
"2022": null,
"2007": 0.15837709512439807,
"2008": 0.08515687315316031,
"2009": 0.02470391981542417,
"2010": 0.2671330899461489,
"2011": 0.09571524943011141,
"2012": 0.0
},
"sums": {
"absolute": 21,
"relative": 0.6310862274692429
}
},
"FAMILJELIV-ALLMANNA-SANDLADAN": {
"absolute": {
"2005": 0,
"2022": null,
"2007": 4,
"2008": 0
},
"relative": {
"2005": 0,
"2022": null,
"2007": 0.5932254542957606,
"2008": 0.0
},
"sums": {
"absolute": 4,
"relative": 0.5932254542957606
}
},
"FAMILJELIV-ANGLARUM": {
"absolute": {
"2006": 0,
"2022": null
},
"relative": {
"2006": 0,
"2022": null
},
"sums": {
"absolute": 0,
"relative": 0.0
}
},
"FAMILJELIV-EXPERT": {
"absolute": {
"2009": 0,
"2023": null
},
"relative": {
"2009": 0,
"2023": null
},
"sums": {
"absolute": 0,
"relative": 0.0
}
},
"FAMILJELIV-FORALDER": {
"absolute": {
"2003": 0,
"2022": null,
"2007": 6,
"2008": 0,
"2009": 1,
"2010": 6,
"2011": 10,
"2012": 0
},
"relative": {
"2003": 0,
"2022": null,
"2007": 0.06998243032767931,
"2008": 0.0,
"2009": 0.012346743576014011,
"2010": 0.10032478980242655,
"2011": 0.2040029624494195,
"2012": 0.0
},
"sums": {
"absolute": 23,
"relative": 0.38665692615553937
}
},
"FAMILJELIV-GRAVID": {
"absolute": {
"2003": 0,
"2022": null,
"2007": 11,
"2008": 1,
"2009": 0,
"2010": 7,
"2011": 0
},
"relative": {
"2003": 0,
"2022": null,
"2007": 0.22808337517280944,
"2008": 0.02139767288324698,
"2009": 0.0,
"2010": 0.18994820682244573,
"2011": 0.0
},
"sums": {
"absolute": 19,
"relative": 0.43942925487850215
}
},
"FAMILJELIV-KANSLIGA": {
"absolute": {
"2003": 0,
"2022": null,
"2007": 7,
"2008": 0,
"2010": 5,
"2011": 1,
"2012": 0
},
"relative": {
"2003": 0,
"2022": null,
"2007": 0.08507453562368568,
"2008": 0.0,
"2010": 0.06542106186076917,
"2011": 0.010466834750774773,
"2012": 0.0
},
"sums": {
"absolute": 13,
"relative": 0.16096243223522963
}
},
"FAMILJELIV-MEDLEM-ALLMANNA": {
"absolute": {
"2006": 0,
"2022": null,
"2007": 2,
"2008": 0,
"2009": 13,
"2010": 14,
"2011": 39,
"2012": 0
},
"relative": {
"2006": 0,
"2022": null,
"2007": 0.027216825768291868,
"2008": 0.0,
"2009": 0.19930013763667506,
"2010": 0.48678048498426496,
"2011": 3.698001827381826,
"2012": 0.0
},
"sums": {
"absolute": 68,
"relative": 4.411299275771058
}
},
"FAMILJELIV-MEDLEM-FORALDRAR": {
"absolute": {
"2006": 0,
"2022": null,
"2008": 38,
"2009": 111,
"2010": 90,
"2011": 98,
"2012": 0
},
"relative": {
"2006": 0,
"2022": null,
"2008": 0.47030410754696506,
"2009": 1.8126157961432336,
"2010": 2.984946417724346,
"2011": 11.323594118016809,
"2012": 0.0
},
"sums": {
"absolute": 337,
"relative": 16.59146043943135
}
},
"FAMILJELIV-MEDLEM-PLANERARBARN": {
"absolute": {
"2005": 0,
"2021": null
},
"relative": {
"2005": 0,
"2021": null
},
"sums": {
"absolute": 0,
"relative": 0.0
}
},
"FAMILJELIV-MEDLEM-VANTARBARN": {
"absolute": {
"2003": 0,
"2023": null,
"2007": 24,
"2008": 27,
"2009": 0,
"2010": 161,
"2011": 37,
"2012": 1,
"2013": 0
},
"relative": {
"2003": 0,
"2023": null,
"2007": 0.42479139954588735,
"2008": 0.5144899619006844,
"2009": 0.0,
"2010": 3.689059233299383,
"2011": 1.7961215618956596,
"2012": 0.10920114665572034,
"2013": 0.0
},
"sums": {
"absolute": 250,
"relative": 6.533663303297334
}
},
"FAMILJELIV-PAPPAGRUPP": {
"absolute": {
"2004": 0,
"2023": null
},
"relative": {
"2004": 0,
"2023": null
},
"sums": {
"absolute": 0,
"relative": 0.0
}
},
"FAMILJELIV-PLANERARBARN": {
"absolute": {
"2003": 0,
"2022": null
},
"relative": {
"2003": 0,
"2022": null
},
"sums": {
"absolute": 0,
"relative": 0.0
}
},
"FAMILJELIV-SEXSAMLEVNAD": {
"absolute": {
"2004": 0,
"2022": null
},
"relative": {
"2004": 0,
"2022": null
},
"sums": {
"absolute": 0,
"relative": 0.0
}
},
"FAMILJELIV-SVARTATTFABARN": {
"absolute": {
"2003": 0,
"2022": null,
"2010": 2,
"2011": 0
},
"relative": {
"2003": 0,
"2022": null,
"2010": 0.1940515439711096,
"2011": 0.0
},
"sums": {
"absolute": 2,
"relative": 0.1940515439711096
}
}
},
"combined": {
"absolute": {
"2003": 0,
"2023": null,
"2007": 68,
"2008": 74,
"2009": 126,
"2010": 297,
"2011": 191,
"2012": 1,
"2013": 0
},
"relative": {
"2003": 0,
"2023": null,
"2007": 0.10709333980361894,
"2008": 0.1188292246584663,
"2009": 0.21238694859748536,
"2010": 0.7207117819445688,
"2011": 0.5295220021520772,
"2012": 0.0034430608833288384,
"2013": 0.0
},
"sums": {
"absolute": 757,
"relative": 0.1695059367491705
}
},
"time": 961.9135570526123
}
