 
 
 
 
 
 
 
 
 
 
 
 
 
 
 
 
 
 
 
 
 
 
 
 
 
 
 
 
 
 
 
 
 
 
 
 
 
 
 
 
 
 
 
 
 
 
 
 
 
 
 
 
 
 
 
 
 
 
 
 
 
 
 
 
 
 
 
 
 
 
 
 
 
 
 
 
 
 
 
 
 
 
 
 
 
 
 
 
 
 
 
 
 
 
 
 
 
 
 
 
 
 
 
 
 
 
 
 
 
 
 
 
 
 
 
 
 
 
 
 
 
 
 
 
 
 
 
 
 
 
 
 
 
 
 
 
 
 
 
 
 
 
 
 
 
 
 
 
 
 
 
 
 
 
 
 
 
 
 
 
 
 
 
 
 
 
 
 
 
 
 
 
 
 
 
 
 
 
 
 
 
 
 
 
 
 
 
 
 
 
 
 
 
 
 
 
 
 
 
 
 
{
"corpora": {
"FAMILJELIV-ADOPTION": {
"absolute": {
"2003": 0,
"2023": null
},
"relative": {
"2003": 0,
"2023": null
},
"sums": {
"absolute": 0,
"relative": 0.0
}
},
"FAMILJELIV-ALLMANNA-EKONOMI": {
"absolute": {
"2003": 0,
"2023": null,
"2007": 3,
"2008": 1,
"2009": 22,
"2010": 0
},
"relative": {
"2003": 0,
"2023": null,
"2007": 0.5614839947115694,
"2008": 0.13170698041727932,
"2009": 2.9904367193006185,
"2010": 0.0
},
"sums": {
"absolute": 26,
"relative": 3.6836276944294672
}
},
"FAMILJELIV-ALLMANNA-FAMILJELIV": {
"absolute": {
"2003": 0,
"2023": null,
"2006": 14,
"2007": 5,
"2008": 0,
"2009": 9,
"2010": 2,
"2011": 1,
"2012": 0
},
"relative": {
"2003": 0,
"2023": null,
"2006": 0.9361903365898491,
"2007": 0.48319972538793204,
"2008": 0.0,
"2009": 1.177040029431232,
"2010": 0.31802953985578,
"2011": 0.5457058678114848,
"2012": 0.0
},
"sums": {
"absolute": 31,
"relative": 3.460165499076278
}
},
"FAMILJELIV-ALLMANNA-FRITID": {
"absolute": {
"2004": 0,
"2023": null,
"2006": 1,
"2007": 0,
"2009": 6,
"2010": 0,
"2011": 1,
"2012": 0
},
"relative": {
"2004": 0,
"2023": null,
"2006": 0.22040165556907598,
"2007": 0.0,
"2009": 1.3963889846320412,
"2010": 0.0,
"2011": 0.3917365524676269,
"2012": 0.0
},
"sums": {
"absolute": 8,
"relative": 2.008527192668744
}
},
"FAMILJELIV-ALLMANNA-HUSDJUR": {
"absolute": {
"2003": 0,
"2023": null
},
"relative": {
"2003": 0,
"2023": null
},
"sums": {
"absolute": 0,
"relative": 0.0
}
},
"FAMILJELIV-ALLMANNA-HUSHEM": {
"absolute": {
"2004": 0,
"2023": null,
"2006": 1,
"2007": 0,
"2009": 2,
"2010": 0
},
"relative": {
"2004": 0,
"2023": null,
"2006": 0.10276067583230239,
"2007": 0.0,
"2009": 0.21624141710785322,
"2010": 0.0
},
"sums": {
"absolute": 3,
"relative": 0.3190020929401556
}
},
"FAMILJELIV-ALLMANNA-KROPP": {
"absolute": {
"2003": 0,
"2023": null,
"2006": 95,
"2007": 14,
"2008": 0,
"2009": 34,
"2010": 0
},
"relative": {
"2003": 0,
"2023": null,
"2006": 5.11577207609124,
"2007": 0.7689972813748969,
"2008": 0.0,
"2009": 1.6952227774520015,
"2010": 0.0
},
"sums": {
"absolute": 143,
"relative": 7.579992134918139
}
},
"FAMILJELIV-ALLMANNA-NOJE": {
"absolute": {
"2003": 0,
"2023": null,
"2006": 10,
"2007": 5,
"2008": 0,
"2010": 1,
"2011": 0,
"2012": 1,
"2013": 0
},
"relative": {
"2003": 0,
"2023": null,
"2006": 0.7787547602358162,
"2007": 0.392858646944534,
"2008": 0.0,
"2010": 0.16019774810025494,
"2011": 0.0,
"2012": 0.22764129923084558,
"2013": 0.0
},
"sums": {
"absolute": 17,
"relative": 1.5594524545114508
}
},
"FAMILJELIV-ALLMANNA-SAMHALLE": {
"absolute": {
"2003": 0,
"2022": null,
"2006": 123,
"2007": 25,
"2008": 9,
"2009": 67,
"2010": 4,
"2011": 0
},
"relative": {
"2003": 0,
"2022": null,
"2006": 3.6536175685418653,
"2007": 0.6599045630183253,
"2008": 0.2554706194594809,
"2009": 1.6551626276334195,
"2010": 0.13356654497307446,
"2011": 0.0
},
"sums": {
"absolute": 228,
"relative": 6.357721923626166
}
},
"FAMILJELIV-ALLMANNA-SANDLADAN": {
"absolute": {
"2005": 0,
"2022": null,
"2006": 16,
"2007": 7,
"2008": 0,
"2009": 3,
"2010": 1,
"2011": 1,
"2012": 0
},
"relative": {
"2005": 0,
"2022": null,
"2006": 2.4982364012404994,
"2007": 1.038144545017581,
"2008": 0.0,
"2009": 0.5920014681636411,
"2010": 0.19222193175352537,
"2011": 0.19089791123323488,
"2012": 0.0
},
"sums": {
"absolute": 28,
"relative": 4.511502257408481
}
},
"FAMILJELIV-ANGLARUM": {
"absolute": {
"2006": 0,
"2022": null
},
"relative": {
"2006": 0,
"2022": null
},
"sums": {
"absolute": 0,
"relative": 0.0
}
},
"FAMILJELIV-EXPERT": {
"absolute": {
"2009": 0,
"2023": null
},
"relative": {
"2009": 0,
"2023": null
},
"sums": {
"absolute": 0,
"relative": 0.0
}
},
"FAMILJELIV-FORALDER": {
"absolute": {
"2003": 0,
"2022": null,
"2006": 20,
"2007": 2,
"2008": 0,
"2009": 2,
"2010": 4,
"2011": 1,
"2012": 0
},
"relative": {
"2003": 0,
"2022": null,
"2006": 0.200805575744325,
"2007": 0.023327476775893106,
"2008": 0.0,
"2009": 0.024693487152028022,
"2010": 0.06688319320161769,
"2011": 0.02040029624494195,
"2012": 0.0
},
"sums": {
"absolute": 29,
"relative": 0.3361100291188058
}
},
"FAMILJELIV-GRAVID": {
"absolute": {
"2003": 0,
"2022": null,
"2006": 1,
"2007": 0,
"2008": 2,
"2009": 0
},
"relative": {
"2003": 0,
"2022": null,
"2006": 0.01976043046912151,
"2007": 0.0,
"2008": 0.04279534576649396,
"2009": 0.0
},
"sums": {
"absolute": 3,
"relative": 0.06255577623561547
}
},
"FAMILJELIV-KANSLIGA": {
"absolute": {
"2003": 0,
"2022": null,
"2006": 40,
"2007": 24,
"2008": 2,
"2009": 47,
"2010": 1,
"2011": 0
},
"relative": {
"2003": 0,
"2022": null,
"2006": 0.7720155033837343,
"2007": 0.2916841221383509,
"2008": 0.023304634724378822,
"2009": 0.48991730383539156,
"2010": 0.013084212372153833,
"2011": 0.0
},
"sums": {
"absolute": 114,
"relative": 1.5900057764540092
}
},
"FAMILJELIV-MEDLEM-ALLMANNA": {
"absolute": {
"2006": 0,
"2022": null,
"2009": 1,
"2010": 0
},
"relative": {
"2006": 0,
"2022": null,
"2009": 0.015330779818205775,
"2010": 0.0
},
"sums": {
"absolute": 1,
"relative": 0.015330779818205775
}
},
"FAMILJELIV-MEDLEM-FORALDRAR": {
"absolute": {
"2006": 0,
"2022": null
},
"relative": {
"2006": 0,
"2022": null
},
"sums": {
"absolute": 0,
"relative": 0.0
}
},
"FAMILJELIV-MEDLEM-PLANERARBARN": {
"absolute": {
"2005": 0,
"2021": null
},
"relative": {
"2005": 0,
"2021": null
},
"sums": {
"absolute": 0,
"relative": 0.0
}
},
"FAMILJELIV-MEDLEM-VANTARBARN": {
"absolute": {
"2003": 0,
"2022": null
},
"relative": {
"2003": 0,
"2022": null
},
"sums": {
"absolute": 0,
"relative": 0.0
}
},
"FAMILJELIV-PAPPAGRUPP": {
"absolute": {
"2004": 0,
"2023": null
},
"relative": {
"2004": 0,
"2023": null
},
"sums": {
"absolute": 0,
"relative": 0.0
}
},
"FAMILJELIV-PLANERARBARN": {
"absolute": {
"2003": 0,
"2022": null
},
"relative": {
"2003": 0,
"2022": null
},
"sums": {
"absolute": 0,
"relative": 0.0
}
},
"FAMILJELIV-SEXSAMLEVNAD": {
"absolute": {
"2004": 0,
"2022": null,
"2007": 1,
"2008": 0,
"2009": 2,
"2010": 0
},
"relative": {
"2004": 0,
"2022": null,
"2007": 0.07860343701388688,
"2008": 0.0,
"2009": 0.13763671971506997,
"2010": 0.0
},
"sums": {
"absolute": 3,
"relative": 0.21624015672895686
}
},
"FAMILJELIV-SVARTATTFABARN": {
"absolute": {
"2003": 0,
"2022": null
},
"relative": {
"2003": 0,
"2022": null
},
"sums": {
"absolute": 0,
"relative": 0.0
}
}
},
"combined": {
"absolute": {
"2003": 0,
"2023": null,
"2006": 321,
"2007": 86,
"2008": 14,
"2009": 195,
"2010": 13,
"2011": 4,
"2012": 1,
"2013": 0
},
"relative": {
"2003": 0,
"2023": null,
"2006": 0.6842273815993595,
"2007": 0.13544160070087186,
"2008": 0.022481222029385434,
"2009": 0.3286941242365283,
"2010": 0.03154225927687143,
"2011": 0.0110894621091613,
"2012": 0.0034430531896663384,
"2013": 0.0
},
"sums": {
"absolute": 634,
"relative": 0.14196285514443022
}
},
"time": 1007.9709389209747
}
