 
 
 
 
 
 
 
 
 
 
 
 
 
 
 
 
 
 
 
 
 
 
 
 
 
 
 
 
 
 
 
 
 
 
 
 
 
 
 
 
 
 
 
 
 
 
 
 
 
 
 
 
 
 
 
 
 
 
 
 
 
 
 
 
 
 
 
 
 
 
 
 
 
 
 
 
 
 
 
 
 
 
 
 
 
 
 
 
 
 
 
 
 
 
 
 
 
 
 
 
 
 
 
 
 
 
 
 
 
 
 
 
 
 
 
 
 
 
 
 
 
 
 
 
 
 
 
 
 
 
 
 
 
 
 
 
 
 
 
 
 
 
 
 
 
 
 
 
 
 
 
 
 
 
 
 
 
 
 
 
 
 
 
 
 
 
 
 
 
 
 
 
 
 
 
 
 
 
 
 
 
 
 
 
 
 
 
 
 
 
 
 
 
 
 
 
 
 
 
 
 
{
"corpora": {
"FAMILJELIV-ADOPTION": {
"absolute": {
"2003": 0,
"2023": null
},
"relative": {
"2003": 0,
"2023": null
},
"sums": {
"absolute": 0,
"relative": 0.0
}
},
"FAMILJELIV-ALLMANNA-EKONOMI": {
"absolute": {
"2003": 0,
"2023": null,
"2008": 1,
"2009": 0
},
"relative": {
"2003": 0,
"2023": null,
"2008": 0.13170698041727932,
"2009": 0.0
},
"sums": {
"absolute": 1,
"relative": 0.13170698041727932
}
},
"FAMILJELIV-ALLMANNA-FAMILJELIV": {
"absolute": {
"2003": 0,
"2023": null
},
"relative": {
"2003": 0,
"2023": null
},
"sums": {
"absolute": 0,
"relative": 0.0
}
},
"FAMILJELIV-ALLMANNA-FRITID": {
"absolute": {
"2004": 0,
"2023": null
},
"relative": {
"2004": 0,
"2023": null
},
"sums": {
"absolute": 0,
"relative": 0.0
}
},
"FAMILJELIV-ALLMANNA-HUSDJUR": {
"absolute": {
"2003": 0,
"2023": null,
"2008": 1,
"2009": 0
},
"relative": {
"2003": 0,
"2023": null,
"2008": 0.13288369036080314,
"2009": 0.0
},
"sums": {
"absolute": 1,
"relative": 0.13288369036080314
}
},
"FAMILJELIV-ALLMANNA-HUSHEM": {
"absolute": {
"2004": 0,
"2023": null
},
"relative": {
"2004": 0,
"2023": null
},
"sums": {
"absolute": 0,
"relative": 0.0
}
},
"FAMILJELIV-ALLMANNA-KROPP": {
"absolute": {
"2003": 0,
"2023": null,
"2008": 3,
"2009": 0
},
"relative": {
"2003": 0,
"2023": null,
"2008": 0.18042672001844684,
"2009": 0.0
},
"sums": {
"absolute": 3,
"relative": 0.18042672001844684
}
},
"FAMILJELIV-ALLMANNA-NOJE": {
"absolute": {
"2003": 0,
"2023": null,
"2008": 1,
"2009": 0
},
"relative": {
"2003": 0,
"2023": null,
"2008": 0.07784078989719956,
"2009": 0.0
},
"sums": {
"absolute": 1,
"relative": 0.07784078989719956
}
},
"FAMILJELIV-ALLMANNA-SAMHALLE": {
"absolute": {
"2003": 0,
"2022": null,
"2008": 12,
"2009": 3,
"2010": 1,
"2011": 0
},
"relative": {
"2003": 0,
"2022": null,
"2008": 0.34062749261264125,
"2009": 0.07411175944627252,
"2010": 0.033391636243268616,
"2011": 0.0
},
"sums": {
"absolute": 16,
"relative": 0.4481308883021824
}
},
"FAMILJELIV-ALLMANNA-SANDLADAN": {
"absolute": {
"2005": 0,
"2022": null
},
"relative": {
"2005": 0,
"2022": null
},
"sums": {
"absolute": 0,
"relative": 0.0
}
},
"FAMILJELIV-ANGLARUM": {
"absolute": {
"2006": 0,
"2022": null
},
"relative": {
"2006": 0,
"2022": null
},
"sums": {
"absolute": 0,
"relative": 0.0
}
},
"FAMILJELIV-EXPERT": {
"absolute": {
"2009": 0,
"2023": null
},
"relative": {
"2009": 0,
"2023": null
},
"sums": {
"absolute": 0,
"relative": 0.0
}
},
"FAMILJELIV-FORALDER": {
"absolute": {
"2003": 0,
"2022": null,
"2006": 1,
"2007": 2,
"2008": 34,
"2009": 6,
"2010": 0
},
"relative": {
"2003": 0,
"2022": null,
"2006": 0.010040278787216252,
"2007": 0.023327476775893106,
"2008": 0.38457352091638264,
"2009": 0.07408046145608406,
"2010": 0.0
},
"sums": {
"absolute": 43,
"relative": 0.492021737935576
}
},
"FAMILJELIV-GRAVID": {
"absolute": {
"2003": 0,
"2022": null,
"2007": 14,
"2008": 1,
"2009": 0,
"2010": 3,
"2011": 0
},
"relative": {
"2003": 0,
"2022": null,
"2007": 0.2902879320381211,
"2008": 0.02139767288324698,
"2009": 0.0,
"2010": 0.08140637435247673,
"2011": 0.0
},
"sums": {
"absolute": 18,
"relative": 0.39309197927384476
}
},
"FAMILJELIV-KANSLIGA": {
"absolute": {
"2003": 0,
"2022": null,
"2006": 21,
"2007": 4,
"2008": 6,
"2009": 2,
"2010": 1,
"2011": 0
},
"relative": {
"2003": 0,
"2022": null,
"2006": 0.4053081392764605,
"2007": 0.04861402035639181,
"2008": 0.06991390417313646,
"2009": 0.020847544844059217,
"2010": 0.013084212372153833,
"2011": 0.0
},
"sums": {
"absolute": 34,
"relative": 0.5577678210222019
}
},
"FAMILJELIV-MEDLEM-ALLMANNA": {
"absolute": {
"2006": 0,
"2022": null,
"2007": 47,
"2008": 4,
"2009": 3,
"2010": 0
},
"relative": {
"2006": 0,
"2022": null,
"2007": 0.6395954055548589,
"2008": 0.055700188056367415,
"2009": 0.045992339454617316,
"2010": 0.0
},
"sums": {
"absolute": 54,
"relative": 0.7412879330658437
}
},
"FAMILJELIV-MEDLEM-FORALDRAR": {
"absolute": {
"2006": 0,
"2022": null,
"2007": 42,
"2008": 222,
"2009": 73,
"2010": 42,
"2011": 0
},
"relative": {
"2006": 0,
"2022": null,
"2007": 0.524687561674212,
"2008": 2.747566101984901,
"2009": 1.1920806587248294,
"2010": 1.3929749949380283,
"2011": 0.0
},
"sums": {
"absolute": 379,
"relative": 5.857309317321971
}
},
"FAMILJELIV-MEDLEM-PLANERARBARN": {
"absolute": {
"2005": 0,
"2021": null,
"2006": 23,
"2007": 66,
"2008": 0
},
"relative": {
"2005": 0,
"2021": null,
"2006": 1.3502624146942366,
"2007": 1.7355776456021448,
"2008": 0.0
},
"sums": {
"absolute": 89,
"relative": 3.0858400602963814
}
},
"FAMILJELIV-MEDLEM-VANTARBARN": {
"absolute": {
"2003": 0,
"2023": null,
"2006": 13,
"2007": 173,
"2008": 12,
"2009": 0
},
"relative": {
"2003": 0,
"2023": null,
"2006": 0.304968409260849,
"2007": 3.0620380050599385,
"2008": 0.2286622052891931,
"2009": 0.0
},
"sums": {
"absolute": 198,
"relative": 3.5956686196099805
}
},
"FAMILJELIV-PAPPAGRUPP": {
"absolute": {
"2004": 0,
"2023": null
},
"relative": {
"2004": 0,
"2023": null
},
"sums": {
"absolute": 0,
"relative": 0.0
}
},
"FAMILJELIV-PLANERARBARN": {
"absolute": {
"2003": 0,
"2022": null,
"2007": 2,
"2008": 1,
"2009": 0
},
"relative": {
"2003": 0,
"2022": null,
"2007": 0.16214784932767826,
"2008": 0.08642119877437456,
"2009": 0.0
},
"sums": {
"absolute": 3,
"relative": 0.24856904810205283
}
},
"FAMILJELIV-SEXSAMLEVNAD": {
"absolute": {
"2004": 0,
"2022": null
},
"relative": {
"2004": 0,
"2022": null
},
"sums": {
"absolute": 0,
"relative": 0.0
}
},
"FAMILJELIV-SVARTATTFABARN": {
"absolute": {
"2003": 0,
"2022": null,
"2006": 9,
"2007": 15,
"2008": 21,
"2009": 2,
"2010": 3,
"2011": 0
},
"relative": {
"2003": 0,
"2022": null,
"2006": 0.43379349665465683,
"2007": 0.7397532341025058,
"2008": 0.7738588704733816,
"2009": 0.0983882915571728,
"2010": 0.2910773159566644,
"2011": 0.0
},
"sums": {
"absolute": 50,
"relative": 2.3368712087443817
}
}
},
"combined": {
"absolute": {
"2003": 0,
"2023": null,
"2006": 67,
"2007": 365,
"2008": 319,
"2009": 89,
"2010": 50,
"2011": 0
},
"relative": {
"2003": 0,
"2023": null,
"2006": 0.14281373966056235,
"2007": 0.5748392504164841,
"2008": 0.5122503062979831,
"2009": 0.15001935258076346,
"2010": 0.12133194982231797,
"2011": 0.0
},
"sums": {
"absolute": 890,
"relative": 0.19928703263773018
}
},
"time": 1009.4344692230225
}
