 
 
 
 
 
 
 
 
 
 
 
 
 
 
 
 
 
 
 
 
 
 
 
 
 
 
 
 
 
 
 
 
 
 
 
 
 
 
 
 
 
 
 
 
 
 
 
 
 
 
 
 
 
 
 
 
 
 
 
 
 
 
 
 
 
 
 
 
 
 
 
 
 
 
 
 
 
 
 
 
 
 
 
 
 
 
 
 
 
 
 
 
 
 
 
 
 
 
 
 
 
 
 
 
 
 
 
 
 
 
 
 
 
 
 
 
 
 
 
 
 
 
 
 
 
 
 
 
 
 
 
 
 
 
 
 
 
 
 
 
 
 
 
 
 
 
 
 
 
 
 
 
 
 
 
 
 
 
 
 
 
 
 
 
 
 
 
 
 
 
 
 
 
 
 
 
 
 
 
 
 
 
 
 
 
 
 
 
 
 
 
 
 
 
 
 
 
 
 
 
{
"corpora": {
"FAMILJELIV-ADOPTION": {
"absolute": {
"2003": 0,
"2023": null
},
"relative": {
"2003": 0,
"2023": null
},
"sums": {
"absolute": 0,
"relative": 0.0
}
},
"FAMILJELIV-ALLMANNA-EKONOMI": {
"absolute": {
"2003": 0,
"2023": null
},
"relative": {
"2003": 0,
"2023": null
},
"sums": {
"absolute": 0,
"relative": 0.0
}
},
"FAMILJELIV-ALLMANNA-FAMILJELIV": {
"absolute": {
"2003": 0,
"2023": null
},
"relative": {
"2003": 0,
"2023": null
},
"sums": {
"absolute": 0,
"relative": 0.0
}
},
"FAMILJELIV-ALLMANNA-FRITID": {
"absolute": {
"2004": 1,
"2023": null,
"2005": 0
},
"relative": {
"2004": 2.1114954032745072,
"2023": null,
"2005": 0.0
},
"sums": {
"absolute": 1,
"relative": 2.1114954032745072
}
},
"FAMILJELIV-ALLMANNA-HUSDJUR": {
"absolute": {
"2003": 0,
"2023": null
},
"relative": {
"2003": 0,
"2023": null
},
"sums": {
"absolute": 0,
"relative": 0.0
}
},
"FAMILJELIV-ALLMANNA-HUSHEM": {
"absolute": {
"2004": 0,
"2023": null
},
"relative": {
"2004": 0,
"2023": null
},
"sums": {
"absolute": 0,
"relative": 0.0
}
},
"FAMILJELIV-ALLMANNA-KROPP": {
"absolute": {
"2003": 0,
"2023": null
},
"relative": {
"2003": 0,
"2023": null
},
"sums": {
"absolute": 0,
"relative": 0.0
}
},
"FAMILJELIV-ALLMANNA-NOJE": {
"absolute": {
"2003": 0,
"2023": null,
"2004": 2,
"2005": 0,
"2009": 2,
"2010": 0
},
"relative": {
"2003": 0,
"2023": null,
"2004": 0.47164516436362336,
"2005": 0.0,
"2009": 0.16035326465616812,
"2010": 0.0
},
"sums": {
"absolute": 4,
"relative": 0.6319984290197915
}
},
"FAMILJELIV-ALLMANNA-SAMHALLE": {
"absolute": {
"2003": 0,
"2022": null,
"2009": 4,
"2010": 0
},
"relative": {
"2003": 0,
"2022": null,
"2009": 0.09881567926169668,
"2010": 0.0
},
"sums": {
"absolute": 4,
"relative": 0.09881567926169668
}
},
"FAMILJELIV-ALLMANNA-SANDLADAN": {
"absolute": {
"2005": 0,
"2022": null
},
"relative": {
"2005": 0,
"2022": null
},
"sums": {
"absolute": 0,
"relative": 0.0
}
},
"FAMILJELIV-ANGLARUM": {
"absolute": {
"2006": 0,
"2022": null
},
"relative": {
"2006": 0,
"2022": null
},
"sums": {
"absolute": 0,
"relative": 0.0
}
},
"FAMILJELIV-EXPERT": {
"absolute": {
"2009": 0,
"2023": null
},
"relative": {
"2009": 0,
"2023": null
},
"sums": {
"absolute": 0,
"relative": 0.0
}
},
"FAMILJELIV-FORALDER": {
"absolute": {
"2003": 0,
"2022": null,
"2004": 6,
"2005": 36,
"2006": 21,
"2007": 1,
"2008": 13,
"2009": 1,
"2010": 1,
"2011": 0
},
"relative": {
"2003": 0,
"2022": null,
"2004": 0.37077437711758515,
"2005": 0.5870301748837901,
"2006": 0.21084585453154125,
"2007": 0.011663738387946553,
"2008": 0.1470428168209698,
"2009": 0.012346743576014011,
"2010": 0.016720798300404422,
"2011": 0.0
},
"sums": {
"absolute": 79,
"relative": 1.3564245036182514
}
},
"FAMILJELIV-GRAVID": {
"absolute": {
"2003": 0,
"2022": null,
"2004": 15,
"2005": 0,
"2008": 10,
"2009": 0
},
"relative": {
"2003": 0,
"2022": null,
"2004": 0.5787411700495118,
"2005": 0.0,
"2008": 0.2139767288324698,
"2009": 0.0
},
"sums": {
"absolute": 25,
"relative": 0.7927178988819815
}
},
"FAMILJELIV-KANSLIGA": {
"absolute": {
"2003": 0,
"2022": null,
"2004": 2,
"2005": 0,
"2006": 1,
"2007": 0
},
"relative": {
"2003": 0,
"2022": null,
"2004": 0.1930040285730884,
"2005": 0.0,
"2006": 0.019300387584593355,
"2007": 0.0
},
"sums": {
"absolute": 3,
"relative": 0.21230441615768175
}
},
"FAMILJELIV-MEDLEM-ALLMANNA": {
"absolute": {
"2006": 2,
"2022": null,
"2007": 1,
"2008": 0,
"2009": 1,
"2010": 0
},
"relative": {
"2006": 0.08528240950097211,
"2022": null,
"2007": 0.013608412884145934,
"2008": 0.0,
"2009": 0.015330779818205775,
"2010": 0.0
},
"sums": {
"absolute": 4,
"relative": 0.11422160220332382
}
},
"FAMILJELIV-MEDLEM-FORALDRAR": {
"absolute": {
"2006": 7,
"2022": null,
"2007": 14,
"2008": 23,
"2009": 8,
"2010": 0
},
"relative": {
"2006": 0.3373829245103778,
"2022": null,
"2007": 0.174895853891404,
"2008": 0.284657749304742,
"2009": 0.13063897629861143,
"2010": 0.0
},
"sums": {
"absolute": 52,
"relative": 0.9275755040051353
}
},
"FAMILJELIV-MEDLEM-PLANERARBARN": {
"absolute": {
"2005": 0,
"2021": null,
"2007": 1,
"2008": 0
},
"relative": {
"2005": 0,
"2021": null,
"2007": 0.02629663099397189,
"2008": 0.0
},
"sums": {
"absolute": 1,
"relative": 0.02629663099397189
}
},
"FAMILJELIV-MEDLEM-VANTARBARN": {
"absolute": {
"2003": 0,
"2022": null,
"2004": 8,
"2005": 0,
"2007": 2,
"2008": 1,
"2009": 0
},
"relative": {
"2003": 0,
"2022": null,
"2004": 0.8409984207100908,
"2005": 0.0,
"2007": 0.035399353469748165,
"2008": 0.019055358426814,
"2009": 0.0
},
"sums": {
"absolute": 11,
"relative": 0.895453132606653
}
},
"FAMILJELIV-PAPPAGRUPP": {
"absolute": {
"2004": 0,
"2023": null
},
"relative": {
"2004": 0,
"2023": null
},
"sums": {
"absolute": 0,
"relative": 0.0
}
},
"FAMILJELIV-PLANERARBARN": {
"absolute": {
"2003": 0,
"2022": null
},
"relative": {
"2003": 0,
"2022": null
},
"sums": {
"absolute": 0,
"relative": 0.0
}
},
"FAMILJELIV-SEXSAMLEVNAD": {
"absolute": {
"2004": 0,
"2022": null
},
"relative": {
"2004": 0,
"2022": null
},
"sums": {
"absolute": 0,
"relative": 0.0
}
},
"FAMILJELIV-SVARTATTFABARN": {
"absolute": {
"2003": 0,
"2022": null
},
"relative": {
"2003": 0,
"2022": null
},
"sums": {
"absolute": 0,
"relative": 0.0
}
}
},
"combined": {
"absolute": {
"2003": 0,
"2023": null,
"2004": 34,
"2005": 36,
"2006": 31,
"2007": 19,
"2008": 47,
"2009": 16,
"2010": 1,
"2011": 0
},
"relative": {
"2003": 0,
"2023": null,
"2004": 0.35248580505969523,
"2005": 0.15491906103040712,
"2006": 0.0660780337370098,
"2007": 0.02992314434089029,
"2008": 0.07547267395579398,
"2009": 0.02696977429633052,
"2010": 0.0024263276366824175,
"2011": 0.0
},
"sums": {
"absolute": 184,
"relative": 0.0412005762564277
}
},
"time": 1004.64959025383
}
