 
 
 
 
 
 
 
 
 
 
 
 
 
 
 
 
 
 
 
 
 
 
 
 
 
 
 
 
 
 
 
 
 
 
 
 
 
 
 
 
 
 
 
 
 
 
 
 
 
 
 
 
 
 
 
 
 
 
 
 
 
 
 
 
 
 
 
 
 
 
 
 
 
 
 
 
 
 
 
 
 
 
 
 
 
 
 
 
 
 
 
 
 
 
 
 
 
 
 
 
 
 
 
 
 
 
 
 
 
 
 
 
 
 
 
 
 
 
 
 
 
 
 
 
 
 
 
 
 
 
 
 
 
 
 
 
 
 
 
 
 
 
 
 
 
 
 
 
 
 
 
 
 
 
 
 
 
 
 
 
 
 
 
 
 
 
 
 
 
 
 
 
 
 
 
 
 
 
 
 
 
 
 
 
 
 
 
 
 
 
 
 
 
 
 
 
 
 
 
 
 
 
 
 
 
 
 
 
 
 
 
{
"corpora": {
"FAMILJELIV-ADOPTION": {
"absolute": {
"2003": 0,
"2023": null
},
"relative": {
"2003": 0,
"2023": null
},
"sums": {
"absolute": 0,
"relative": 0.0
}
},
"FAMILJELIV-ALLMANNA-EKONOMI": {
"absolute": {
"2003": 0,
"2023": null,
"2011": 1,
"2012": 0
},
"relative": {
"2003": 0,
"2023": null,
"2011": 0.24423925090844792,
"2012": 0.0
},
"sums": {
"absolute": 1,
"relative": 0.24423925090844792
}
},
"FAMILJELIV-ALLMANNA-FAMILJELIV": {
"absolute": {
"2003": 0,
"2023": null,
"2015": 1,
"2016": 0
},
"relative": {
"2003": 0,
"2023": null,
"2015": 1.2762557718667282,
"2016": 0.0
},
"sums": {
"absolute": 1,
"relative": 1.2762557718667282
}
},
"FAMILJELIV-ALLMANNA-FRITID": {
"absolute": {
"2004": 0,
"2023": null
},
"relative": {
"2004": 0,
"2023": null
},
"sums": {
"absolute": 0,
"relative": 0.0
}
},
"FAMILJELIV-ALLMANNA-HUSDJUR": {
"absolute": {
"2003": 0,
"2023": null
},
"relative": {
"2003": 0,
"2023": null
},
"sums": {
"absolute": 0,
"relative": 0.0
}
},
"FAMILJELIV-ALLMANNA-HUSHEM": {
"absolute": {
"2004": 0,
"2023": null
},
"relative": {
"2004": 0,
"2023": null
},
"sums": {
"absolute": 0,
"relative": 0.0
}
},
"FAMILJELIV-ALLMANNA-KROPP": {
"absolute": {
"2003": 0,
"2023": null,
"2011": 2,
"2012": 1,
"2013": 2,
"2014": 0
},
"relative": {
"2003": 0,
"2023": null,
"2011": 0.1565870904122116,
"2012": 0.10635464765556069,
"2013": 0.3175486262211332,
"2014": 0.0
},
"sums": {
"absolute": 5,
"relative": 0.5804903642889055
}
},
"FAMILJELIV-ALLMANNA-NOJE": {
"absolute": {
"2003": 0,
"2023": null
},
"relative": {
"2003": 0,
"2023": null
},
"sums": {
"absolute": 0,
"relative": 0.0
}
},
"FAMILJELIV-ALLMANNA-SAMHALLE": {
"absolute": {
"2003": 0,
"2022": null,
"2010": 5,
"2011": 8,
"2012": 12,
"2013": 5,
"2014": 4,
"2015": 4,
"2016": 2,
"2017": 4,
"2018": 0
},
"relative": {
"2003": 0,
"2022": null,
"2010": 0.16695818121634312,
"2011": 0.25524066514696375,
"2012": 0.5188626910311903,
"2013": 0.32165523268089213,
"2014": 0.29897390660384027,
"2015": 0.43643189431190677,
"2016": 0.5293157561685796,
"2017": 1.0462450787247108,
"2018": 0.0
},
"sums": {
"absolute": 44,
"relative": 3.5736834058844265
}
},
"FAMILJELIV-ALLMANNA-SANDLADAN": {
"absolute": {
"2005": 0,
"2022": null
},
"relative": {
"2005": 0,
"2022": null
},
"sums": {
"absolute": 0,
"relative": 0.0
}
},
"FAMILJELIV-ANGLARUM": {
"absolute": {
"2006": 0,
"2022": null
},
"relative": {
"2006": 0,
"2022": null
},
"sums": {
"absolute": 0,
"relative": 0.0
}
},
"FAMILJELIV-EXPERT": {
"absolute": {
"2009": 0,
"2023": null
},
"relative": {
"2009": 0,
"2023": null
},
"sums": {
"absolute": 0,
"relative": 0.0
}
},
"FAMILJELIV-FORALDER": {
"absolute": {
"2003": 0,
"2022": null,
"2011": 1,
"2012": 0,
"2017": 1,
"2018": 0
},
"relative": {
"2003": 0,
"2022": null,
"2011": 0.02040029624494195,
"2012": 0.0,
"2017": 0.3135338779625816,
"2018": 0.0
},
"sums": {
"absolute": 2,
"relative": 0.3339341742075235
}
},
"FAMILJELIV-GRAVID": {
"absolute": {
"2003": 0,
"2022": null,
"2016": 1,
"2017": 0
},
"relative": {
"2003": 0,
"2022": null,
"2016": 0.1477393806410589,
"2017": 0.0
},
"sums": {
"absolute": 1,
"relative": 0.1477393806410589
}
},
"FAMILJELIV-KANSLIGA": {
"absolute": {
"2003": 0,
"2022": null,
"2010": 1,
"2011": 2,
"2012": 8,
"2013": 0,
"2014": 7,
"2015": 1,
"2016": 3,
"2017": 2,
"2018": 0
},
"relative": {
"2003": 0,
"2022": null,
"2010": 0.013084212372153833,
"2011": 0.020933669501549547,
"2012": 0.07865410014041428,
"2013": 0.0,
"2014": 0.12165542515503638,
"2015": 0.027893801269329742,
"2016": 0.10014837649633776,
"2017": 0.06447715363284111,
"2018": 0.0
},
"sums": {
"absolute": 24,
"relative": 0.42684673856766264
}
},
"FAMILJELIV-MEDLEM-ALLMANNA": {
"absolute": {
"2006": 0,
"2022": null
},
"relative": {
"2006": 0,
"2022": null
},
"sums": {
"absolute": 0,
"relative": 0.0
}
},
"FAMILJELIV-MEDLEM-FORALDRAR": {
"absolute": {
"2006": 0,
"2022": null
},
"relative": {
"2006": 0,
"2022": null
},
"sums": {
"absolute": 0,
"relative": 0.0
}
},
"FAMILJELIV-MEDLEM-PLANERARBARN": {
"absolute": {
"2005": 0,
"2021": null
},
"relative": {
"2005": 0,
"2021": null
},
"sums": {
"absolute": 0,
"relative": 0.0
}
},
"FAMILJELIV-MEDLEM-VANTARBARN": {
"absolute": {
"2003": 0,
"2022": null
},
"relative": {
"2003": 0,
"2022": null
},
"sums": {
"absolute": 0,
"relative": 0.0
}
},
"FAMILJELIV-PAPPAGRUPP": {
"absolute": {
"2004": 0,
"2023": null
},
"relative": {
"2004": 0,
"2023": null
},
"sums": {
"absolute": 0,
"relative": 0.0
}
},
"FAMILJELIV-PLANERARBARN": {
"absolute": {
"2003": 0,
"2022": null
},
"relative": {
"2003": 0,
"2022": null
},
"sums": {
"absolute": 0,
"relative": 0.0
}
},
"FAMILJELIV-SEXSAMLEVNAD": {
"absolute": {
"2004": 0,
"2022": null,
"2011": 1,
"2012": 1,
"2013": 0,
"2014": 1,
"2015": 0
},
"relative": {
"2004": 0,
"2022": null,
"2011": 0.07232436552184669,
"2012": 0.06738417788506537,
"2013": 0.0,
"2014": 0.08975253968273914,
"2015": 0.0
},
"sums": {
"absolute": 3,
"relative": 0.2294610830896512
}
},
"FAMILJELIV-SVARTATTFABARN": {
"absolute": {
"2003": 0,
"2022": null
},
"relative": {
"2003": 0,
"2022": null
},
"sums": {
"absolute": 0,
"relative": 0.0
}
}
},
"combined": {
"absolute": {
"2003": 0,
"2023": null,
"2010": 6,
"2011": 15,
"2012": 22,
"2013": 7,
"2014": 12,
"2015": 6,
"2016": 6,
"2017": 7,
"2018": 0
},
"relative": {
"2003": 0,
"2023": null,
"2010": 0.014557965820094507,
"2011": 0.04158548290935487,
"2012": 0.07574717017265944,
"2013": 0.03369317970141874,
"2014": 0.08663089253585053,
"2015": 0.06757984761735533,
"2016": 0.09384230563788307,
"2017": 0.11374811931703224,
"2018": 0.0
},
"sums": {
"absolute": 81,
"relative": 0.018137207157991126
}
},
"time": 1055.4950048923492
}
