 
 
 
 
 
 
 
 
 
 
 
 
 
 
 
 
 
 
 
 
 
 
 
 
 
 
 
 
 
 
 
 
 
 
 
 
 
 
 
 
 
 
 
 
 
 
 
 
 
 
 
 
 
 
 
 
 
 
 
 
 
 
 
 
 
 
 
 
 
 
 
 
 
 
 
 
 
 
 
 
 
 
 
 
 
 
 
 
 
 
 
 
 
 
 
 
 
 
 
 
 
 
 
 
 
 
 
 
 
 
 
 
 
 
 
 
 
 
 
 
 
 
 
 
 
 
 
 
 
 
 
 
 
 
 
 
 
 
 
 
 
 
 
 
 
 
 
 
 
 
 
 
 
 
 
 
 
 
 
 
 
 
 
 
 
 
 
 
 
 
 
 
 
 
 
 
 
 
 
 
 
 
 
 
 
 
 
 
 
 
 
 
 
 
 
 
 
 
 
 
 
 
{
"corpora": {
"FAMILJELIV-ADOPTION": {
"absolute": {
"2003": 0,
"2023": null
},
"relative": {
"2003": 0,
"2023": null
},
"sums": {
"absolute": 0,
"relative": 0.0
}
},
"FAMILJELIV-ALLMANNA-EKONOMI": {
"absolute": {
"2003": 0,
"2023": null
},
"relative": {
"2003": 0,
"2023": null
},
"sums": {
"absolute": 0,
"relative": 0.0
}
},
"FAMILJELIV-ALLMANNA-FAMILJELIV": {
"absolute": {
"2003": 0,
"2023": null
},
"relative": {
"2003": 0,
"2023": null
},
"sums": {
"absolute": 0,
"relative": 0.0
}
},
"FAMILJELIV-ALLMANNA-FRITID": {
"absolute": {
"2004": 0,
"2023": null,
"2006": 1,
"2007": 1,
"2008": 0
},
"relative": {
"2004": 0,
"2023": null,
"2006": 0.22040165556907598,
"2007": 0.18950534556678775,
"2008": 0.0
},
"sums": {
"absolute": 2,
"relative": 0.40990700113586376
}
},
"FAMILJELIV-ALLMANNA-HUSDJUR": {
"absolute": {
"2003": 0,
"2023": null,
"2005": 2,
"2006": 0
},
"relative": {
"2003": 0,
"2023": null,
"2005": 0.7975648749238824,
"2006": 0.0
},
"sums": {
"absolute": 2,
"relative": 0.7975648749238824
}
},
"FAMILJELIV-ALLMANNA-HUSHEM": {
"absolute": {
"2004": 0,
"2023": null,
"2007": 4,
"2008": 0
},
"relative": {
"2004": 0,
"2023": null,
"2007": 0.317802712048894,
"2008": 0.0
},
"sums": {
"absolute": 4,
"relative": 0.317802712048894
}
},
"FAMILJELIV-ALLMANNA-KROPP": {
"absolute": {
"2003": 0,
"2023": null,
"2005": 6,
"2006": 12,
"2007": 8,
"2008": 0
},
"relative": {
"2003": 0,
"2023": null,
"2005": 0.734921253187721,
"2006": 0.6462027885588936,
"2007": 0.43942701792851246,
"2008": 0.0
},
"sums": {
"absolute": 26,
"relative": 1.8205510596751269
}
},
"FAMILJELIV-ALLMANNA-NOJE": {
"absolute": {
"2003": 0,
"2023": null
},
"relative": {
"2003": 0,
"2023": null
},
"sums": {
"absolute": 0,
"relative": 0.0
}
},
"FAMILJELIV-ALLMANNA-SAMHALLE": {
"absolute": {
"2003": 0,
"2022": null,
"2005": 3,
"2006": 0,
"2007": 1,
"2008": 0
},
"relative": {
"2003": 0,
"2022": null,
"2005": 0.2301579842763737,
"2006": 0.0,
"2007": 0.026396182520733013,
"2008": 0.0
},
"sums": {
"absolute": 4,
"relative": 0.25655416679710674
}
},
"FAMILJELIV-ALLMANNA-SANDLADAN": {
"absolute": {
"2005": 0,
"2022": null
},
"relative": {
"2005": 0,
"2022": null
},
"sums": {
"absolute": 0,
"relative": 0.0
}
},
"FAMILJELIV-ANGLARUM": {
"absolute": {
"2006": 0,
"2022": null
},
"relative": {
"2006": 0,
"2022": null
},
"sums": {
"absolute": 0,
"relative": 0.0
}
},
"FAMILJELIV-EXPERT": {
"absolute": {
"2009": 0,
"2023": null
},
"relative": {
"2009": 0,
"2023": null
},
"sums": {
"absolute": 0,
"relative": 0.0
}
},
"FAMILJELIV-FORALDER": {
"absolute": {
"2003": 0,
"2022": null,
"2004": 3,
"2005": 0,
"2006": 36,
"2007": 8,
"2008": 11,
"2009": 12,
"2010": 2,
"2011": 1,
"2012": 1,
"2013": 0
},
"relative": {
"2003": 0,
"2022": null,
"2004": 0.18538718855879258,
"2005": 0.0,
"2006": 0.36145003633978506,
"2007": 0.09330990710357243,
"2008": 0.12442084500235909,
"2009": 0.14816092291216812,
"2010": 0.033441596600808844,
"2011": 0.02040029624494195,
"2012": 0.035463067874538755,
"2013": 0.0
},
"sums": {
"absolute": 74,
"relative": 1.0020338606369668
}
},
"FAMILJELIV-GRAVID": {
"absolute": {
"2003": 0,
"2022": null,
"2004": 16,
"2005": 16,
"2006": 18,
"2007": 4,
"2008": 6,
"2009": 0,
"2010": 1,
"2011": 0
},
"relative": {
"2003": 0,
"2022": null,
"2004": 0.6173239147194791,
"2005": 0.40393007808776266,
"2006": 0.3556877484441872,
"2007": 0.0829394091537489,
"2008": 0.12838603729948186,
"2009": 0.0,
"2010": 0.027135458117492246,
"2011": 0.0
},
"sums": {
"absolute": 61,
"relative": 1.615402645822152
}
},
"FAMILJELIV-KANSLIGA": {
"absolute": {
"2003": 0,
"2022": null,
"2005": 2,
"2006": 1,
"2007": 8,
"2008": 0
},
"relative": {
"2003": 0,
"2022": null,
"2005": 0.09943604350744534,
"2006": 0.019300387584593355,
"2007": 0.09722804071278363,
"2008": 0.0
},
"sums": {
"absolute": 11,
"relative": 0.2159644718048223
}
},
"FAMILJELIV-MEDLEM-ALLMANNA": {
"absolute": {
"2006": 0,
"2022": null,
"2007": 13,
"2008": 0
},
"relative": {
"2006": 0,
"2022": null,
"2007": 0.17690936749389716,
"2008": 0.0
},
"sums": {
"absolute": 13,
"relative": 0.17690936749389716
}
},
"FAMILJELIV-MEDLEM-FORALDRAR": {
"absolute": {
"2006": 0,
"2022": null,
"2008": 1,
"2009": 12,
"2010": 2,
"2011": 0
},
"relative": {
"2006": 0,
"2022": null,
"2008": 0.01237642388281487,
"2009": 0.19595846444791717,
"2010": 0.06633214261609659,
"2011": 0.0
},
"sums": {
"absolute": 15,
"relative": 0.27466703094682865
}
},
"FAMILJELIV-MEDLEM-PLANERARBARN": {
"absolute": {
"2005": 0,
"2021": null
},
"relative": {
"2005": 0,
"2021": null
},
"sums": {
"absolute": 0,
"relative": 0.0
}
},
"FAMILJELIV-MEDLEM-VANTARBARN": {
"absolute": {
"2003": 0,
"2022": null,
"2005": 1,
"2006": 1,
"2007": 3,
"2008": 13,
"2009": 0
},
"relative": {
"2003": 0,
"2022": null,
"2005": 0.048236316273563194,
"2006": 0.02345924433692082,
"2007": 0.05309903020462224,
"2008": 0.24771965954858197,
"2009": 0.0
},
"sums": {
"absolute": 18,
"relative": 0.37251425036368824
}
},
"FAMILJELIV-PAPPAGRUPP": {
"absolute": {
"2004": 0,
"2023": null
},
"relative": {
"2004": 0,
"2023": null
},
"sums": {
"absolute": 0,
"relative": 0.0
}
},
"FAMILJELIV-PLANERARBARN": {
"absolute": {
"2003": 0,
"2022": null,
"2005": 15,
"2006": 0
},
"relative": {
"2003": 0,
"2022": null,
"2005": 0.6649477324484386,
"2006": 0.0
},
"sums": {
"absolute": 15,
"relative": 0.6649477324484386
}
},
"FAMILJELIV-SEXSAMLEVNAD": {
"absolute": {
"2004": 0,
"2022": null
},
"relative": {
"2004": 0,
"2022": null
},
"sums": {
"absolute": 0,
"relative": 0.0
}
},
"FAMILJELIV-SVARTATTFABARN": {
"absolute": {
"2003": 0,
"2022": null
},
"relative": {
"2003": 0,
"2022": null
},
"sums": {
"absolute": 0,
"relative": 0.0
}
}
},
"combined": {
"absolute": {
"2003": 0,
"2023": null,
"2004": 19,
"2005": 45,
"2006": 69,
"2007": 50,
"2008": 31,
"2009": 24,
"2010": 5,
"2011": 1,
"2012": 1,
"2013": 0
},
"relative": {
"2003": 0,
"2023": null,
"2004": 0.19697736165100618,
"2005": 0.1936488262880089,
"2006": 0.14707691380173146,
"2007": 0.0787451166865534,
"2008": 0.049779848779353465,
"2009": 0.04045466144449579,
"2010": 0.01213163818341209,
"2011": 0.002772365527290325,
"2012": 0.0034430531896663384,
"2013": 0.0
},
"sums": {
"absolute": 245,
"relative": 0.054859453749479335
}
},
"time": 1013.8867914676666
}
