 
 
 
 
 
 
 
 
 
 
 
 
 
 
 
 
 
 
 
 
 
 
 
 
 
 
 
 
 
 
 
 
 
 
 
 
 
 
 
 
 
 
 
 
 
 
 
 
 
 
 
 
 
 
 
 
 
 
 
 
 
 
 
 
 
 
 
 
 
 
 
 
 
 
 
 
 
 
 
 
 
 
 
 
 
 
 
 
 
 
 
 
 
 
 
 
 
 
 
 
 
 
 
 
 
 
 
 
 
 
 
 
 
 
 
 
 
 
 
 
 
 
 
 
 
 
 
 
 
 
 
 
 
 
 
 
 
 
 
 
 
 
 
 
 
 
 
 
 
 
 
 
 
 
 
 
 
 
 
 
 
 
 
 
 
 
 
 
 
 
 
 
 
 
 
 
 
 
 
 
 
 
 
 
 
 
 
 
 
 
 
 
 
 
 
 
 
 
 
 
 
 
{
"corpora": {
"FAMILJELIV-ADOPTION": {
"absolute": {
"2003": 0,
"2023": null
},
"relative": {
"2003": 0,
"2023": null
},
"sums": {
"absolute": 0,
"relative": 0.0
}
},
"FAMILJELIV-ALLMANNA-EKONOMI": {
"absolute": {
"2003": 0,
"2023": null,
"2010": 1,
"2011": 0
},
"relative": {
"2003": 0,
"2023": null,
"2010": 0.18564286360057675,
"2011": 0.0
},
"sums": {
"absolute": 1,
"relative": 0.18564286360057675
}
},
"FAMILJELIV-ALLMANNA-FAMILJELIV": {
"absolute": {
"2003": 0,
"2023": null
},
"relative": {
"2003": 0,
"2023": null
},
"sums": {
"absolute": 0,
"relative": 0.0
}
},
"FAMILJELIV-ALLMANNA-FRITID": {
"absolute": {
"2004": 0,
"2023": null
},
"relative": {
"2004": 0,
"2023": null
},
"sums": {
"absolute": 0,
"relative": 0.0
}
},
"FAMILJELIV-ALLMANNA-HUSDJUR": {
"absolute": {
"2003": 0,
"2023": null,
"2006": 1,
"2007": 0
},
"relative": {
"2003": 0,
"2023": null,
"2006": 0.16673266501323442,
"2007": 0.0
},
"sums": {
"absolute": 1,
"relative": 0.16673266501323442
}
},
"FAMILJELIV-ALLMANNA-HUSHEM": {
"absolute": {
"2004": 0,
"2023": null,
"2006": 1,
"2007": 1,
"2008": 0
},
"relative": {
"2004": 0,
"2023": null,
"2006": 0.10276067583230239,
"2007": 0.0794506780122235,
"2008": 0.0
},
"sums": {
"absolute": 2,
"relative": 0.1822113538445259
}
},
"FAMILJELIV-ALLMANNA-KROPP": {
"absolute": {
"2003": 0,
"2023": null,
"2004": 1,
"2005": 1,
"2006": 8,
"2007": 0,
"2009": 1,
"2010": 1,
"2011": 0
},
"relative": {
"2003": 0,
"2023": null,
"2004": 0.38153434801121405,
"2005": 0.12248687553128683,
"2006": 0.43080185903926227,
"2007": 0.0,
"2009": 0.04985949345447063,
"2010": 0.07919659803093498,
"2011": 0.0
},
"sums": {
"absolute": 12,
"relative": 1.0638791740671687
}
},
"FAMILJELIV-ALLMANNA-NOJE": {
"absolute": {
"2003": 0,
"2023": null,
"2005": 1,
"2006": 1,
"2007": 1,
"2008": 0
},
"relative": {
"2003": 0,
"2023": null,
"2005": 0.0969204684205007,
"2006": 0.07787547602358164,
"2007": 0.0785717293889068,
"2008": 0.0
},
"sums": {
"absolute": 3,
"relative": 0.25336767383298914
}
},
"FAMILJELIV-ALLMANNA-SAMHALLE": {
"absolute": {
"2003": 0,
"2022": null,
"2004": 1,
"2005": 0,
"2006": 1,
"2007": 3,
"2008": 0,
"2009": 1,
"2010": 0
},
"relative": {
"2003": 0,
"2022": null,
"2004": 0.23688537424691178,
"2005": 0.0,
"2006": 0.02970420787432411,
"2007": 0.07918854756219904,
"2008": 0.0,
"2009": 0.02470391981542417,
"2010": 0.0
},
"sums": {
"absolute": 6,
"relative": 0.3704820494988591
}
},
"FAMILJELIV-ALLMANNA-SANDLADAN": {
"absolute": {
"2005": 0,
"2022": null,
"2006": 2,
"2007": 1,
"2008": 0,
"2009": 1,
"2010": 0
},
"relative": {
"2005": 0,
"2022": null,
"2006": 0.3122795501550624,
"2007": 0.14830636357394014,
"2008": 0.0,
"2009": 0.19733382272121366,
"2010": 0.0
},
"sums": {
"absolute": 4,
"relative": 0.6579197364502163
}
},
"FAMILJELIV-ANGLARUM": {
"absolute": {
"2006": 0,
"2022": null
},
"relative": {
"2006": 0,
"2022": null
},
"sums": {
"absolute": 0,
"relative": 0.0
}
},
"FAMILJELIV-EXPERT": {
"absolute": {
"2009": 0,
"2023": null
},
"relative": {
"2009": 0,
"2023": null
},
"sums": {
"absolute": 0,
"relative": 0.0
}
},
"FAMILJELIV-FORALDER": {
"absolute": {
"2003": 0,
"2022": null,
"2004": 1,
"2005": 3,
"2006": 1,
"2007": 0
},
"relative": {
"2003": 0,
"2022": null,
"2004": 0.061795729519597525,
"2005": 0.048919181240315836,
"2006": 0.010040278787216252,
"2007": 0.0
},
"sums": {
"absolute": 5,
"relative": 0.1207551895471296
}
},
"FAMILJELIV-GRAVID": {
"absolute": {
"2003": 3,
"2022": null,
"2004": 3,
"2005": 0,
"2006": 1,
"2007": 1,
"2008": 0
},
"relative": {
"2003": 1.2979023302538437,
"2022": null,
"2004": 0.11574823400990235,
"2005": 0.0,
"2006": 0.01976043046912151,
"2007": 0.020734852288437224,
"2008": 0.0
},
"sums": {
"absolute": 8,
"relative": 1.4541458470213047
}
},
"FAMILJELIV-KANSLIGA": {
"absolute": {
"2003": 0,
"2022": null,
"2005": 1,
"2006": 0,
"2007": 1,
"2008": 0
},
"relative": {
"2003": 0,
"2022": null,
"2005": 0.04971802175372267,
"2006": 0.0,
"2007": 0.012153505089097953,
"2008": 0.0
},
"sums": {
"absolute": 2,
"relative": 0.06187152684282062
}
},
"FAMILJELIV-MEDLEM-ALLMANNA": {
"absolute": {
"2006": 0,
"2022": null,
"2007": 2,
"2008": 1,
"2009": 1,
"2010": 2,
"2011": 0
},
"relative": {
"2006": 0,
"2022": null,
"2007": 0.027216825768291868,
"2008": 0.013925047014091854,
"2009": 0.015330779818205775,
"2010": 0.06954006928346643,
"2011": 0.0
},
"sums": {
"absolute": 6,
"relative": 0.12601272188405593
}
},
"FAMILJELIV-MEDLEM-FORALDRAR": {
"absolute": {
"2006": 0,
"2022": null
},
"relative": {
"2006": 0,
"2022": null
},
"sums": {
"absolute": 0,
"relative": 0.0
}
},
"FAMILJELIV-MEDLEM-PLANERARBARN": {
"absolute": {
"2005": 0,
"2021": null
},
"relative": {
"2005": 0,
"2021": null
},
"sums": {
"absolute": 0,
"relative": 0.0
}
},
"FAMILJELIV-MEDLEM-VANTARBARN": {
"absolute": {
"2003": 0,
"2022": null
},
"relative": {
"2003": 0,
"2022": null
},
"sums": {
"absolute": 0,
"relative": 0.0
}
},
"FAMILJELIV-PAPPAGRUPP": {
"absolute": {
"2004": 0,
"2023": null
},
"relative": {
"2004": 0,
"2023": null
},
"sums": {
"absolute": 0,
"relative": 0.0
}
},
"FAMILJELIV-PLANERARBARN": {
"absolute": {
"2003": 1,
"2022": null,
"2004": 0
},
"relative": {
"2003": 0.49515907728096265,
"2022": null,
"2004": 0.0
},
"sums": {
"absolute": 1,
"relative": 0.49515907728096265
}
},
"FAMILJELIV-SEXSAMLEVNAD": {
"absolute": {
"2004": 0,
"2022": null
},
"relative": {
"2004": 0,
"2022": null
},
"sums": {
"absolute": 0,
"relative": 0.0
}
},
"FAMILJELIV-SVARTATTFABARN": {
"absolute": {
"2003": 0,
"2022": null
},
"relative": {
"2003": 0,
"2022": null
},
"sums": {
"absolute": 0,
"relative": 0.0
}
}
},
"combined": {
"absolute": {
"2003": 4,
"2023": null,
"2004": 6,
"2005": 6,
"2006": 16,
"2007": 10,
"2008": 1,
"2009": 4,
"2010": 4,
"2011": 0
},
"relative": {
"2003": 0.5844140000464609,
"2023": null,
"2004": 0.062203377363475636,
"2005": 0.025819843505067854,
"2006": 0.03410479160619861,
"2007": 0.01574902333731068,
"2008": 0.001605801573527531,
"2009": 0.00674244357408263,
"2010": 0.00970531054672967,
"2011": 0.0
},
"sums": {
"absolute": 51,
"relative": 0.01141972302540182
}
},
"time": 1014.1006724834442
}
