 
 
 
 
 
 
 
 
 
 
 
 
 
 
 
 
 
 
 
 
 
 
 
 
 
 
 
 
 
 
 
 
 
 
 
 
 
 
 
 
 
 
 
 
 
 
 
 
 
 
 
 
 
 
 
 
 
 
 
 
 
 
 
 
 
 
 
 
 
 
 
 
 
 
 
 
 
 
 
 
 
 
 
 
 
 
 
 
 
 
 
 
 
 
 
 
 
 
 
 
 
 
 
 
 
 
 
 
 
 
 
 
 
 
 
 
 
 
 
 
 
 
 
 
 
 
 
 
 
 
 
 
 
 
 
 
 
 
 
 
 
 
 
 
 
 
 
 
 
 
 
 
 
 
 
 
 
 
 
 
 
 
 
 
 
 
 
 
 
 
 
 
 
 
 
 
 
 
 
 
 
 
 
 
 
 
 
 
 
 
 
 
 
 
 
 
 
 
 
 
 
 
 
{
"corpora": {
"FAMILJELIV-ADOPTION": {
"absolute": {
"2003": 0,
"2023": null
},
"relative": {
"2003": 0,
"2023": null
},
"sums": {
"absolute": 0,
"relative": 0.0
}
},
"FAMILJELIV-ALLMANNA-EKONOMI": {
"absolute": {
"2003": 0,
"2023": null
},
"relative": {
"2003": 0,
"2023": null
},
"sums": {
"absolute": 0,
"relative": 0.0
}
},
"FAMILJELIV-ALLMANNA-FAMILJELIV": {
"absolute": {
"2003": 0,
"2023": null,
"2007": 1,
"2008": 0,
"2009": 1,
"2010": 0
},
"relative": {
"2003": 0,
"2023": null,
"2007": 0.09663994507758641,
"2008": 0.0,
"2009": 0.1307822254923591,
"2010": 0.0
},
"sums": {
"absolute": 2,
"relative": 0.22742217056994551
}
},
"FAMILJELIV-ALLMANNA-FRITID": {
"absolute": {
"2004": 0,
"2023": null,
"2008": 1,
"2009": 0
},
"relative": {
"2004": 0,
"2023": null,
"2008": 0.18578116427940966,
"2009": 0.0
},
"sums": {
"absolute": 1,
"relative": 0.18578116427940966
}
},
"FAMILJELIV-ALLMANNA-HUSDJUR": {
"absolute": {
"2003": 0,
"2023": null
},
"relative": {
"2003": 0,
"2023": null
},
"sums": {
"absolute": 0,
"relative": 0.0
}
},
"FAMILJELIV-ALLMANNA-HUSHEM": {
"absolute": {
"2004": 0,
"2023": null
},
"relative": {
"2004": 0,
"2023": null
},
"sums": {
"absolute": 0,
"relative": 0.0
}
},
"FAMILJELIV-ALLMANNA-KROPP": {
"absolute": {
"2003": 0,
"2023": null,
"2005": 2,
"2006": 0,
"2007": 5,
"2008": 5,
"2009": 0
},
"relative": {
"2003": 0,
"2023": null,
"2005": 0.24497375106257366,
"2006": 0.0,
"2007": 0.2746418862053203,
"2008": 0.3007112000307447,
"2009": 0.0
},
"sums": {
"absolute": 12,
"relative": 0.8203268372986386
}
},
"FAMILJELIV-ALLMANNA-NOJE": {
"absolute": {
"2003": 0,
"2023": null,
"2008": 2,
"2009": 0
},
"relative": {
"2003": 0,
"2023": null,
"2008": 0.15568157979439912,
"2009": 0.0
},
"sums": {
"absolute": 2,
"relative": 0.15568157979439912
}
},
"FAMILJELIV-ALLMANNA-SAMHALLE": {
"absolute": {
"2003": 0,
"2022": null,
"2007": 3,
"2008": 9,
"2009": 0
},
"relative": {
"2003": 0,
"2022": null,
"2007": 0.07918854756219904,
"2008": 0.2554706194594809,
"2009": 0.0
},
"sums": {
"absolute": 12,
"relative": 0.33465916702167997
}
},
"FAMILJELIV-ALLMANNA-SANDLADAN": {
"absolute": {
"2005": 0,
"2022": null,
"2006": 1,
"2007": 0,
"2008": 3,
"2009": 0
},
"relative": {
"2005": 0,
"2022": null,
"2006": 0.1561397750775312,
"2007": 0.0,
"2008": 0.9201861229798081,
"2009": 0.0
},
"sums": {
"absolute": 4,
"relative": 1.0763258980573394
}
},
"FAMILJELIV-ANGLARUM": {
"absolute": {
"2006": 0,
"2022": null
},
"relative": {
"2006": 0,
"2022": null
},
"sums": {
"absolute": 0,
"relative": 0.0
}
},
"FAMILJELIV-EXPERT": {
"absolute": {
"2009": 0,
"2023": null
},
"relative": {
"2009": 0,
"2023": null
},
"sums": {
"absolute": 0,
"relative": 0.0
}
},
"FAMILJELIV-FORALDER": {
"absolute": {
"2003": 0,
"2022": null,
"2005": 3,
"2006": 17,
"2007": 14,
"2008": 16,
"2009": 3,
"2010": 0
},
"relative": {
"2003": 0,
"2022": null,
"2005": 0.048919181240315836,
"2006": 0.17068473938267628,
"2007": 0.16329233743125174,
"2008": 0.18097577454888591,
"2009": 0.03704023072804203,
"2010": 0.0
},
"sums": {
"absolute": 53,
"relative": 0.6009122633311719
}
},
"FAMILJELIV-GRAVID": {
"absolute": {
"2003": 0,
"2022": null,
"2005": 7,
"2006": 8,
"2007": 7,
"2008": 2,
"2009": 0
},
"relative": {
"2003": 0,
"2022": null,
"2005": 0.17671940916339618,
"2006": 0.1580834437529721,
"2007": 0.14514396601906054,
"2008": 0.04279534576649396,
"2009": 0.0
},
"sums": {
"absolute": 24,
"relative": 0.5227421647019227
}
},
"FAMILJELIV-KANSLIGA": {
"absolute": {
"2003": 0,
"2022": null,
"2005": 2,
"2006": 4,
"2007": 3,
"2008": 20,
"2009": 11,
"2010": 0
},
"relative": {
"2003": 0,
"2022": null,
"2005": 0.09943604350744534,
"2006": 0.07720155033837342,
"2007": 0.03646051526729386,
"2008": 0.23304634724378823,
"2009": 0.1146614966423257,
"2010": 0.0
},
"sums": {
"absolute": 40,
"relative": 0.5608059529992265
}
},
"FAMILJELIV-MEDLEM-ALLMANNA": {
"absolute": {
"2006": 0,
"2022": null,
"2007": 5,
"2008": 0
},
"relative": {
"2006": 0,
"2022": null,
"2007": 0.06804206442072967,
"2008": 0.0
},
"sums": {
"absolute": 5,
"relative": 0.06804206442072967
}
},
"FAMILJELIV-MEDLEM-FORALDRAR": {
"absolute": {
"2006": 33,
"2022": null,
"2007": 139,
"2008": 118,
"2009": 18,
"2010": 1,
"2011": 0
},
"relative": {
"2006": 1.5905195012632098,
"2022": null,
"2007": 1.736465977921797,
"2008": 1.4604180181721547,
"2009": 0.29393769667187575,
"2010": 0.033166071308048294,
"2011": 0.0
},
"sums": {
"absolute": 309,
"relative": 5.114507265337084
}
},
"FAMILJELIV-MEDLEM-PLANERARBARN": {
"absolute": {
"2005": 0,
"2021": null
},
"relative": {
"2005": 0,
"2021": null
},
"sums": {
"absolute": 0,
"relative": 0.0
}
},
"FAMILJELIV-MEDLEM-VANTARBARN": {
"absolute": {
"2003": 0,
"2022": null
},
"relative": {
"2003": 0,
"2022": null
},
"sums": {
"absolute": 0,
"relative": 0.0
}
},
"FAMILJELIV-PAPPAGRUPP": {
"absolute": {
"2004": 0,
"2023": null
},
"relative": {
"2004": 0,
"2023": null
},
"sums": {
"absolute": 0,
"relative": 0.0
}
},
"FAMILJELIV-PLANERARBARN": {
"absolute": {
"2003": 0,
"2022": null
},
"relative": {
"2003": 0,
"2022": null
},
"sums": {
"absolute": 0,
"relative": 0.0
}
},
"FAMILJELIV-SEXSAMLEVNAD": {
"absolute": {
"2004": 0,
"2022": null,
"2008": 1,
"2009": 0
},
"relative": {
"2004": 0,
"2022": null,
"2008": 0.06917373016918857,
"2009": 0.0
},
"sums": {
"absolute": 1,
"relative": 0.06917373016918857
}
},
"FAMILJELIV-SVARTATTFABARN": {
"absolute": {
"2003": 0,
"2022": null,
"2007": 2,
"2008": 2,
"2009": 0
},
"relative": {
"2003": 0,
"2022": null,
"2007": 0.09863376454700076,
"2008": 0.07370084480698873,
"2009": 0.0
},
"sums": {
"absolute": 4,
"relative": 0.17233460935398948
}
}
},
"combined": {
"absolute": {
"2003": 0,
"2023": null,
"2005": 14,
"2006": 63,
"2007": 179,
"2008": 179,
"2009": 33,
"2010": 1,
"2011": 0
},
"relative": {
"2003": 0,
"2023": null,
"2005": 0.060246301511824994,
"2006": 0.13428761694940702,
"2007": 0.2819075177378612,
"2008": 0.2874384816614281,
"2009": 0.0556251594861817,
"2010": 0.0024263276366824175,
"2011": 0.0
},
"sums": {
"absolute": 469,
"relative": 0.10501666860614615
}
},
"time": 1017.2597234249115
}
