 
 
 
 
 
 
 
 
 
 
 
 
 
 
 
 
 
 
 
 
 
 
 
 
 
 
 
 
 
 
 
 
 
 
 
 
 
 
 
 
 
 
 
 
 
 
 
 
 
 
 
 
 
 
 
 
 
 
 
 
 
 
 
 
 
 
 
 
 
 
 
 
 
 
 
 
 
 
 
 
 
 
 
 
 
 
 
 
 
 
 
 
 
 
 
 
 
 
 
 
 
 
 
 
 
 
 
 
 
 
 
 
 
 
 
 
 
 
 
 
 
 
 
 
 
 
 
 
 
 
 
 
 
 
 
 
 
 
 
 
 
 
 
 
 
 
 
 
 
 
 
 
 
 
 
 
 
 
 
 
 
 
 
 
 
 
 
 
 
 
 
 
 
 
 
 
 
 
 
 
 
 
 
 
 
 
 
 
 
 
 
 
 
 
{
"corpora": {
"FAMILJELIV-ADOPTION": {
"absolute": {
"2003": 0,
"2023": null
},
"relative": {
"2003": 0,
"2023": null
},
"sums": {
"absolute": 0,
"relative": 0.0
}
},
"FAMILJELIV-ALLMANNA-EKONOMI": {
"absolute": {
"2003": 0,
"2023": null
},
"relative": {
"2003": 0,
"2023": null
},
"sums": {
"absolute": 0,
"relative": 0.0
}
},
"FAMILJELIV-ALLMANNA-FAMILJELIV": {
"absolute": {
"2003": 0,
"2023": null
},
"relative": {
"2003": 0,
"2023": null
},
"sums": {
"absolute": 0,
"relative": 0.0
}
},
"FAMILJELIV-ALLMANNA-FRITID": {
"absolute": {
"2004": 0,
"2023": null
},
"relative": {
"2004": 0,
"2023": null
},
"sums": {
"absolute": 0,
"relative": 0.0
}
},
"FAMILJELIV-ALLMANNA-HUSDJUR": {
"absolute": {
"2003": 0,
"2023": null
},
"relative": {
"2003": 0,
"2023": null
},
"sums": {
"absolute": 0,
"relative": 0.0
}
},
"FAMILJELIV-ALLMANNA-HUSHEM": {
"absolute": {
"2004": 0,
"2023": null
},
"relative": {
"2004": 0,
"2023": null
},
"sums": {
"absolute": 0,
"relative": 0.0
}
},
"FAMILJELIV-ALLMANNA-KROPP": {
"absolute": {
"2003": 0,
"2023": null,
"2008": 1,
"2009": 0,
"2012": 1,
"2013": 0
},
"relative": {
"2003": 0,
"2023": null,
"2008": 0.060142240006148935,
"2009": 0.0,
"2012": 0.10635464765556069,
"2013": 0.0
},
"sums": {
"absolute": 2,
"relative": 0.1664968876617096
}
},
"FAMILJELIV-ALLMANNA-NOJE": {
"absolute": {
"2003": 0,
"2023": null,
"2009": 2,
"2010": 0,
"2011": 12,
"2012": 0
},
"relative": {
"2003": 0,
"2023": null,
"2009": 0.16035326465616812,
"2010": 0.0,
"2011": 1.8041461081711883,
"2012": 0.0
},
"sums": {
"absolute": 14,
"relative": 1.9644993728273563
}
},
"FAMILJELIV-ALLMANNA-SAMHALLE": {
"absolute": {
"2003": 0,
"2022": null,
"2008": 8,
"2009": 0
},
"relative": {
"2003": 0,
"2022": null,
"2008": 0.22708499507509416,
"2009": 0.0
},
"sums": {
"absolute": 8,
"relative": 0.22708499507509416
}
},
"FAMILJELIV-ALLMANNA-SANDLADAN": {
"absolute": {
"2005": 0,
"2022": null
},
"relative": {
"2005": 0,
"2022": null
},
"sums": {
"absolute": 0,
"relative": 0.0
}
},
"FAMILJELIV-ANGLARUM": {
"absolute": {
"2006": 0,
"2022": null
},
"relative": {
"2006": 0,
"2022": null
},
"sums": {
"absolute": 0,
"relative": 0.0
}
},
"FAMILJELIV-EXPERT": {
"absolute": {
"2009": 0,
"2023": null
},
"relative": {
"2009": 0,
"2023": null
},
"sums": {
"absolute": 0,
"relative": 0.0
}
},
"FAMILJELIV-FORALDER": {
"absolute": {
"2003": 0,
"2022": null,
"2008": 1,
"2009": 3,
"2010": 23,
"2011": 2,
"2012": 0
},
"relative": {
"2003": 0,
"2022": null,
"2008": 0.01131098590930537,
"2009": 0.03704023072804203,
"2010": 0.38457836090930175,
"2011": 0.0408005924898839,
"2012": 0.0
},
"sums": {
"absolute": 29,
"relative": 0.47373017003653306
}
},
"FAMILJELIV-GRAVID": {
"absolute": {
"2003": 0,
"2022": null,
"2008": 36,
"2009": 82,
"2010": 22,
"2011": 0
},
"relative": {
"2003": 0,
"2022": null,
"2008": 0.7703162237968912,
"2009": 1.607640700616091,
"2010": 0.5969800785848295,
"2011": 0.0
},
"sums": {
"absolute": 140,
"relative": 2.974937002997812
}
},
"FAMILJELIV-KANSLIGA": {
"absolute": {
"2003": 0,
"2022": null,
"2008": 14,
"2009": 0
},
"relative": {
"2003": 0,
"2022": null,
"2008": 0.16313244307065175,
"2009": 0.0
},
"sums": {
"absolute": 14,
"relative": 0.16313244307065175
}
},
"FAMILJELIV-MEDLEM-ALLMANNA": {
"absolute": {
"2006": 0,
"2022": null
},
"relative": {
"2006": 0,
"2022": null
},
"sums": {
"absolute": 0,
"relative": 0.0
}
},
"FAMILJELIV-MEDLEM-FORALDRAR": {
"absolute": {
"2006": 0,
"2022": null,
"2009": 314,
"2010": 426,
"2011": 4,
"2012": 0,
"2015": 1,
"2016": 0
},
"relative": {
"2006": 0,
"2022": null,
"2009": 5.1275798197204985,
"2010": 14.128746377228573,
"2011": 0.46218751502109423,
"2012": 0.0,
"2015": 10.451832728869006,
"2016": 0.0
},
"sums": {
"absolute": 745,
"relative": 30.170346440839168
}
},
"FAMILJELIV-MEDLEM-PLANERARBARN": {
"absolute": {
"2005": 0,
"2021": null,
"2008": 99,
"2009": 1,
"2010": 8,
"2011": 0
},
"relative": {
"2005": 0,
"2021": null,
"2008": 4.005828602004662,
"2009": 0.042960548898341167,
"2010": 0.40222428015806005,
"2011": 0.0
},
"sums": {
"absolute": 108,
"relative": 4.451013431061063
}
},
"FAMILJELIV-MEDLEM-VANTARBARN": {
"absolute": {
"2003": 0,
"2022": null,
"2008": 130,
"2009": 428,
"2010": 443,
"2011": 3,
"2012": 0
},
"relative": {
"2003": 0,
"2022": null,
"2008": 2.47719659548582,
"2009": 9.522609344474253,
"2010": 10.138356526635672,
"2011": 0.14563058016941594,
"2012": 0.0
},
"sums": {
"absolute": 1004,
"relative": 22.28379304676516
}
},
"FAMILJELIV-PAPPAGRUPP": {
"absolute": {
"2004": 0,
"2023": null
},
"relative": {
"2004": 0,
"2023": null
},
"sums": {
"absolute": 0,
"relative": 0.0
}
},
"FAMILJELIV-PLANERARBARN": {
"absolute": {
"2003": 0,
"2022": null,
"2008": 54,
"2009": 17,
"2010": 5,
"2011": 0
},
"relative": {
"2003": 0,
"2022": null,
"2008": 4.666744733816227,
"2009": 1.07877329515745,
"2010": 0.4091583383850749,
"2011": 0.0
},
"sums": {
"absolute": 76,
"relative": 6.154676367358753
}
},
"FAMILJELIV-SEXSAMLEVNAD": {
"absolute": {
"2004": 0,
"2022": null
},
"relative": {
"2004": 0,
"2022": null
},
"sums": {
"absolute": 0,
"relative": 0.0
}
},
"FAMILJELIV-SVARTATTFABARN": {
"absolute": {
"2003": 0,
"2022": null,
"2008": 2,
"2009": 0
},
"relative": {
"2003": 0,
"2022": null,
"2008": 0.07370084480698873,
"2009": 0.0
},
"sums": {
"absolute": 2,
"relative": 0.07370084480698873
}
}
},
"combined": {
"absolute": {
"2003": 0,
"2023": null,
"2008": 345,
"2009": 847,
"2010": 927,
"2011": 21,
"2012": 1,
"2013": 0,
"2015": 1,
"2016": 0
},
"relative": {
"2003": 0,
"2023": null,
"2008": 0.5540015428669982,
"2009": 1.427712426811997,
"2010": 2.249205719204601,
"2011": 0.058219676073096825,
"2012": 0.0034430531896663384,
"2013": 0.0,
"2015": 0.011263307936225889,
"2016": 0.0
},
"sums": {
"absolute": 2142,
"relative": 0.47962836706687645
}
},
"time": 974.2981157302856
}
