 
 
 
 
 
 
 
 
 
 
 
 
 
 
 
 
 
 
 
 
 
 
 
 
 
 
 
 
 
 
 
 
 
 
 
 
 
 
 
 
 
 
 
 
 
 
 
 
 
 
 
 
 
 
 
 
 
 
 
 
 
 
 
 
 
 
 
 
 
 
 
 
 
 
 
 
 
 
 
 
 
 
 
 
 
 
 
 
 
 
 
 
 
 
 
 
 
 
 
 
 
 
 
 
 
 
 
 
 
 
 
 
 
 
 
 
 
 
 
 
 
 
 
 
 
 
 
 
 
 
 
 
 
 
 
 
 
 
 
 
 
 
 
 
 
 
 
 
 
 
 
 
 
 
 
 
 
 
 
 
 
 
 
 
 
 
 
 
 
 
 
 
 
 
 
 
 
 
 
 
 
 
 
 
 
 
 
 
 
 
 
 
 
 
 
 
 
 
 
 
 
 
 
 
 
 
 
 
 
 
{
"corpora": {
"FAMILJELIV-ADOPTION": {
"absolute": {
"2003": 0,
"2023": null
},
"relative": {
"2003": 0,
"2023": null
},
"sums": {
"absolute": 0,
"relative": 0.0
}
},
"FAMILJELIV-ALLMANNA-EKONOMI": {
"absolute": {
"2003": 0,
"2023": null,
"2008": 3,
"2009": 0
},
"relative": {
"2003": 0,
"2023": null,
"2008": 0.39512094125183794,
"2009": 0.0
},
"sums": {
"absolute": 3,
"relative": 0.39512094125183794
}
},
"FAMILJELIV-ALLMANNA-FAMILJELIV": {
"absolute": {
"2003": 0,
"2023": null,
"2004": 8,
"2005": 0,
"2008": 3,
"2009": 0
},
"relative": {
"2003": 0,
"2023": null,
"2004": 7.2382076026513555,
"2005": 0.0,
"2008": 0.3903823326489497,
"2009": 0.0
},
"sums": {
"absolute": 11,
"relative": 7.6285899353003055
}
},
"FAMILJELIV-ALLMANNA-FRITID": {
"absolute": {
"2004": 2,
"2023": null,
"2005": 0,
"2012": 1,
"2013": 0
},
"relative": {
"2004": 4.2229908065490145,
"2023": null,
"2005": 0.0,
"2012": 0.6202115789780526,
"2013": 0.0
},
"sums": {
"absolute": 3,
"relative": 4.843202385527067
}
},
"FAMILJELIV-ALLMANNA-HUSDJUR": {
"absolute": {
"2003": 0,
"2023": null,
"2004": 10,
"2005": 0,
"2008": 1,
"2009": 4,
"2010": 0
},
"relative": {
"2003": 0,
"2023": null,
"2004": 11.428911030499192,
"2005": 0.0,
"2008": 0.13288369036080314,
"2009": 0.6256298332837261,
"2010": 0.0
},
"sums": {
"absolute": 15,
"relative": 12.187424554143721
}
},
"FAMILJELIV-ALLMANNA-HUSHEM": {
"absolute": {
"2004": 1,
"2023": null,
"2005": 0,
"2008": 1,
"2009": 4,
"2010": 1,
"2011": 0
},
"relative": {
"2004": 0.7539493753152451,
"2023": null,
"2005": 0.0,
"2008": 0.07878072024643239,
"2009": 0.43248283421570644,
"2010": 0.18253871189732562,
"2011": 0.0
},
"sums": {
"absolute": 7,
"relative": 1.4477516416747096
}
},
"FAMILJELIV-ALLMANNA-KROPP": {
"absolute": {
"2003": 0,
"2023": null,
"2004": 5,
"2005": 0,
"2007": 9,
"2008": 15,
"2009": 15,
"2010": 1,
"2011": 1,
"2012": 1,
"2013": 0
},
"relative": {
"2003": 0,
"2023": null,
"2004": 1.90767174005607,
"2005": 0.0,
"2007": 0.4943553951695765,
"2008": 0.9021336000922342,
"2009": 0.7478924018170594,
"2010": 0.07919659803093498,
"2011": 0.0782935452061058,
"2012": 0.10635464765556069,
"2013": 0.0
},
"sums": {
"absolute": 47,
"relative": 4.315897928027542
}
},
"FAMILJELIV-ALLMANNA-NOJE": {
"absolute": {
"2003": 0,
"2023": null,
"2004": 31,
"2005": 9,
"2006": 0,
"2008": 1,
"2009": 0
},
"relative": {
"2003": 0,
"2023": null,
"2004": 7.310500047636162,
"2005": 0.8722842157845062,
"2006": 0.0,
"2008": 0.07784078989719956,
"2009": 0.0
},
"sums": {
"absolute": 41,
"relative": 8.260625053317868
}
},
"FAMILJELIV-ALLMANNA-SAMHALLE": {
"absolute": {
"2003": 0,
"2022": null,
"2004": 2,
"2005": 3,
"2006": 0,
"2007": 1,
"2008": 1,
"2009": 1,
"2010": 0,
"2011": 1,
"2012": 0
},
"relative": {
"2003": 0,
"2022": null,
"2004": 0.47377074849382356,
"2005": 0.2301579842763737,
"2006": 0.0,
"2007": 0.026396182520733013,
"2008": 0.02838562438438677,
"2009": 0.02470391981542417,
"2010": 0.0,
"2011": 0.03190508314337047,
"2012": 0.0
},
"sums": {
"absolute": 9,
"relative": 0.8153195426341118
}
},
"FAMILJELIV-ALLMANNA-SANDLADAN": {
"absolute": {
"2005": 0,
"2022": null
},
"relative": {
"2005": 0,
"2022": null
},
"sums": {
"absolute": 0,
"relative": 0.0
}
},
"FAMILJELIV-ANGLARUM": {
"absolute": {
"2006": 0,
"2022": null
},
"relative": {
"2006": 0,
"2022": null
},
"sums": {
"absolute": 0,
"relative": 0.0
}
},
"FAMILJELIV-EXPERT": {
"absolute": {
"2009": 0,
"2023": null
},
"relative": {
"2009": 0,
"2023": null
},
"sums": {
"absolute": 0,
"relative": 0.0
}
},
"FAMILJELIV-FORALDER": {
"absolute": {
"2003": 0,
"2022": null,
"2004": 1101,
"2005": 523,
"2006": 333,
"2007": 107,
"2008": 89,
"2009": 45,
"2010": 10,
"2011": 9,
"2012": 7,
"2013": 0,
"2014": 1,
"2015": 1,
"2016": 0
},
"relative": {
"2003": 0,
"2022": null,
"2004": 68.03709820107689,
"2005": 8.528243929561727,
"2006": 3.343412836143012,
"2007": 1.2480200075102812,
"2008": 1.006677745928178,
"2009": 0.5556034609206304,
"2010": 0.16720798300404424,
"2011": 0.18360266620447754,
"2012": 0.2482414751217713,
"2013": 0.0,
"2014": 0.10497900734790064,
"2015": 0.18703345673177366,
"2016": 0.0
},
"sums": {
"absolute": 2226,
"relative": 83.61012076955069
}
},
"FAMILJELIV-GRAVID": {
"absolute": {
"2003": 0,
"2022": null,
"2004": 61,
"2005": 65,
"2006": 1,
"2007": 1,
"2008": 0,
"2009": 2,
"2010": 20,
"2011": 4,
"2012": 0,
"2014": 4,
"2015": 1,
"2016": 0
},
"relative": {
"2003": 0,
"2022": null,
"2004": 2.353547424868014,
"2005": 1.640965942231536,
"2006": 0.01976043046912151,
"2007": 0.020734852288437224,
"2008": 0.0,
"2009": 0.039210748795514415,
"2010": 0.5427091623498449,
"2011": 0.08687776515636911,
"2012": 0.0,
"2014": 0.2371081905704918,
"2015": 0.08820561292889648,
"2016": 0.0
},
"sums": {
"absolute": 159,
"relative": 5.029120129658225
}
},
"FAMILJELIV-KANSLIGA": {
"absolute": {
"2003": 0,
"2022": null
},
"relative": {
"2003": 0,
"2022": null
},
"sums": {
"absolute": 0,
"relative": 0.0
}
},
"FAMILJELIV-MEDLEM-ALLMANNA": {
"absolute": {
"2006": 0,
"2022": null,
"2009": 1,
"2010": 0
},
"relative": {
"2006": 0,
"2022": null,
"2009": 0.015330779818205775,
"2010": 0.0
},
"sums": {
"absolute": 1,
"relative": 0.015330779818205775
}
},
"FAMILJELIV-MEDLEM-FORALDRAR": {
"absolute": {
"2006": 0,
"2022": null
},
"relative": {
"2006": 0,
"2022": null
},
"sums": {
"absolute": 0,
"relative": 0.0
}
},
"FAMILJELIV-MEDLEM-PLANERARBARN": {
"absolute": {
"2005": 0,
"2021": null
},
"relative": {
"2005": 0,
"2021": null
},
"sums": {
"absolute": 0,
"relative": 0.0
}
},
"FAMILJELIV-MEDLEM-VANTARBARN": {
"absolute": {
"2003": 0,
"2022": null,
"2005": 6,
"2006": 2,
"2007": 0
},
"relative": {
"2003": 0,
"2022": null,
"2005": 0.28941789764137915,
"2006": 0.04691848867384164,
"2007": 0.0
},
"sums": {
"absolute": 8,
"relative": 0.3363363863152208
}
},
"FAMILJELIV-PAPPAGRUPP": {
"absolute": {
"2004": 0,
"2023": null
},
"relative": {
"2004": 0,
"2023": null
},
"sums": {
"absolute": 0,
"relative": 0.0
}
},
"FAMILJELIV-PLANERARBARN": {
"absolute": {
"2003": 0,
"2022": null,
"2004": 1,
"2005": 0,
"2009": 1,
"2010": 0
},
"relative": {
"2003": 0,
"2022": null,
"2004": 0.08047087694586628,
"2005": 0.0,
"2009": 0.06345725265632059,
"2010": 0.0
},
"sums": {
"absolute": 2,
"relative": 0.14392812960218687
}
},
"FAMILJELIV-SEXSAMLEVNAD": {
"absolute": {
"2004": 0,
"2022": null,
"2008": 11,
"2009": 0
},
"relative": {
"2004": 0,
"2022": null,
"2008": 0.7609110318610742,
"2009": 0.0
},
"sums": {
"absolute": 11,
"relative": 0.7609110318610742
}
},
"FAMILJELIV-SVARTATTFABARN": {
"absolute": {
"2003": 0,
"2022": null
},
"relative": {
"2003": 0,
"2022": null
},
"sums": {
"absolute": 0,
"relative": 0.0
}
}
},
"combined": {
"absolute": {
"2003": 0,
"2023": null,
"2004": 1222,
"2005": 606,
"2006": 336,
"2007": 118,
"2008": 125,
"2009": 73,
"2010": 32,
"2011": 15,
"2012": 9,
"2013": 0,
"2014": 5,
"2015": 2,
"2016": 0
},
"relative": {
"2003": 0,
"2023": null,
"2004": 12.668754523027872,
"2005": 2.6078041940118535,
"2006": 0.7162006237301707,
"2007": 0.18583847538026604,
"2008": 0.20072519669094138,
"2009": 0.123049595227008,
"2010": 0.07764248437383736,
"2011": 0.04158548290935487,
"2012": 0.030987478706997047,
"2013": 0.0,
"2014": 0.03609620522327106,
"2015": 0.022526615872451777,
"2016": 0.0
},
"sums": {
"absolute": 2543,
"relative": 0.5694187383058202
}
},
"time": 1053.8043818473816
}
