 
 
 
 
 
 
 
 
 
 
 
 
 
 
 
 
 
 
 
 
 
 
 
 
 
 
 
 
 
 
 
 
 
 
 
 
 
 
 
 
 
 
 
 
 
 
 
 
 
 
 
 
 
 
 
 
 
 
 
 
 
 
 
 
 
 
 
 
 
 
 
 
 
 
 
 
 
 
 
 
 
 
 
 
 
 
 
 
 
 
 
 
 
 
 
 
 
 
 
 
 
 
 
 
 
 
 
 
 
 
 
 
 
 
 
 
 
 
 
 
 
 
 
 
 
 
 
 
 
 
 
 
 
 
 
 
 
 
 
 
 
 
 
 
 
 
 
 
 
 
 
 
 
 
 
 
 
 
 
 
 
 
 
 
 
 
 
 
 
 
 
 
 
 
 
 
 
 
 
 
 
 
 
 
 
 
 
 
 
 
 
 
 
{
"corpora": {
"FAMILJELIV-ADOPTION": {
"absolute": {
"2003": 0,
"2023": null
},
"relative": {
"2003": 0,
"2023": null
},
"sums": {
"absolute": 0,
"relative": 0.0
}
},
"FAMILJELIV-ALLMANNA-EKONOMI": {
"absolute": {
"2003": 0,
"2023": null,
"2006": 1,
"2007": 0
},
"relative": {
"2003": 0,
"2023": null,
"2006": 0.2721177290142808,
"2007": 0.0
},
"sums": {
"absolute": 1,
"relative": 0.2721177290142808
}
},
"FAMILJELIV-ALLMANNA-FAMILJELIV": {
"absolute": {
"2003": 0,
"2023": null,
"2005": 3,
"2006": 0
},
"relative": {
"2003": 0,
"2023": null,
"2005": 0.3629155473746326,
"2006": 0.0
},
"sums": {
"absolute": 3,
"relative": 0.3629155473746326
}
},
"FAMILJELIV-ALLMANNA-FRITID": {
"absolute": {
"2004": 0,
"2023": null
},
"relative": {
"2004": 0,
"2023": null
},
"sums": {
"absolute": 0,
"relative": 0.0
}
},
"FAMILJELIV-ALLMANNA-HUSDJUR": {
"absolute": {
"2003": 0,
"2023": null
},
"relative": {
"2003": 0,
"2023": null
},
"sums": {
"absolute": 0,
"relative": 0.0
}
},
"FAMILJELIV-ALLMANNA-HUSHEM": {
"absolute": {
"2004": 0,
"2023": null,
"2006": 1,
"2007": 0,
"2011": 1,
"2012": 0
},
"relative": {
"2004": 0,
"2023": null,
"2006": 0.10276067583230239,
"2007": 0.0,
"2011": 0.21853710388510894,
"2012": 0.0
},
"sums": {
"absolute": 2,
"relative": 0.32129777971741136
}
},
"FAMILJELIV-ALLMANNA-KROPP": {
"absolute": {
"2003": 0,
"2023": null,
"2005": 2,
"2006": 0
},
"relative": {
"2003": 0,
"2023": null,
"2005": 0.24497375106257366,
"2006": 0.0
},
"sums": {
"absolute": 2,
"relative": 0.24497375106257366
}
},
"FAMILJELIV-ALLMANNA-NOJE": {
"absolute": {
"2003": 0,
"2023": null
},
"relative": {
"2003": 0,
"2023": null
},
"sums": {
"absolute": 0,
"relative": 0.0
}
},
"FAMILJELIV-ALLMANNA-SAMHALLE": {
"absolute": {
"2003": 0,
"2022": null,
"2005": 5,
"2006": 4,
"2007": 0
},
"relative": {
"2003": 0,
"2022": null,
"2005": 0.3835966404606228,
"2006": 0.11881683149729644,
"2007": 0.0
},
"sums": {
"absolute": 9,
"relative": 0.5024134719579192
}
},
"FAMILJELIV-ALLMANNA-SANDLADAN": {
"absolute": {
"2005": 0,
"2022": null
},
"relative": {
"2005": 0,
"2022": null
},
"sums": {
"absolute": 0,
"relative": 0.0
}
},
"FAMILJELIV-ANGLARUM": {
"absolute": {
"2006": 0,
"2022": null
},
"relative": {
"2006": 0,
"2022": null
},
"sums": {
"absolute": 0,
"relative": 0.0
}
},
"FAMILJELIV-EXPERT": {
"absolute": {
"2009": 0,
"2023": null
},
"relative": {
"2009": 0,
"2023": null
},
"sums": {
"absolute": 0,
"relative": 0.0
}
},
"FAMILJELIV-FORALDER": {
"absolute": {
"2003": 0,
"2022": null,
"2010": 2,
"2011": 1,
"2012": 1,
"2013": 0
},
"relative": {
"2003": 0,
"2022": null,
"2010": 0.033441596600808844,
"2011": 0.02040029624494195,
"2012": 0.035463067874538755,
"2013": 0.0
},
"sums": {
"absolute": 4,
"relative": 0.08930496072028954
}
},
"FAMILJELIV-GRAVID": {
"absolute": {
"2003": 0,
"2022": null,
"2007": 4,
"2008": 0,
"2010": 1,
"2011": 0,
"2012": 2,
"2013": 0
},
"relative": {
"2003": 0,
"2022": null,
"2007": 0.0829394091537489,
"2008": 0.0,
"2010": 0.027135458117492246,
"2011": 0.0,
"2012": 0.048473740066306746,
"2013": 0.0
},
"sums": {
"absolute": 7,
"relative": 0.1585486073375479
}
},
"FAMILJELIV-KANSLIGA": {
"absolute": {
"2003": 0,
"2022": null,
"2005": 1,
"2006": 0,
"2007": 1,
"2008": 2,
"2009": 0,
"2010": 4,
"2011": 3,
"2012": 6,
"2013": 0
},
"relative": {
"2003": 0,
"2022": null,
"2005": 0.04971802175372267,
"2006": 0.0,
"2007": 0.012153505089097953,
"2008": 0.023304634724378822,
"2009": 0.0,
"2010": 0.052336849488615333,
"2011": 0.03140050425232432,
"2012": 0.058990575105310715,
"2013": 0.0
},
"sums": {
"absolute": 17,
"relative": 0.2279040904134498
}
},
"FAMILJELIV-MEDLEM-ALLMANNA": {
"absolute": {
"2006": 0,
"2022": null
},
"relative": {
"2006": 0,
"2022": null
},
"sums": {
"absolute": 0,
"relative": 0.0
}
},
"FAMILJELIV-MEDLEM-FORALDRAR": {
"absolute": {
"2006": 0,
"2022": null,
"2008": 1,
"2009": 1,
"2010": 0
},
"relative": {
"2006": 0,
"2022": null,
"2008": 0.01237642388281487,
"2009": 0.01632987203732643,
"2010": 0.0
},
"sums": {
"absolute": 2,
"relative": 0.0287062959201413
}
},
"FAMILJELIV-MEDLEM-PLANERARBARN": {
"absolute": {
"2005": 0,
"2021": null,
"2007": 1,
"2008": 0
},
"relative": {
"2005": 0,
"2021": null,
"2007": 0.02629663099397189,
"2008": 0.0
},
"sums": {
"absolute": 1,
"relative": 0.02629663099397189
}
},
"FAMILJELIV-MEDLEM-VANTARBARN": {
"absolute": {
"2003": 0,
"2023": null
},
"relative": {
"2003": 0,
"2023": null
},
"sums": {
"absolute": 0,
"relative": 0.0
}
},
"FAMILJELIV-PAPPAGRUPP": {
"absolute": {
"2004": 0,
"2023": null
},
"relative": {
"2004": 0,
"2023": null
},
"sums": {
"absolute": 0,
"relative": 0.0
}
},
"FAMILJELIV-PLANERARBARN": {
"absolute": {
"2003": 0,
"2022": null
},
"relative": {
"2003": 0,
"2022": null
},
"sums": {
"absolute": 0,
"relative": 0.0
}
},
"FAMILJELIV-SEXSAMLEVNAD": {
"absolute": {
"2004": 0,
"2022": null
},
"relative": {
"2004": 0,
"2022": null
},
"sums": {
"absolute": 0,
"relative": 0.0
}
},
"FAMILJELIV-SVARTATTFABARN": {
"absolute": {
"2003": 0,
"2022": null
},
"relative": {
"2003": 0,
"2022": null
},
"sums": {
"absolute": 0,
"relative": 0.0
}
}
},
"combined": {
"absolute": {
"2003": 0,
"2023": null,
"2005": 11,
"2006": 6,
"2007": 6,
"2008": 3,
"2009": 1,
"2010": 7,
"2011": 5,
"2012": 9,
"2013": 0
},
"relative": {
"2003": 0,
"2023": null,
"2005": 0.04733634390759264,
"2006": 0.01278929011885633,
"2007": 0.009449412335613435,
"2008": 0.004817400999667553,
"2009": 0.0016856107031546455,
"2010": 0.01698647297512452,
"2011": 0.013861832517070084,
"2012": 0.030987547949959546,
"2013": 0.0
},
"sums": {
"absolute": 48,
"relative": 0.010748064681585448
}
},
"time": 970.2680070400238
}
