 
 
 
 
 
 
 
 
 
 
 
 
 
 
 
 
 
 
 
 
 
 
 
 
 
 
 
 
 
 
 
 
 
 
 
 
 
 
 
 
 
 
 
 
 
 
 
 
 
 
 
 
 
 
 
 
 
 
 
 
 
 
 
 
 
 
 
 
 
 
 
 
 
 
 
 
 
 
 
 
 
 
 
 
 
 
 
 
 
 
 
 
 
 
 
 
 
 
 
 
 
 
 
 
 
 
 
 
 
 
 
 
 
 
 
 
 
 
 
 
 
 
 
 
 
 
 
 
 
 
 
 
 
 
 
 
 
 
 
 
 
 
 
 
 
 
 
 
 
 
 
 
 
 
 
 
 
 
 
 
 
 
 
 
 
 
 
 
 
 
 
 
 
 
 
 
 
 
 
 
 
 
 
 
 
 
 
 
 
 
 
 
 
 
 
 
 
 
 
 
 
 
 
 
 
 
 
 
 
 
 
{
"corpora": {
"FAMILJELIV-ADOPTION": {
"absolute": {
"2003": 0,
"2023": null
},
"relative": {
"2003": 0,
"2023": null
},
"sums": {
"absolute": 0,
"relative": 0.0
}
},
"FAMILJELIV-ALLMANNA-EKONOMI": {
"absolute": {
"2003": 0,
"2023": null,
"2005": 1,
"2006": 0
},
"relative": {
"2003": 0,
"2023": null,
"2005": 0.5859837377793091,
"2006": 0.0
},
"sums": {
"absolute": 1,
"relative": 0.5859837377793091
}
},
"FAMILJELIV-ALLMANNA-FAMILJELIV": {
"absolute": {
"2003": 0,
"2023": null,
"2005": 10,
"2006": 6,
"2007": 0
},
"relative": {
"2003": 0,
"2023": null,
"2005": 1.2097184912487753,
"2006": 0.4012244299670782,
"2007": 0.0
},
"sums": {
"absolute": 16,
"relative": 1.6109429212158535
}
},
"FAMILJELIV-ALLMANNA-FRITID": {
"absolute": {
"2004": 0,
"2023": null
},
"relative": {
"2004": 0,
"2023": null
},
"sums": {
"absolute": 0,
"relative": 0.0
}
},
"FAMILJELIV-ALLMANNA-HUSDJUR": {
"absolute": {
"2003": 0,
"2023": null
},
"relative": {
"2003": 0,
"2023": null
},
"sums": {
"absolute": 0,
"relative": 0.0
}
},
"FAMILJELIV-ALLMANNA-HUSHEM": {
"absolute": {
"2004": 0,
"2023": null,
"2007": 1,
"2008": 0
},
"relative": {
"2004": 0,
"2023": null,
"2007": 0.0794506780122235,
"2008": 0.0
},
"sums": {
"absolute": 1,
"relative": 0.0794506780122235
}
},
"FAMILJELIV-ALLMANNA-KROPP": {
"absolute": {
"2003": 0,
"2023": null,
"2005": 2,
"2006": 0
},
"relative": {
"2003": 0,
"2023": null,
"2005": 0.24497375106257366,
"2006": 0.0
},
"sums": {
"absolute": 2,
"relative": 0.24497375106257366
}
},
"FAMILJELIV-ALLMANNA-NOJE": {
"absolute": {
"2003": 0,
"2023": null,
"2005": 2,
"2006": 0
},
"relative": {
"2003": 0,
"2023": null,
"2005": 0.1938409368410014,
"2006": 0.0
},
"sums": {
"absolute": 2,
"relative": 0.1938409368410014
}
},
"FAMILJELIV-ALLMANNA-SAMHALLE": {
"absolute": {
"2003": 0,
"2022": null,
"2008": 2,
"2009": 0
},
"relative": {
"2003": 0,
"2022": null,
"2008": 0.05677124876877354,
"2009": 0.0
},
"sums": {
"absolute": 2,
"relative": 0.05677124876877354
}
},
"FAMILJELIV-ALLMANNA-SANDLADAN": {
"absolute": {
"2005": 0,
"2022": null
},
"relative": {
"2005": 0,
"2022": null
},
"sums": {
"absolute": 0,
"relative": 0.0
}
},
"FAMILJELIV-ANGLARUM": {
"absolute": {
"2006": 0,
"2022": null
},
"relative": {
"2006": 0,
"2022": null
},
"sums": {
"absolute": 0,
"relative": 0.0
}
},
"FAMILJELIV-EXPERT": {
"absolute": {
"2009": 0,
"2023": null
},
"relative": {
"2009": 0,
"2023": null
},
"sums": {
"absolute": 0,
"relative": 0.0
}
},
"FAMILJELIV-FORALDER": {
"absolute": {
"2003": 0,
"2022": null,
"2005": 3,
"2006": 0,
"2009": 7,
"2010": 0
},
"relative": {
"2003": 0,
"2022": null,
"2005": 0.048919181240315836,
"2006": 0.0,
"2009": 0.08642720503209808,
"2010": 0.0
},
"sums": {
"absolute": 10,
"relative": 0.1353463862724139
}
},
"FAMILJELIV-GRAVID": {
"absolute": {
"2003": 0,
"2022": null,
"2005": 3,
"2006": 6,
"2007": 5,
"2008": 0
},
"relative": {
"2003": 0,
"2022": null,
"2005": 0.0757368896414555,
"2006": 0.11856258281472906,
"2007": 0.10367426144218611,
"2008": 0.0
},
"sums": {
"absolute": 14,
"relative": 0.2979737338983707
}
},
"FAMILJELIV-KANSLIGA": {
"absolute": {
"2003": 0,
"2022": null,
"2006": 1,
"2007": 0
},
"relative": {
"2003": 0,
"2022": null,
"2006": 0.019300387584593355,
"2007": 0.0
},
"sums": {
"absolute": 1,
"relative": 0.019300387584593355
}
},
"FAMILJELIV-MEDLEM-ALLMANNA": {
"absolute": {
"2006": 7,
"2022": null,
"2007": 162,
"2008": 132,
"2009": 51,
"2010": 4,
"2011": 0
},
"relative": {
"2006": 0.2984884332534024,
"2022": null,
"2007": 2.204562887231641,
"2008": 1.838106205860125,
"2009": 0.7818697707284944,
"2010": 0.13908013856693285,
"2011": 0.0
},
"sums": {
"absolute": 356,
"relative": 5.262107435640596
}
},
"FAMILJELIV-MEDLEM-FORALDRAR": {
"absolute": {
"2006": 3,
"2022": null,
"2007": 158,
"2008": 0,
"2009": 18,
"2010": 11,
"2011": 0
},
"relative": {
"2006": 0.14459268193301908,
"2022": null,
"2007": 1.9738246367744168,
"2008": 0.0,
"2009": 0.29393769667187575,
"2010": 0.3648267843885313,
"2011": 0.0
},
"sums": {
"absolute": 190,
"relative": 2.777181799767843
}
},
"FAMILJELIV-MEDLEM-PLANERARBARN": {
"absolute": {
"2005": 0,
"2021": null
},
"relative": {
"2005": 0,
"2021": null
},
"sums": {
"absolute": 0,
"relative": 0.0
}
},
"FAMILJELIV-MEDLEM-VANTARBARN": {
"absolute": {
"2003": 0,
"2022": null,
"2006": 9,
"2007": 1,
"2008": 0
},
"relative": {
"2003": 0,
"2022": null,
"2006": 0.21113319903228742,
"2007": 0.017699676734874083,
"2008": 0.0
},
"sums": {
"absolute": 10,
"relative": 0.2288328757671615
}
},
"FAMILJELIV-PAPPAGRUPP": {
"absolute": {
"2004": 0,
"2023": null
},
"relative": {
"2004": 0,
"2023": null
},
"sums": {
"absolute": 0,
"relative": 0.0
}
},
"FAMILJELIV-PLANERARBARN": {
"absolute": {
"2003": 0,
"2022": null,
"2005": 9,
"2006": 1,
"2007": 0
},
"relative": {
"2003": 0,
"2022": null,
"2005": 0.3989686394690632,
"2006": 0.04429419067515154,
"2007": 0.0
},
"sums": {
"absolute": 10,
"relative": 0.44326283014421475
}
},
"FAMILJELIV-SEXSAMLEVNAD": {
"absolute": {
"2004": 0,
"2022": null
},
"relative": {
"2004": 0,
"2022": null
},
"sums": {
"absolute": 0,
"relative": 0.0
}
},
"FAMILJELIV-SVARTATTFABARN": {
"absolute": {
"2003": 0,
"2022": null,
"2005": 2,
"2006": 16,
"2007": 0
},
"relative": {
"2003": 0,
"2022": null,
"2005": 0.1769663438328645,
"2006": 0.7711884384971677,
"2007": 0.0
},
"sums": {
"absolute": 18,
"relative": 0.9481547823300321
}
}
},
"combined": {
"absolute": {
"2003": 0,
"2023": null,
"2005": 32,
"2006": 49,
"2007": 327,
"2008": 134,
"2009": 76,
"2010": 15,
"2011": 0
},
"relative": {
"2003": 0,
"2023": null,
"2005": 0.13770583202702855,
"2006": 0.10444592429398322,
"2007": 0.5149930631300592,
"2008": 0.21517741085268915,
"2009": 0.12810642790757,
"2010": 0.036394914550236274,
"2011": 0.0
},
"sums": {
"absolute": 633,
"relative": 0.14173891519763437
}
},
"time": 1055.4622435569763
}
