 
 
 
 
 
 
 
 
 
 
 
 
 
 
 
 
 
 
 
 
 
 
 
 
 
 
 
 
 
 
 
 
 
 
 
 
 
 
 
 
 
 
 
 
 
 
 
 
 
 
 
 
 
 
 
 
 
 
 
 
 
 
 
 
 
 
 
 
 
 
 
 
 
 
 
 
 
 
 
 
 
 
 
 
 
 
 
 
 
 
 
 
 
 
 
 
 
 
 
 
 
 
 
 
 
 
 
 
 
 
 
 
 
 
 
 
 
 
 
 
 
 
 
 
 
 
 
 
 
 
 
 
 
 
 
 
 
 
 
 
 
 
 
 
 
 
 
 
 
 
 
 
 
 
 
 
 
 
 
 
 
 
 
 
 
 
 
 
 
 
 
 
 
 
 
 
 
 
 
 
 
 
 
 
 
 
 
 
 
 
 
 
 
 
 
 
 
 
 
 
 
 
 
 
 
 
 
 
 
 
 
 
 
 
{
"corpora": {
"FAMILJELIV-ADOPTION": {
"absolute": {
"2003": 0,
"2023": null
},
"relative": {
"2003": 0,
"2023": null
},
"sums": {
"absolute": 0,
"relative": 0.0
}
},
"FAMILJELIV-ALLMANNA-EKONOMI": {
"absolute": {
"2003": 0,
"2023": null,
"2006": 1,
"2007": 3,
"2008": 2,
"2009": 1,
"2010": 0,
"2012": 1,
"2013": 0
},
"relative": {
"2003": 0,
"2023": null,
"2006": 0.2721177290142808,
"2007": 0.5614839947115694,
"2008": 0.26341396083455865,
"2009": 0.13592894178639173,
"2010": 0.0,
"2012": 0.3444981746764215,
"2013": 0.0
},
"sums": {
"absolute": 8,
"relative": 1.5774428010232222
}
},
"FAMILJELIV-ALLMANNA-FAMILJELIV": {
"absolute": {
"2003": 0,
"2023": null,
"2007": 4,
"2008": 2,
"2009": 0,
"2010": 1,
"2011": 0
},
"relative": {
"2003": 0,
"2023": null,
"2007": 0.38655978031034566,
"2008": 0.26025488843263317,
"2009": 0.0,
"2010": 0.15901476992789,
"2011": 0.0
},
"sums": {
"absolute": 7,
"relative": 0.8058294386708688
}
},
"FAMILJELIV-ALLMANNA-FRITID": {
"absolute": {
"2004": 0,
"2023": null,
"2009": 1,
"2010": 0
},
"relative": {
"2004": 0,
"2023": null,
"2009": 0.23273149743867352,
"2010": 0.0
},
"sums": {
"absolute": 1,
"relative": 0.23273149743867352
}
},
"FAMILJELIV-ALLMANNA-HUSDJUR": {
"absolute": {
"2003": 0,
"2023": null,
"2007": 3,
"2008": 1,
"2009": 0
},
"relative": {
"2003": 0,
"2023": null,
"2007": 0.3343779299866115,
"2008": 0.13288369036080314,
"2009": 0.0
},
"sums": {
"absolute": 4,
"relative": 0.4672616203474146
}
},
"FAMILJELIV-ALLMANNA-HUSHEM": {
"absolute": {
"2004": 0,
"2023": null,
"2007": 2,
"2008": 3,
"2009": 0,
"2011": 2,
"2012": 1,
"2013": 0
},
"relative": {
"2004": 0,
"2023": null,
"2007": 0.158901356024447,
"2008": 0.2363421607392972,
"2009": 0.0,
"2011": 0.4370742077702179,
"2012": 0.2802558623921295,
"2013": 0.0
},
"sums": {
"absolute": 8,
"relative": 1.1125735869260915
}
},
"FAMILJELIV-ALLMANNA-KROPP": {
"absolute": {
"2003": 0,
"2023": null,
"2007": 1,
"2008": 1,
"2009": 4,
"2010": 1,
"2011": 0,
"2012": 4,
"2013": 2,
"2014": 2,
"2015": 0
},
"relative": {
"2003": 0,
"2023": null,
"2007": 0.05492837724106406,
"2008": 0.060142240006148935,
"2009": 0.19943797381788253,
"2010": 0.07919659803093498,
"2011": 0.0,
"2012": 0.42541859062224274,
"2013": 0.3175486262211332,
"2014": 0.5013386996627746,
"2015": 0.0
},
"sums": {
"absolute": 15,
"relative": 1.6380111056021809
}
},
"FAMILJELIV-ALLMANNA-NOJE": {
"absolute": {
"2003": 0,
"2023": null,
"2007": 2,
"2008": 2,
"2009": 4,
"2010": 0
},
"relative": {
"2003": 0,
"2023": null,
"2007": 0.1571434587778136,
"2008": 0.15568157979439912,
"2009": 0.32070652931233623,
"2010": 0.0
},
"sums": {
"absolute": 8,
"relative": 0.633531567884549
}
},
"FAMILJELIV-ALLMANNA-SAMHALLE": {
"absolute": {
"2003": 0,
"2022": null,
"2006": 7,
"2007": 3,
"2008": 26,
"2009": 23,
"2010": 2,
"2011": 3,
"2012": 3,
"2013": 1,
"2014": 0
},
"relative": {
"2003": 0,
"2022": null,
"2006": 0.20792945512026878,
"2007": 0.07918854756219904,
"2008": 0.7380262339940561,
"2009": 0.5681901557547558,
"2010": 0.06678327248653723,
"2011": 0.09571524943011141,
"2012": 0.12971567275779758,
"2013": 0.06433104653617842,
"2014": 0.0
},
"sums": {
"absolute": 68,
"relative": 1.949879633641904
}
},
"FAMILJELIV-ALLMANNA-SANDLADAN": {
"absolute": {
"2005": 0,
"2022": null,
"2006": 6,
"2007": 0,
"2008": 1,
"2009": 0
},
"relative": {
"2005": 0,
"2022": null,
"2006": 0.9368386504651872,
"2007": 0.0,
"2008": 0.30672870765993604,
"2009": 0.0
},
"sums": {
"absolute": 7,
"relative": 1.2435673581251232
}
},
"FAMILJELIV-ANGLARUM": {
"absolute": {
"2006": 0,
"2022": null
},
"relative": {
"2006": 0,
"2022": null
},
"sums": {
"absolute": 0,
"relative": 0.0
}
},
"FAMILJELIV-EXPERT": {
"absolute": {
"2009": 0,
"2023": null
},
"relative": {
"2009": 0,
"2023": null
},
"sums": {
"absolute": 0,
"relative": 0.0
}
},
"FAMILJELIV-FORALDER": {
"absolute": {
"2003": 0,
"2022": null,
"2006": 1,
"2007": 1,
"2008": 4,
"2009": 2,
"2010": 0,
"2016": 1,
"2017": 1,
"2018": 0,
"2020": 2,
"2021": 2
},
"relative": {
"2003": 0,
"2022": null,
"2006": 0.010040278787216252,
"2007": 0.011663738387946553,
"2008": 0.04524394363722148,
"2009": 0.024693487152028022,
"2010": 0.0,
"2016": 0.25828160598469474,
"2017": 0.3135338779625816,
"2018": 0.0,
"2020": 1.3035098959212523,
"2021": 1.5054595490546467
},
"sums": {
"absolute": 14,
"relative": 3.472426376887588
}
},
"FAMILJELIV-GRAVID": {
"absolute": {
"2003": 0,
"2022": null,
"2016": 3,
"2017": 0
},
"relative": {
"2003": 0,
"2022": null,
"2016": 0.4432181419231767,
"2017": 0.0
},
"sums": {
"absolute": 3,
"relative": 0.4432181419231767
}
},
"FAMILJELIV-KANSLIGA": {
"absolute": {
"2003": 0,
"2022": null,
"2006": 2,
"2007": 4,
"2008": 0,
"2009": 2,
"2010": 1,
"2011": 1,
"2012": 2,
"2013": 5,
"2014": 2,
"2015": 1,
"2016": 3,
"2017": 0,
"2018": 1,
"2019": 0,
"2021": 3
},
"relative": {
"2003": 0,
"2022": null,
"2006": 0.03860077516918671,
"2007": 0.04861402035639181,
"2008": 0.0,
"2009": 0.020847544844059217,
"2010": 0.013084212372153833,
"2011": 0.010466834750774773,
"2012": 0.01966352503510357,
"2013": 0.05742478857226494,
"2014": 0.03475869290143896,
"2015": 0.027893801269329742,
"2016": 0.10014837649633776,
"2017": 0.0,
"2018": 0.03333643139902469,
"2019": 0.0,
"2021": 0.12198880793350146
},
"sums": {
"absolute": 27,
"relative": 0.5268278110995674
}
},
"FAMILJELIV-MEDLEM-ALLMANNA": {
"absolute": {
"2006": 0,
"2022": null,
"2008": 3,
"2009": 2,
"2010": 0
},
"relative": {
"2006": 0,
"2022": null,
"2008": 0.04177514104227557,
"2009": 0.03066155963641155,
"2010": 0.0
},
"sums": {
"absolute": 5,
"relative": 0.07243670067868711
}
},
"FAMILJELIV-MEDLEM-FORALDRAR": {
"absolute": {
"2006": 0,
"2022": null
},
"relative": {
"2006": 0,
"2022": null
},
"sums": {
"absolute": 0,
"relative": 0.0
}
},
"FAMILJELIV-MEDLEM-PLANERARBARN": {
"absolute": {
"2005": 0,
"2021": null
},
"relative": {
"2005": 0,
"2021": null
},
"sums": {
"absolute": 0,
"relative": 0.0
}
},
"FAMILJELIV-MEDLEM-VANTARBARN": {
"absolute": {
"2003": 0,
"2022": null
},
"relative": {
"2003": 0,
"2022": null
},
"sums": {
"absolute": 0,
"relative": 0.0
}
},
"FAMILJELIV-PAPPAGRUPP": {
"absolute": {
"2004": 0,
"2023": null
},
"relative": {
"2004": 0,
"2023": null
},
"sums": {
"absolute": 0,
"relative": 0.0
}
},
"FAMILJELIV-PLANERARBARN": {
"absolute": {
"2003": 0,
"2022": null
},
"relative": {
"2003": 0,
"2022": null
},
"sums": {
"absolute": 0,
"relative": 0.0
}
},
"FAMILJELIV-SEXSAMLEVNAD": {
"absolute": {
"2004": 0,
"2022": null
},
"relative": {
"2004": 0,
"2022": null
},
"sums": {
"absolute": 0,
"relative": 0.0
}
},
"FAMILJELIV-SVARTATTFABARN": {
"absolute": {
"2003": 0,
"2022": null
},
"relative": {
"2003": 0,
"2022": null
},
"sums": {
"absolute": 0,
"relative": 0.0
}
}
},
"combined": {
"absolute": {
"2003": 0,
"2023": null,
"2006": 17,
"2007": 23,
"2008": 45,
"2009": 39,
"2010": 5,
"2011": 6,
"2012": 11,
"2013": 8,
"2014": 4,
"2015": 1,
"2016": 7,
"2017": 1,
"2018": 1,
"2019": 0,
"2020": 2,
"2021": 5,
"2022": 0
},
"relative": {
"2003": 0,
"2023": null,
"2006": 0.036236341081586014,
"2007": 0.03622275367581457,
"2008": 0.0722610708087389,
"2009": 0.06573882484730566,
"2010": 0.01213163818341209,
"2011": 0.01663419316374195,
"2012": 0.03787358508632972,
"2013": 0.038506491087335705,
"2014": 0.028876964178616845,
"2015": 0.011263307936225889,
"2016": 0.10948268991086357,
"2017": 0.01624973133100461,
"2018": 0.017691844165990542,
"2019": 0.0,
"2020": 0.04797347335574878,
"2021": 0.12286398202804645,
"2022": 0.0
},
"sums": {
"absolute": 175,
"relative": 0.039185324106770954
}
},
"time": 1073.2228858470917
}
