 
 
 
 
 
 
 
 
 
 
 
 
 
 
 
 
 
 
 
 
 
 
 
 
 
 
 
 
 
 
 
 
 
 
 
 
 
 
 
 
 
 
 
 
 
 
 
 
 
 
 
 
 
 
 
 
 
 
 
 
 
 
 
 
 
 
 
 
 
 
 
 
 
 
 
 
 
 
 
 
 
 
 
 
 
 
 
 
 
 
 
 
 
 
 
 
 
 
 
 
 
 
 
 
 
 
 
 
 
 
 
 
 
 
 
 
 
 
 
 
 
 
 
 
 
 
 
 
 
 
 
 
 
 
 
 
 
 
 
 
 
 
 
 
 
 
 
 
 
 
 
 
 
 
 
 
 
 
 
 
 
 
 
 
 
 
 
 
 
 
 
 
 
 
 
 
 
 
 
 
 
 
 
 
 
 
 
 
 
 
 
 
 
 
 
 
 
 
 
 
 
 
 
 
 
 
 
 
 
 
 
 
 
 
 
 
 
 
 
 
 
 
 
 
 
 
 
 
 
 
{
"corpora": {
"FAMILJELIV-ADOPTION": {
"absolute": {
"2003": 0,
"2023": null
},
"relative": {
"2003": 0,
"2023": null
},
"sums": {
"absolute": 0,
"relative": 0.0
}
},
"FAMILJELIV-ALLMANNA-EKONOMI": {
"absolute": {
"2003": 0,
"2023": null,
"2007": 2,
"2008": 13,
"2009": 0
},
"relative": {
"2003": 0,
"2023": null,
"2007": 0.3743226631410463,
"2008": 1.7121907454246312,
"2009": 0.0
},
"sums": {
"absolute": 15,
"relative": 2.0865134085656774
}
},
"FAMILJELIV-ALLMANNA-FAMILJELIV": {
"absolute": {
"2003": 0,
"2023": null,
"2007": 4,
"2008": 1,
"2009": 0,
"2013": 1,
"2014": 2,
"2015": 0
},
"relative": {
"2003": 0,
"2023": null,
"2007": 0.38655978031034566,
"2008": 0.13012744421631658,
"2009": 0.0,
"2013": 1.1475680737381342,
"2014": 1.8724084696524717,
"2015": 0.0
},
"sums": {
"absolute": 8,
"relative": 3.5366637679172683
}
},
"FAMILJELIV-ALLMANNA-FRITID": {
"absolute": {
"2004": 0,
"2023": null,
"2007": 1,
"2008": 1,
"2009": 0,
"2014": 1,
"2015": 0
},
"relative": {
"2004": 0,
"2023": null,
"2007": 0.18950534556678775,
"2008": 0.18578116427940966,
"2009": 0.0,
"2014": 1.3097096635617815,
"2015": 0.0
},
"sums": {
"absolute": 3,
"relative": 1.684996173407979
}
},
"FAMILJELIV-ALLMANNA-HUSDJUR": {
"absolute": {
"2003": 0,
"2023": null,
"2008": 1,
"2009": 0
},
"relative": {
"2003": 0,
"2023": null,
"2008": 0.13288369036080314,
"2009": 0.0
},
"sums": {
"absolute": 1,
"relative": 0.13288369036080314
}
},
"FAMILJELIV-ALLMANNA-HUSHEM": {
"absolute": {
"2004": 0,
"2023": null,
"2007": 2,
"2008": 8,
"2009": 0,
"2013": 1,
"2014": 0
},
"relative": {
"2004": 0,
"2023": null,
"2007": 0.158901356024447,
"2008": 0.6302457619714591,
"2009": 0.0,
"2013": 0.410146701272111,
"2014": 0.0
},
"sums": {
"absolute": 11,
"relative": 1.1992938192680171
}
},
"FAMILJELIV-ALLMANNA-KROPP": {
"absolute": {
"2003": 0,
"2023": null,
"2007": 4,
"2008": 12,
"2009": 5,
"2010": 0,
"2012": 3,
"2013": 1,
"2014": 0,
"2015": 1,
"2016": 0
},
"relative": {
"2003": 0,
"2023": null,
"2007": 0.21971350896425623,
"2008": 0.7217068800737874,
"2009": 0.24929746727235313,
"2010": 0.0,
"2012": 0.31906394296668206,
"2013": 0.1587743131105666,
"2014": 0.0,
"2015": 0.40566075240333715,
"2016": 0.0
},
"sums": {
"absolute": 26,
"relative": 2.074216864790982
}
},
"FAMILJELIV-ALLMANNA-NOJE": {
"absolute": {
"2003": 0,
"2023": null,
"2013": 1,
"2014": 0
},
"relative": {
"2003": 0,
"2023": null,
"2013": 0.39935639723022376,
"2014": 0.0
},
"sums": {
"absolute": 1,
"relative": 0.39935639723022376
}
},
"FAMILJELIV-ALLMANNA-SAMHALLE": {
"absolute": {
"2003": 0,
"2022": null,
"2007": 14,
"2008": 23,
"2009": 0,
"2012": 10,
"2013": 0,
"2015": 2,
"2016": 0
},
"relative": {
"2003": 0,
"2022": null,
"2007": 0.36954655529026215,
"2008": 0.6528693608408958,
"2009": 0.0,
"2012": 0.43238557585932524,
"2013": 0.0,
"2015": 0.21821594715595338,
"2016": 0.0
},
"sums": {
"absolute": 49,
"relative": 1.6730174391464367
}
},
"FAMILJELIV-ALLMANNA-SANDLADAN": {
"absolute": {
"2005": 0,
"2022": null,
"2008": 5,
"2009": 0
},
"relative": {
"2005": 0,
"2022": null,
"2008": 1.53364353829968,
"2009": 0.0
},
"sums": {
"absolute": 5,
"relative": 1.53364353829968
}
},
"FAMILJELIV-ANGLARUM": {
"absolute": {
"2006": 0,
"2022": null
},
"relative": {
"2006": 0,
"2022": null
},
"sums": {
"absolute": 0,
"relative": 0.0
}
},
"FAMILJELIV-EXPERT": {
"absolute": {
"2009": 0,
"2023": null
},
"relative": {
"2009": 0,
"2023": null
},
"sums": {
"absolute": 0,
"relative": 0.0
}
},
"FAMILJELIV-FORALDER": {
"absolute": {
"2003": 0,
"2022": null,
"2007": 266,
"2008": 134,
"2009": 7,
"2010": 10,
"2011": 0,
"2012": 17,
"2013": 1,
"2014": 2,
"2015": 2,
"2016": 0
},
"relative": {
"2003": 0,
"2022": null,
"2007": 3.102554411193783,
"2008": 1.5156721118469196,
"2009": 0.08642720503209808,
"2010": 0.16720798300404424,
"2011": 0.0,
"2012": 0.6028721538671589,
"2013": 0.05947845720019437,
"2014": 0.20995801469580128,
"2015": 0.3740669134635473,
"2016": 0.0
},
"sums": {
"absolute": 439,
"relative": 6.1182372503035465
}
},
"FAMILJELIV-GRAVID": {
"absolute": {
"2003": 0,
"2022": null,
"2007": 10,
"2008": 5,
"2009": 0,
"2012": 14,
"2013": 42,
"2014": 0
},
"relative": {
"2003": 0,
"2022": null,
"2007": 0.20734852288437222,
"2008": 0.1069883644162349,
"2009": 0.0,
"2012": 0.33931618046414724,
"2013": 1.5307285557229842,
"2014": 0.0
},
"sums": {
"absolute": 71,
"relative": 2.1843816234877385
}
},
"FAMILJELIV-KANSLIGA": {
"absolute": {
"2003": 0,
"2022": null,
"2007": 54,
"2008": 21,
"2009": 1,
"2010": 2,
"2011": 0,
"2012": 83,
"2013": 76,
"2014": 4,
"2015": 27,
"2016": 0
},
"relative": {
"2003": 0,
"2022": null,
"2007": 0.6562892748112894,
"2008": 0.24469866460597764,
"2009": 0.010423772422029609,
"2010": 0.026168424744307667,
"2011": 0.0,
"2012": 0.8160362889567981,
"2013": 0.872856786298427,
"2014": 0.06951738580287792,
"2015": 0.753132634271903,
"2016": 0.0
},
"sums": {
"absolute": 268,
"relative": 3.4491232319136103
}
},
"FAMILJELIV-MEDLEM-ALLMANNA": {
"absolute": {
"2006": 0,
"2022": null,
"2008": 1,
"2009": 0
},
"relative": {
"2006": 0,
"2022": null,
"2008": 0.013925047014091854,
"2009": 0.0
},
"sums": {
"absolute": 1,
"relative": 0.013925047014091854
}
},
"FAMILJELIV-MEDLEM-FORALDRAR": {
"absolute": {
"2006": 0,
"2022": null,
"2007": 14,
"2008": 6,
"2009": 0
},
"relative": {
"2006": 0,
"2022": null,
"2007": 0.174895853891404,
"2008": 0.07425854329688922,
"2009": 0.0
},
"sums": {
"absolute": 20,
"relative": 0.24915439718829321
}
},
"FAMILJELIV-MEDLEM-PLANERARBARN": {
"absolute": {
"2005": 0,
"2021": null
},
"relative": {
"2005": 0,
"2021": null
},
"sums": {
"absolute": 0,
"relative": 0.0
}
},
"FAMILJELIV-MEDLEM-VANTARBARN": {
"absolute": {
"2003": 0,
"2023": null
},
"relative": {
"2003": 0,
"2023": null
},
"sums": {
"absolute": 0,
"relative": 0.0
}
},
"FAMILJELIV-PAPPAGRUPP": {
"absolute": {
"2004": 0,
"2023": null
},
"relative": {
"2004": 0,
"2023": null
},
"sums": {
"absolute": 0,
"relative": 0.0
}
},
"FAMILJELIV-PLANERARBARN": {
"absolute": {
"2003": 0,
"2022": null
},
"relative": {
"2003": 0,
"2022": null
},
"sums": {
"absolute": 0,
"relative": 0.0
}
},
"FAMILJELIV-SEXSAMLEVNAD": {
"absolute": {
"2004": 0,
"2022": null,
"2007": 8,
"2008": 0,
"2009": 1,
"2010": 0,
"2012": 1,
"2013": 15,
"2014": 1,
"2015": 0
},
"relative": {
"2004": 0,
"2022": null,
"2007": 0.628827496111095,
"2008": 0.0,
"2009": 0.06881835985753498,
"2010": 0.0,
"2012": 0.06738417788506537,
"2013": 1.0192234373555038,
"2014": 0.08975253968273914,
"2015": 0.0
},
"sums": {
"absolute": 26,
"relative": 1.8740060108919385
}
},
"FAMILJELIV-SVARTATTFABARN": {
"absolute": {
"2003": 0,
"2022": null,
"2008": 1,
"2009": 0
},
"relative": {
"2003": 0,
"2022": null,
"2008": 0.036850422403494364,
"2009": 0.0
},
"sums": {
"absolute": 1,
"relative": 0.036850422403494364
}
}
},
"combined": {
"absolute": {
"2003": 0,
"2023": null,
"2007": 379,
"2008": 232,
"2009": 14,
"2010": 12,
"2011": 0,
"2012": 128,
"2013": 138,
"2014": 10,
"2015": 32,
"2016": 0
},
"relative": {
"2003": 0,
"2023": null,
"2007": 0.5968878791995821,
"2008": 0.37254567730762406,
"2009": 0.023598549844165036,
"2010": 0.029119667957356314,
"2011": 0.0,
"2012": 0.4407117930660913,
"2013": 0.664236370187362,
"2014": 0.07218718136126977,
"2015": 0.36042585395922844,
"2016": 0.0
},
"sums": {
"absolute": 945,
"relative": 0.21160252341871352
}
},
"time": 1150.7205398082733
}
