 
 
 
 
 
 
 
 
 
 
 
 
 
 
 
 
 
 
 
 
 
 
 
 
 
 
 
 
 
 
 
 
 
 
 
 
 
 
 
 
 
 
 
 
 
 
 
 
 
 
 
 
 
 
 
 
 
 
 
 
 
 
 
 
 
 
 
 
 
 
 
 
 
 
 
 
 
 
 
 
 
 
 
 
 
 
 
 
 
 
 
 
 
 
 
 
 
 
 
 
 
 
 
 
 
 
 
 
 
 
 
 
 
 
 
 
 
 
 
 
 
 
 
 
 
 
 
 
 
 
 
 
 
 
 
 
 
 
 
 
 
 
 
 
 
 
 
 
 
 
 
 
 
 
 
 
 
 
 
 
 
 
 
 
 
 
 
 
 
 
 
 
 
 
 
 
 
 
 
 
 
 
 
 
 
 
 
 
 
 
 
 
 
 
 
 
 
 
 
 
 
 
 
 
 
 
 
 
 
 
 
 
 
 
 
 
 
 
 
 
{
"corpora": {
"FAMILJELIV-ADOPTION": {
"absolute": {
"2003": 0,
"2023": null
},
"relative": {
"2003": 0,
"2023": null
},
"sums": {
"absolute": 0,
"relative": 0.0
}
},
"FAMILJELIV-ALLMANNA-EKONOMI": {
"absolute": {
"2003": 0,
"2023": null,
"2008": 1,
"2009": 1,
"2010": 1,
"2011": 3,
"2012": 0
},
"relative": {
"2003": 0,
"2023": null,
"2008": 0.13170698041727932,
"2009": 0.13592894178639173,
"2010": 0.18564286360057675,
"2011": 0.7327177527253437,
"2012": 0.0
},
"sums": {
"absolute": 6,
"relative": 1.1859965385295914
}
},
"FAMILJELIV-ALLMANNA-FAMILJELIV": {
"absolute": {
"2003": 0,
"2023": null,
"2008": 1,
"2009": 1,
"2010": 0
},
"relative": {
"2003": 0,
"2023": null,
"2008": 0.13012744421631658,
"2009": 0.1307822254923591,
"2010": 0.0
},
"sums": {
"absolute": 2,
"relative": 0.2609096697086757
}
},
"FAMILJELIV-ALLMANNA-FRITID": {
"absolute": {
"2004": 0,
"2023": null,
"2008": 1,
"2009": 0,
"2011": 1,
"2012": 0,
"2013": 1,
"2014": 0
},
"relative": {
"2004": 0,
"2023": null,
"2008": 0.18578116427940966,
"2009": 0.0,
"2011": 0.3917365524676269,
"2012": 0.0,
"2013": 0.8603223627893372,
"2014": 0.0
},
"sums": {
"absolute": 3,
"relative": 1.4378400795363737
}
},
"FAMILJELIV-ALLMANNA-HUSDJUR": {
"absolute": {
"2003": 0,
"2023": null,
"2008": 1,
"2009": 0,
"2011": 1,
"2012": 1,
"2013": 0,
"2015": 1,
"2016": 0,
"2018": 1,
"2019": 0
},
"relative": {
"2003": 0,
"2023": null,
"2008": 0.13288369036080314,
"2009": 0.0,
"2011": 0.2467692963718991,
"2012": 0.3501157832895338,
"2013": 0.0,
"2015": 1.9872656020222415,
"2016": 0.0,
"2018": 3.378777896035004,
"2019": 0.0
},
"sums": {
"absolute": 5,
"relative": 6.095812268079481
}
},
"FAMILJELIV-ALLMANNA-HUSHEM": {
"absolute": {
"2004": 0,
"2023": null,
"2008": 3,
"2009": 2,
"2010": 1,
"2011": 3,
"2012": 2,
"2013": 0,
"2015": 1,
"2016": 1,
"2017": 0
},
"relative": {
"2004": 0,
"2023": null,
"2008": 0.2363421607392972,
"2009": 0.21624141710785322,
"2010": 0.18253871189732562,
"2011": 0.6556113116553268,
"2012": 0.560511724784259,
"2013": 0.0,
"2015": 1.1287497065250764,
"2016": 1.4865578010837006,
"2017": 0.0
},
"sums": {
"absolute": 13,
"relative": 4.466552833792839
}
},
"FAMILJELIV-ALLMANNA-KROPP": {
"absolute": {
"2003": 0,
"2023": null,
"2008": 1,
"2009": 0,
"2010": 1,
"2011": 1,
"2012": 1,
"2013": 0,
"2014": 2,
"2015": 0
},
"relative": {
"2003": 0,
"2023": null,
"2008": 0.060142240006148935,
"2009": 0.0,
"2010": 0.07919659803093498,
"2011": 0.0782935452061058,
"2012": 0.10635464765556069,
"2013": 0.0,
"2014": 0.5013386996627746,
"2015": 0.0
},
"sums": {
"absolute": 6,
"relative": 0.8253257305615249
}
},
"FAMILJELIV-ALLMANNA-NOJE": {
"absolute": {
"2003": 0,
"2023": null,
"2008": 3,
"2009": 1,
"2010": 0,
"2013": 1,
"2014": 0
},
"relative": {
"2003": 0,
"2023": null,
"2008": 0.23352236969159867,
"2009": 0.08017663232808406,
"2010": 0.0,
"2013": 0.39935639723022376,
"2014": 0.0
},
"sums": {
"absolute": 5,
"relative": 0.7130553992499065
}
},
"FAMILJELIV-ALLMANNA-SAMHALLE": {
"absolute": {
"2003": 0,
"2022": null,
"2008": 7,
"2009": 7,
"2010": 0,
"2011": 1,
"2012": 2,
"2013": 0,
"2014": 1,
"2015": 0,
"2018": 1,
"2019": 0
},
"relative": {
"2003": 0,
"2022": null,
"2008": 0.1986993706907074,
"2009": 0.1729274387079692,
"2010": 0.0,
"2011": 0.03190508314337047,
"2012": 0.08647711517186506,
"2013": 0.0,
"2014": 0.07474347665096007,
"2015": 0.0,
"2018": 0.3473466881187981,
"2019": 0.0
},
"sums": {
"absolute": 19,
"relative": 0.9120991724836703
}
},
"FAMILJELIV-ALLMANNA-SANDLADAN": {
"absolute": {
"2005": 0,
"2022": null
},
"relative": {
"2005": 0,
"2022": null
},
"sums": {
"absolute": 0,
"relative": 0.0
}
},
"FAMILJELIV-ANGLARUM": {
"absolute": {
"2006": 0,
"2022": null
},
"relative": {
"2006": 0,
"2022": null
},
"sums": {
"absolute": 0,
"relative": 0.0
}
},
"FAMILJELIV-EXPERT": {
"absolute": {
"2009": 0,
"2023": null
},
"relative": {
"2009": 0,
"2023": null
},
"sums": {
"absolute": 0,
"relative": 0.0
}
},
"FAMILJELIV-FORALDER": {
"absolute": {
"2003": 0,
"2022": null,
"2008": 21,
"2009": 10,
"2010": 7,
"2011": 6,
"2012": 3,
"2013": 4,
"2014": 0,
"2016": 2,
"2017": 1,
"2018": 0
},
"relative": {
"2003": 0,
"2022": null,
"2008": 0.23753070409541277,
"2009": 0.12346743576014012,
"2010": 0.11704558810283097,
"2011": 0.12240177746965171,
"2012": 0.10638920362361627,
"2013": 0.2379138288007775,
"2014": 0.0,
"2016": 0.5165632119693895,
"2017": 0.3135338779625816,
"2018": 0.0
},
"sums": {
"absolute": 54,
"relative": 1.7748456277844005
}
},
"FAMILJELIV-GRAVID": {
"absolute": {
"2003": 0,
"2022": null,
"2004": 1,
"2005": 0,
"2008": 1,
"2009": 1,
"2010": 1,
"2011": 2,
"2012": 2,
"2013": 1,
"2014": 0,
"2016": 1,
"2017": 0
},
"relative": {
"2003": 0,
"2022": null,
"2004": 0.038582744669967445,
"2005": 0.0,
"2008": 0.02139767288324698,
"2009": 0.019605374397757207,
"2010": 0.027135458117492246,
"2011": 0.043438882578184554,
"2012": 0.048473740066306746,
"2013": 0.03644591799340438,
"2014": 0.0,
"2016": 0.1477393806410589,
"2017": 0.0
},
"sums": {
"absolute": 10,
"relative": 0.3828191713474185
}
},
"FAMILJELIV-KANSLIGA": {
"absolute": {
"2003": 0,
"2022": null,
"2008": 26,
"2009": 11,
"2010": 4,
"2011": 7,
"2012": 7,
"2013": 3,
"2014": 3,
"2015": 2,
"2016": 4,
"2017": 6,
"2018": 2,
"2019": 0
},
"relative": {
"2003": 0,
"2022": null,
"2008": 0.30296025141692473,
"2009": 0.1146614966423257,
"2010": 0.052336849488615333,
"2011": 0.07326784325542342,
"2012": 0.0688223376228625,
"2013": 0.03445487314335897,
"2014": 0.052138039352158445,
"2015": 0.055787602538659484,
"2016": 0.13353116866178366,
"2017": 0.1934314608985233,
"2018": 0.06667286279804938,
"2019": 0.0
},
"sums": {
"absolute": 75,
"relative": 1.1480647858186848
}
},
"FAMILJELIV-MEDLEM-ALLMANNA": {
"absolute": {
"2006": 0,
"2022": null
},
"relative": {
"2006": 0,
"2022": null
},
"sums": {
"absolute": 0,
"relative": 0.0
}
},
"FAMILJELIV-MEDLEM-FORALDRAR": {
"absolute": {
"2006": 0,
"2022": null
},
"relative": {
"2006": 0,
"2022": null
},
"sums": {
"absolute": 0,
"relative": 0.0
}
},
"FAMILJELIV-MEDLEM-PLANERARBARN": {
"absolute": {
"2005": 0,
"2021": null
},
"relative": {
"2005": 0,
"2021": null
},
"sums": {
"absolute": 0,
"relative": 0.0
}
},
"FAMILJELIV-MEDLEM-VANTARBARN": {
"absolute": {
"2003": 0,
"2022": null
},
"relative": {
"2003": 0,
"2022": null
},
"sums": {
"absolute": 0,
"relative": 0.0
}
},
"FAMILJELIV-PAPPAGRUPP": {
"absolute": {
"2004": 0,
"2023": null
},
"relative": {
"2004": 0,
"2023": null
},
"sums": {
"absolute": 0,
"relative": 0.0
}
},
"FAMILJELIV-PLANERARBARN": {
"absolute": {
"2003": 0,
"2022": null,
"2008": 4,
"2009": 0
},
"relative": {
"2003": 0,
"2022": null,
"2008": 0.3456847950974982,
"2009": 0.0
},
"sums": {
"absolute": 4,
"relative": 0.3456847950974982
}
},
"FAMILJELIV-SEXSAMLEVNAD": {
"absolute": {
"2004": 0,
"2022": null,
"2008": 2,
"2009": 1,
"2010": 0,
"2013": 1,
"2014": 2,
"2015": 0
},
"relative": {
"2004": 0,
"2022": null,
"2008": 0.13834746033837714,
"2009": 0.06881835985753498,
"2010": 0.0,
"2013": 0.06794822915703358,
"2014": 0.17950507936547827,
"2015": 0.0
},
"sums": {
"absolute": 6,
"relative": 0.45461912871842397
}
},
"FAMILJELIV-SVARTATTFABARN": {
"absolute": {
"2003": 0,
"2022": null,
"2008": 1,
"2009": 0
},
"relative": {
"2003": 0,
"2022": null,
"2008": 0.036850422403494364,
"2009": 0.0
},
"sums": {
"absolute": 1,
"relative": 0.036850422403494364
}
}
},
"combined": {
"absolute": {
"2003": 0,
"2023": null,
"2004": 1,
"2005": 0,
"2008": 73,
"2009": 35,
"2010": 15,
"2011": 25,
"2012": 18,
"2013": 11,
"2014": 8,
"2015": 4,
"2016": 8,
"2017": 7,
"2018": 4,
"2019": 0
},
"relative": {
"2003": 0,
"2023": null,
"2004": 0.010367229560579273,
"2005": 0.0,
"2008": 0.11722351486750977,
"2009": 0.058996381273223014,
"2010": 0.036394914550236274,
"2011": 0.06930913818225812,
"2012": 0.06197495741399409,
"2013": 0.052946425245086595,
"2014": 0.05775392835723369,
"2015": 0.045053231744903555,
"2016": 0.12512307418384408,
"2017": 0.11374811931703224,
"2018": 0.07076737666396217,
"2019": 0.0
},
"sums": {
"absolute": 209,
"relative": 0.046798472790372164
}
},
"time": 1103.869453907013
}
