 
 
 
 
 
 
 
 
 
 
 
 
 
 
 
 
 
 
 
 
 
 
 
 
 
 
 
 
 
 
 
 
 
 
 
 
 
 
 
 
 
 
 
 
 
 
 
 
 
 
 
 
 
 
 
 
 
 
 
 
 
 
 
 
 
 
 
 
 
 
 
 
 
 
 
 
 
 
 
 
 
 
 
 
 
 
 
 
 
 
 
 
 
 
 
 
 
 
 
 
 
 
 
 
 
 
 
 
 
 
 
 
 
 
 
 
 
 
 
 
 
 
 
 
 
 
 
 
 
 
 
 
 
 
 
 
 
 
 
 
 
 
 
 
 
 
 
 
 
 
 
 
 
 
 
 
 
 
 
 
 
 
 
 
 
 
 
 
 
 
 
 
 
 
 
 
 
 
 
 
 
 
 
 
 
 
 
 
 
 
 
 
 
 
 
 
 
 
 
 
 
 
 
 
 
 
{
"corpora": {
"FAMILJELIV-ADOPTION": {
"absolute": {
"2003": 0,
"2023": null
},
"relative": {
"2003": 0,
"2023": null
},
"sums": {
"absolute": 0,
"relative": 0.0
}
},
"FAMILJELIV-ALLMANNA-EKONOMI": {
"absolute": {
"2003": 0,
"2023": null,
"2007": 2,
"2008": 3,
"2009": 11,
"2010": 0
},
"relative": {
"2003": 0,
"2023": null,
"2007": 0.3743226631410463,
"2008": 0.39512094125183794,
"2009": 1.4952183596503092,
"2010": 0.0
},
"sums": {
"absolute": 16,
"relative": 2.2646619640431935
}
},
"FAMILJELIV-ALLMANNA-FAMILJELIV": {
"absolute": {
"2003": 0,
"2023": null,
"2009": 2,
"2010": 0
},
"relative": {
"2003": 0,
"2023": null,
"2009": 0.2615644509847182,
"2010": 0.0
},
"sums": {
"absolute": 2,
"relative": 0.2615644509847182
}
},
"FAMILJELIV-ALLMANNA-FRITID": {
"absolute": {
"2004": 0,
"2023": null,
"2007": 1,
"2008": 0
},
"relative": {
"2004": 0,
"2023": null,
"2007": 0.18950534556678775,
"2008": 0.0
},
"sums": {
"absolute": 1,
"relative": 0.18950534556678775
}
},
"FAMILJELIV-ALLMANNA-HUSDJUR": {
"absolute": {
"2003": 0,
"2023": null
},
"relative": {
"2003": 0,
"2023": null
},
"sums": {
"absolute": 0,
"relative": 0.0
}
},
"FAMILJELIV-ALLMANNA-HUSHEM": {
"absolute": {
"2004": 0,
"2023": null,
"2008": 2,
"2009": 0
},
"relative": {
"2004": 0,
"2023": null,
"2008": 0.15756144049286477,
"2009": 0.0
},
"sums": {
"absolute": 2,
"relative": 0.15756144049286477
}
},
"FAMILJELIV-ALLMANNA-KROPP": {
"absolute": {
"2003": 0,
"2023": null
},
"relative": {
"2003": 0,
"2023": null
},
"sums": {
"absolute": 0,
"relative": 0.0
}
},
"FAMILJELIV-ALLMANNA-NOJE": {
"absolute": {
"2003": 0,
"2023": null,
"2008": 1,
"2009": 0
},
"relative": {
"2003": 0,
"2023": null,
"2008": 0.07784078989719956,
"2009": 0.0
},
"sums": {
"absolute": 1,
"relative": 0.07784078989719956
}
},
"FAMILJELIV-ALLMANNA-SAMHALLE": {
"absolute": {
"2003": 0,
"2022": null,
"2005": 1,
"2006": 1,
"2007": 0,
"2009": 1,
"2010": 5,
"2011": 0
},
"relative": {
"2003": 0,
"2022": null,
"2005": 0.07671932809212458,
"2006": 0.02970420787432411,
"2007": 0.0,
"2009": 0.02470391981542417,
"2010": 0.16695818121634312,
"2011": 0.0
},
"sums": {
"absolute": 8,
"relative": 0.298085636998216
}
},
"FAMILJELIV-ALLMANNA-SANDLADAN": {
"absolute": {
"2005": 0,
"2022": null
},
"relative": {
"2005": 0,
"2022": null
},
"sums": {
"absolute": 0,
"relative": 0.0
}
},
"FAMILJELIV-ANGLARUM": {
"absolute": {
"2006": 0,
"2022": null
},
"relative": {
"2006": 0,
"2022": null
},
"sums": {
"absolute": 0,
"relative": 0.0
}
},
"FAMILJELIV-EXPERT": {
"absolute": {
"2009": 0,
"2023": null
},
"relative": {
"2009": 0,
"2023": null
},
"sums": {
"absolute": 0,
"relative": 0.0
}
},
"FAMILJELIV-FORALDER": {
"absolute": {
"2003": 0,
"2022": null,
"2005": 2,
"2006": 4,
"2007": 9,
"2008": 5,
"2009": 27,
"2010": 0
},
"relative": {
"2003": 0,
"2022": null,
"2005": 0.0326127874935439,
"2006": 0.04016111514886501,
"2007": 0.10497364549151897,
"2008": 0.056554929546526855,
"2009": 0.33336207655237826,
"2010": 0.0
},
"sums": {
"absolute": 47,
"relative": 0.567664554232833
}
},
"FAMILJELIV-GRAVID": {
"absolute": {
"2003": 0,
"2022": null,
"2005": 12,
"2006": 0,
"2007": 3,
"2008": 0
},
"relative": {
"2003": 0,
"2022": null,
"2005": 0.302947558565822,
"2006": 0.0,
"2007": 0.062204556865311664,
"2008": 0.0
},
"sums": {
"absolute": 15,
"relative": 0.3651521154311337
}
},
"FAMILJELIV-KANSLIGA": {
"absolute": {
"2003": 0,
"2022": null,
"2005": 1,
"2006": 0
},
"relative": {
"2003": 0,
"2022": null,
"2005": 0.04971802175372267,
"2006": 0.0
},
"sums": {
"absolute": 1,
"relative": 0.04971802175372267
}
},
"FAMILJELIV-MEDLEM-ALLMANNA": {
"absolute": {
"2006": 0,
"2022": null,
"2007": 8,
"2008": 30,
"2009": 113,
"2010": 1,
"2011": 0
},
"relative": {
"2006": 0,
"2022": null,
"2007": 0.10886730307316747,
"2008": 0.41775141042275565,
"2009": 1.7323781194572523,
"2010": 0.03477003464173321,
"2011": 0.0
},
"sums": {
"absolute": 152,
"relative": 2.2937668675949086
}
},
"FAMILJELIV-MEDLEM-FORALDRAR": {
"absolute": {
"2006": 2,
"2022": null,
"2007": 21,
"2008": 2,
"2009": 5,
"2010": 0
},
"relative": {
"2006": 0.09639512128867939,
"2022": null,
"2007": 0.262343780837106,
"2008": 0.02475284776562974,
"2009": 0.08164936018663214,
"2010": 0.0
},
"sums": {
"absolute": 30,
"relative": 0.4651411100780473
}
},
"FAMILJELIV-MEDLEM-PLANERARBARN": {
"absolute": {
"2005": 0,
"2021": null
},
"relative": {
"2005": 0,
"2021": null
},
"sums": {
"absolute": 0,
"relative": 0.0
}
},
"FAMILJELIV-MEDLEM-VANTARBARN": {
"absolute": {
"2003": 0,
"2022": null,
"2007": 2,
"2008": 0
},
"relative": {
"2003": 0,
"2022": null,
"2007": 0.035399353469748165,
"2008": 0.0
},
"sums": {
"absolute": 2,
"relative": 0.035399353469748165
}
},
"FAMILJELIV-PAPPAGRUPP": {
"absolute": {
"2004": 0,
"2023": null
},
"relative": {
"2004": 0,
"2023": null
},
"sums": {
"absolute": 0,
"relative": 0.0
}
},
"FAMILJELIV-PLANERARBARN": {
"absolute": {
"2003": 0,
"2022": null
},
"relative": {
"2003": 0,
"2022": null
},
"sums": {
"absolute": 0,
"relative": 0.0
}
},
"FAMILJELIV-SEXSAMLEVNAD": {
"absolute": {
"2004": 0,
"2022": null
},
"relative": {
"2004": 0,
"2022": null
},
"sums": {
"absolute": 0,
"relative": 0.0
}
},
"FAMILJELIV-SVARTATTFABARN": {
"absolute": {
"2003": 0,
"2022": null,
"2006": 1,
"2007": 0
},
"relative": {
"2003": 0,
"2022": null,
"2006": 0.04819927740607298,
"2007": 0.0
},
"sums": {
"absolute": 1,
"relative": 0.04819927740607298
}
}
},
"combined": {
"absolute": {
"2003": 0,
"2023": null,
"2005": 16,
"2006": 8,
"2007": 46,
"2008": 43,
"2009": 159,
"2010": 6,
"2011": 0
},
"relative": {
"2003": 0,
"2023": null,
"2005": 0.06885291601351427,
"2006": 0.017052395803099304,
"2007": 0.07244550735162913,
"2008": 0.06904946766168385,
"2009": 0.2680121320697846,
"2010": 0.014557965820094507,
"2011": 0.0
},
"sums": {
"absolute": 278,
"relative": 0.06224868629532757
}
},
"time": 1032.6895396709442
}
