 
 
 
 
 
 
 
 
 
 
 
 
 
 
 
 
 
 
 
 
 
 
 
 
 
 
 
 
 
 
 
 
 
 
 
 
 
 
 
 
 
 
 
 
 
 
 
 
 
 
 
 
 
 
 
 
 
 
 
 
 
 
 
 
 
 
 
 
 
 
 
 
 
 
 
 
 
 
 
 
 
 
 
 
 
 
 
 
 
 
 
 
 
 
 
 
 
 
 
 
 
 
 
 
 
 
 
 
 
 
 
 
 
 
 
 
 
 
 
 
 
 
 
 
 
 
 
 
 
 
 
 
 
 
 
 
 
 
 
 
 
 
 
 
 
 
 
 
 
 
 
 
 
 
 
 
 
 
 
 
 
 
 
 
 
 
 
 
 
 
 
 
 
 
 
 
 
 
 
 
 
 
 
 
 
 
 
 
 
 
 
 
 
 
 
 
 
 
 
 
 
 
 
 
 
 
 
 
 
 
 
 
 
 
 
 
 
 
 
{
"corpora": {
"FAMILJELIV-ADOPTION": {
"absolute": {
"2003": 0,
"2023": null
},
"relative": {
"2003": 0,
"2023": null
},
"sums": {
"absolute": 0,
"relative": 0.0
}
},
"FAMILJELIV-ALLMANNA-EKONOMI": {
"absolute": {
"2003": 0,
"2023": null,
"2005": 1,
"2006": 0,
"2011": 3,
"2012": 0
},
"relative": {
"2003": 0,
"2023": null,
"2005": 0.5859837377793091,
"2006": 0.0,
"2011": 0.7327177527253437,
"2012": 0.0
},
"sums": {
"absolute": 4,
"relative": 1.3187014905046528
}
},
"FAMILJELIV-ALLMANNA-FAMILJELIV": {
"absolute": {
"2003": 0,
"2023": null,
"2005": 1,
"2006": 0,
"2007": 1,
"2008": 1,
"2009": 0,
"2010": 4,
"2011": 0
},
"relative": {
"2003": 0,
"2023": null,
"2005": 0.12097184912487756,
"2006": 0.0,
"2007": 0.09663994507758641,
"2008": 0.13012744421631658,
"2009": 0.0,
"2010": 0.63605907971156,
"2011": 0.0
},
"sums": {
"absolute": 7,
"relative": 0.9837983181303405
}
},
"FAMILJELIV-ALLMANNA-FRITID": {
"absolute": {
"2004": 0,
"2023": null,
"2005": 2,
"2006": 0,
"2007": 1,
"2008": 0,
"2011": 4,
"2012": 0
},
"relative": {
"2004": 0,
"2023": null,
"2005": 1.3296493182887945,
"2006": 0.0,
"2007": 0.18950534556678775,
"2008": 0.0,
"2011": 1.5669462098705076,
"2012": 0.0
},
"sums": {
"absolute": 7,
"relative": 3.0861008737260898
}
},
"FAMILJELIV-ALLMANNA-HUSDJUR": {
"absolute": {
"2003": 0,
"2023": null,
"2005": 1,
"2006": 0,
"2009": 2,
"2010": 0,
"2011": 3,
"2012": 0
},
"relative": {
"2003": 0,
"2023": null,
"2005": 0.3987824374619412,
"2006": 0.0,
"2009": 0.31281491664186306,
"2010": 0.0,
"2011": 0.7403078891156972,
"2012": 0.0
},
"sums": {
"absolute": 6,
"relative": 1.4519052432195014
}
},
"FAMILJELIV-ALLMANNA-HUSHEM": {
"absolute": {
"2004": 0,
"2023": null,
"2005": 8,
"2006": 2,
"2007": 0,
"2008": 12,
"2009": 1,
"2010": 5,
"2011": 6,
"2012": 0
},
"relative": {
"2004": 0,
"2023": null,
"2005": 2.1683948321730164,
"2006": 0.20552135166460478,
"2007": 0.0,
"2008": 0.9453686429571888,
"2009": 0.10812070855392661,
"2010": 0.9126935594866281,
"2011": 1.3112226233106536,
"2012": 0.0
},
"sums": {
"absolute": 34,
"relative": 5.6513217181460185
}
},
"FAMILJELIV-ALLMANNA-KROPP": {
"absolute": {
"2003": 0,
"2023": null,
"2008": 6,
"2009": 5,
"2010": 1,
"2011": 0
},
"relative": {
"2003": 0,
"2023": null,
"2008": 0.3608534400368937,
"2009": 0.24929746727235313,
"2010": 0.07919659803093498,
"2011": 0.0
},
"sums": {
"absolute": 12,
"relative": 0.6893475053401819
}
},
"FAMILJELIV-ALLMANNA-NOJE": {
"absolute": {
"2003": 0,
"2023": null,
"2006": 3,
"2007": 1,
"2008": 9,
"2009": 2,
"2010": 0,
"2011": 1,
"2012": 0
},
"relative": {
"2003": 0,
"2023": null,
"2006": 0.23362642807074488,
"2007": 0.0785717293889068,
"2008": 0.700567109074796,
"2009": 0.16035326465616812,
"2010": 0.0,
"2011": 0.1503455090142657,
"2012": 0.0
},
"sums": {
"absolute": 16,
"relative": 1.3234640402048816
}
},
"FAMILJELIV-ALLMANNA-SAMHALLE": {
"absolute": {
"2003": 0,
"2022": null,
"2005": 5,
"2006": 1,
"2007": 7,
"2008": 7,
"2009": 1,
"2010": 1,
"2011": 3,
"2012": 0
},
"relative": {
"2003": 0,
"2022": null,
"2005": 0.3835966404606228,
"2006": 0.02970420787432411,
"2007": 0.18477327764513107,
"2008": 0.1986993706907074,
"2009": 0.02470391981542417,
"2010": 0.033391636243268616,
"2011": 0.09571524943011141,
"2012": 0.0
},
"sums": {
"absolute": 25,
"relative": 0.9505843021595896
}
},
"FAMILJELIV-ALLMANNA-SANDLADAN": {
"absolute": {
"2005": 0,
"2022": null
},
"relative": {
"2005": 0,
"2022": null
},
"sums": {
"absolute": 0,
"relative": 0.0
}
},
"FAMILJELIV-ANGLARUM": {
"absolute": {
"2006": 0,
"2022": null
},
"relative": {
"2006": 0,
"2022": null
},
"sums": {
"absolute": 0,
"relative": 0.0
}
},
"FAMILJELIV-EXPERT": {
"absolute": {
"2009": 0,
"2023": null
},
"relative": {
"2009": 0,
"2023": null
},
"sums": {
"absolute": 0,
"relative": 0.0
}
},
"FAMILJELIV-FORALDER": {
"absolute": {
"2003": 0,
"2022": null,
"2006": 55,
"2007": 224,
"2008": 302,
"2009": 140,
"2010": 57,
"2011": 26,
"2012": 2,
"2013": 0
},
"relative": {
"2003": 0,
"2022": null,
"2006": 0.5522153332968939,
"2007": 2.612677398900028,
"2008": 3.415917744610222,
"2009": 1.7285441006419615,
"2010": 0.9530855031230522,
"2011": 0.5304077023684907,
"2012": 0.07092613574907751,
"2013": 0.0
},
"sums": {
"absolute": 806,
"relative": 9.863773918689725
}
},
"FAMILJELIV-GRAVID": {
"absolute": {
"2003": 0,
"2022": null,
"2005": 5,
"2006": 132,
"2007": 8,
"2008": 85,
"2009": 38,
"2010": 2,
"2011": 0
},
"relative": {
"2003": 0,
"2022": null,
"2005": 0.12622814940242585,
"2006": 2.6083768219240397,
"2007": 0.1658788183074978,
"2008": 1.8188021950759932,
"2009": 0.7450042271147739,
"2010": 0.05427091623498449,
"2011": 0.0
},
"sums": {
"absolute": 270,
"relative": 5.518561128059715
}
},
"FAMILJELIV-KANSLIGA": {
"absolute": {
"2003": 0,
"2022": null,
"2006": 3,
"2007": 1,
"2008": 33,
"2009": 15,
"2010": 12,
"2011": 3,
"2012": 0
},
"relative": {
"2003": 0,
"2022": null,
"2006": 0.05790116275378007,
"2007": 0.012153505089097953,
"2008": 0.38452647295225056,
"2009": 0.15635658633044414,
"2010": 0.157010548465846,
"2011": 0.03140050425232432,
"2012": 0.0
},
"sums": {
"absolute": 67,
"relative": 0.799348779843743
}
},
"FAMILJELIV-MEDLEM-ALLMANNA": {
"absolute": {
"2006": 0,
"2022": null,
"2009": 5,
"2010": 0
},
"relative": {
"2006": 0,
"2022": null,
"2009": 0.07665389909102886,
"2010": 0.0
},
"sums": {
"absolute": 5,
"relative": 0.07665389909102886
}
},
"FAMILJELIV-MEDLEM-FORALDRAR": {
"absolute": {
"2006": 138,
"2022": null,
"2007": 370,
"2008": 4,
"2009": 0
},
"relative": {
"2006": 6.651263368918878,
"2022": null,
"2007": 4.622247567129963,
"2008": 0.04950569553125948,
"2009": 0.0
},
"sums": {
"absolute": 512,
"relative": 11.3230166315801
}
},
"FAMILJELIV-MEDLEM-PLANERARBARN": {
"absolute": {
"2005": 0,
"2021": null,
"2007": 9,
"2008": 7,
"2009": 0
},
"relative": {
"2005": 0,
"2021": null,
"2007": 0.23666967894574703,
"2008": 0.28324040620234986,
"2009": 0.0
},
"sums": {
"absolute": 16,
"relative": 0.5199100851480969
}
},
"FAMILJELIV-MEDLEM-VANTARBARN": {
"absolute": {
"2003": 0,
"2023": null,
"2005": 7,
"2006": 20,
"2007": 0,
"2008": 14,
"2009": 0
},
"relative": {
"2003": 0,
"2023": null,
"2005": 0.3376513473928782,
"2006": 0.46918216809361385,
"2007": 0.0,
"2008": 0.2667725728373919,
"2009": 0.0
},
"sums": {
"absolute": 41,
"relative": 1.073606088323884
}
},
"FAMILJELIV-PAPPAGRUPP": {
"absolute": {
"2004": 0,
"2023": null
},
"relative": {
"2004": 0,
"2023": null
},
"sums": {
"absolute": 0,
"relative": 0.0
}
},
"FAMILJELIV-PLANERARBARN": {
"absolute": {
"2003": 0,
"2022": null,
"2005": 21,
"2006": 0,
"2007": 18,
"2008": 1,
"2009": 0
},
"relative": {
"2003": 0,
"2022": null,
"2005": 0.930926825427814,
"2006": 0.0,
"2007": 1.4593306439491045,
"2008": 0.08642119877437456,
"2009": 0.0
},
"sums": {
"absolute": 40,
"relative": 2.476678668151293
}
},
"FAMILJELIV-SEXSAMLEVNAD": {
"absolute": {
"2004": 0,
"2022": null
},
"relative": {
"2004": 0,
"2022": null
},
"sums": {
"absolute": 0,
"relative": 0.0
}
},
"FAMILJELIV-SVARTATTFABARN": {
"absolute": {
"2003": 0,
"2022": null,
"2006": 2,
"2007": 0
},
"relative": {
"2003": 0,
"2022": null,
"2006": 0.09639855481214596,
"2007": 0.0
},
"sums": {
"absolute": 2,
"relative": 0.09639855481214596
}
}
},
"combined": {
"absolute": {
"2003": 0,
"2023": null,
"2005": 51,
"2006": 356,
"2007": 640,
"2008": 481,
"2009": 209,
"2010": 82,
"2011": 49,
"2012": 2,
"2013": 0
},
"relative": {
"2003": 0,
"2023": null,
"2005": 0.2194685035715659,
"2006": 0.7588312137188089,
"2007": 1.0079373157987666,
"2008": 0.772389960280031,
"2009": 0.3522926369593209,
"2010": 0.19898439770860146,
"2011": 0.13584595866728683,
"2012": 0.006886121766657677,
"2013": 0.0
},
"sums": {
"absolute": 1870,
"relative": 0.41872668655343304
}
},
"time": 1097.460107088089
}
