 
 
 
 
 
 
 
 
 
 
 
 
 
 
 
 
 
 
 
 
 
 
 
 
 
 
 
 
 
 
 
 
 
 
 
 
 
 
 
 
 
 
 
 
 
 
 
 
 
 
 
 
 
 
 
 
 
 
 
 
 
 
 
 
 
 
 
 
 
 
 
 
 
 
 
 
 
 
 
 
 
 
 
 
 
 
 
 
 
 
 
 
 
 
 
 
 
 
 
 
 
 
 
 
 
 
 
 
 
 
 
 
 
 
 
 
 
 
 
 
 
 
 
 
 
 
 
 
 
 
 
 
 
 
 
 
 
 
 
 
 
 
 
 
 
 
 
 
 
 
 
 
 
 
 
 
 
 
 
 
 
 
 
 
 
 
 
 
 
 
 
 
 
 
 
 
 
 
 
 
 
 
 
 
 
 
 
 
 
 
 
 
 
 
 
 
 
 
 
 
 
 
 
 
 
 
 
 
 
 
 
 
 
 
{
"corpora": {
"FAMILJELIV-ADOPTION": {
"absolute": {
"2003": 0,
"2023": null
},
"relative": {
"2003": 0,
"2023": null
},
"sums": {
"absolute": 0,
"relative": 0.0
}
},
"FAMILJELIV-ALLMANNA-EKONOMI": {
"absolute": {
"2003": 0,
"2023": null,
"2006": 1,
"2007": 0,
"2009": 1,
"2010": 0
},
"relative": {
"2003": 0,
"2023": null,
"2006": 0.2721177290142808,
"2007": 0.0,
"2009": 0.13592894178639173,
"2010": 0.0
},
"sums": {
"absolute": 2,
"relative": 0.4080466708006725
}
},
"FAMILJELIV-ALLMANNA-FAMILJELIV": {
"absolute": {
"2003": 0,
"2023": null,
"2008": 1,
"2009": 0
},
"relative": {
"2003": 0,
"2023": null,
"2008": 0.13012744421631658,
"2009": 0.0
},
"sums": {
"absolute": 1,
"relative": 0.13012744421631658
}
},
"FAMILJELIV-ALLMANNA-FRITID": {
"absolute": {
"2004": 0,
"2023": null,
"2009": 2,
"2010": 0
},
"relative": {
"2004": 0,
"2023": null,
"2009": 0.46546299487734705,
"2010": 0.0
},
"sums": {
"absolute": 2,
"relative": 0.46546299487734705
}
},
"FAMILJELIV-ALLMANNA-HUSDJUR": {
"absolute": {
"2003": 0,
"2023": null
},
"relative": {
"2003": 0,
"2023": null
},
"sums": {
"absolute": 0,
"relative": 0.0
}
},
"FAMILJELIV-ALLMANNA-HUSHEM": {
"absolute": {
"2004": 0,
"2023": null,
"2009": 2,
"2010": 0
},
"relative": {
"2004": 0,
"2023": null,
"2009": 0.21624141710785322,
"2010": 0.0
},
"sums": {
"absolute": 2,
"relative": 0.21624141710785322
}
},
"FAMILJELIV-ALLMANNA-KROPP": {
"absolute": {
"2003": 0,
"2023": null,
"2005": 1,
"2006": 0
},
"relative": {
"2003": 0,
"2023": null,
"2005": 0.12248687553128683,
"2006": 0.0
},
"sums": {
"absolute": 1,
"relative": 0.12248687553128683
}
},
"FAMILJELIV-ALLMANNA-NOJE": {
"absolute": {
"2003": 0,
"2023": null
},
"relative": {
"2003": 0,
"2023": null
},
"sums": {
"absolute": 0,
"relative": 0.0
}
},
"FAMILJELIV-ALLMANNA-SAMHALLE": {
"absolute": {
"2003": 0,
"2022": null,
"2004": 1,
"2005": 5,
"2006": 2,
"2007": 0,
"2008": 2,
"2009": 1,
"2010": 0
},
"relative": {
"2003": 0,
"2022": null,
"2004": 0.23688537424691178,
"2005": 0.3835966404606228,
"2006": 0.05940841574864822,
"2007": 0.0,
"2008": 0.05677124876877354,
"2009": 0.02470391981542417,
"2010": 0.0
},
"sums": {
"absolute": 11,
"relative": 0.7613655990403805
}
},
"FAMILJELIV-ALLMANNA-SANDLADAN": {
"absolute": {
"2005": 0,
"2022": null,
"2009": 5,
"2010": 0
},
"relative": {
"2005": 0,
"2022": null,
"2009": 0.9866691136060685,
"2010": 0.0
},
"sums": {
"absolute": 5,
"relative": 0.9866691136060685
}
},
"FAMILJELIV-ANGLARUM": {
"absolute": {
"2006": 0,
"2022": null
},
"relative": {
"2006": 0,
"2022": null
},
"sums": {
"absolute": 0,
"relative": 0.0
}
},
"FAMILJELIV-EXPERT": {
"absolute": {
"2009": 0,
"2023": null
},
"relative": {
"2009": 0,
"2023": null
},
"sums": {
"absolute": 0,
"relative": 0.0
}
},
"FAMILJELIV-FORALDER": {
"absolute": {
"2003": 0,
"2022": null,
"2007": 2,
"2008": 6,
"2009": 14,
"2010": 1,
"2011": 0
},
"relative": {
"2003": 0,
"2022": null,
"2007": 0.023327476775893106,
"2008": 0.06786591545583223,
"2009": 0.17285441006419616,
"2010": 0.016720798300404422,
"2011": 0.0
},
"sums": {
"absolute": 23,
"relative": 0.2807686005963259
}
},
"FAMILJELIV-GRAVID": {
"absolute": {
"2003": 0,
"2022": null,
"2005": 1,
"2006": 1,
"2007": 1,
"2008": 3,
"2009": 1,
"2010": 0
},
"relative": {
"2003": 0,
"2022": null,
"2005": 0.025245629880485166,
"2006": 0.01976043046912151,
"2007": 0.020734852288437224,
"2008": 0.06419301864974093,
"2009": 0.019605374397757207,
"2010": 0.0
},
"sums": {
"absolute": 7,
"relative": 0.14953930568554205
}
},
"FAMILJELIV-KANSLIGA": {
"absolute": {
"2003": 0,
"2022": null,
"2008": 1,
"2009": 3,
"2010": 0
},
"relative": {
"2003": 0,
"2022": null,
"2008": 0.011652317362189411,
"2009": 0.031271317266088824,
"2010": 0.0
},
"sums": {
"absolute": 4,
"relative": 0.04292363462827824
}
},
"FAMILJELIV-MEDLEM-ALLMANNA": {
"absolute": {
"2006": 0,
"2022": null,
"2009": 5,
"2010": 0
},
"relative": {
"2006": 0,
"2022": null,
"2009": 0.07665389909102886,
"2010": 0.0
},
"sums": {
"absolute": 5,
"relative": 0.07665389909102886
}
},
"FAMILJELIV-MEDLEM-FORALDRAR": {
"absolute": {
"2006": 0,
"2022": null,
"2009": 3,
"2010": 0
},
"relative": {
"2006": 0,
"2022": null,
"2009": 0.048989616111979294,
"2010": 0.0
},
"sums": {
"absolute": 3,
"relative": 0.048989616111979294
}
},
"FAMILJELIV-MEDLEM-PLANERARBARN": {
"absolute": {
"2005": 0,
"2021": null,
"2007": 1,
"2008": 0
},
"relative": {
"2005": 0,
"2021": null,
"2007": 0.02629663099397189,
"2008": 0.0
},
"sums": {
"absolute": 1,
"relative": 0.02629663099397189
}
},
"FAMILJELIV-MEDLEM-VANTARBARN": {
"absolute": {
"2003": 0,
"2023": null,
"2007": 3,
"2008": 1,
"2009": 0
},
"relative": {
"2003": 0,
"2023": null,
"2007": 0.05309892494323592,
"2008": 0.019055183774099423,
"2009": 0.0
},
"sums": {
"absolute": 4,
"relative": 0.07215410871733534
}
},
"FAMILJELIV-PAPPAGRUPP": {
"absolute": {
"2004": 0,
"2023": null
},
"relative": {
"2004": 0,
"2023": null
},
"sums": {
"absolute": 0,
"relative": 0.0
}
},
"FAMILJELIV-PLANERARBARN": {
"absolute": {
"2003": 0,
"2022": null,
"2007": 1,
"2008": 0,
"2009": 1,
"2010": 0
},
"relative": {
"2003": 0,
"2022": null,
"2007": 0.08107392466383913,
"2008": 0.0,
"2009": 0.06345725265632059,
"2010": 0.0
},
"sums": {
"absolute": 2,
"relative": 0.14453117732015971
}
},
"FAMILJELIV-SEXSAMLEVNAD": {
"absolute": {
"2004": 0,
"2022": null
},
"relative": {
"2004": 0,
"2022": null
},
"sums": {
"absolute": 0,
"relative": 0.0
}
},
"FAMILJELIV-SVARTATTFABARN": {
"absolute": {
"2003": 0,
"2022": null
},
"relative": {
"2003": 0,
"2022": null
},
"sums": {
"absolute": 0,
"relative": 0.0
}
}
},
"combined": {
"absolute": {
"2003": 0,
"2023": null,
"2004": 1,
"2005": 7,
"2006": 4,
"2007": 8,
"2008": 14,
"2009": 38,
"2010": 1,
"2011": 0
},
"relative": {
"2003": 0,
"2023": null,
"2004": 0.010367229560579273,
"2005": 0.03012312794119532,
"2006": 0.008526193412570887,
"2007": 0.01259921644748458,
"2008": 0.02248120466511525,
"2009": 0.06405320671987653,
"2010": 0.0024266389964463595,
"2011": 0.0
},
"sums": {
"absolute": 73,
"relative": 0.016346015036577868
}
},
"time": 1072.33966588974
}
