 
 
 
 
 
 
 
 
 
 
 
 
 
 
 
 
 
 
 
 
 
 
 
 
 
 
 
 
 
 
 
 
 
 
 
 
 
 
 
 
 
 
 
 
 
 
 
 
 
 
 
 
 
 
 
 
 
 
 
 
 
 
 
 
 
 
 
 
 
 
 
 
 
 
 
 
 
 
 
 
 
 
 
 
 
 
 
 
 
 
 
 
 
 
 
 
 
 
 
 
 
 
 
 
 
 
 
 
 
 
 
 
 
 
 
 
 
 
 
 
 
 
 
 
 
 
 
 
 
 
 
 
 
 
 
 
 
 
 
 
 
 
 
 
 
 
 
 
 
 
 
 
 
 
 
 
 
 
 
 
 
 
 
 
 
 
 
 
 
 
 
 
 
 
 
 
 
 
 
 
 
 
 
 
 
 
 
 
 
 
 
 
 
 
 
 
 
 
 
 
 
 
 
 
 
 
 
 
 
 
 
 
 
{
"corpora": {
"FAMILJELIV-ADOPTION": {
"absolute": {
"2003": 0,
"2023": null
},
"relative": {
"2003": 0,
"2023": null
},
"sums": {
"absolute": 0,
"relative": 0.0
}
},
"FAMILJELIV-ALLMANNA-EKONOMI": {
"absolute": {
"2003": 0,
"2023": null,
"2006": 4,
"2007": 0,
"2008": 1,
"2009": 0,
"2012": 1,
"2013": 0
},
"relative": {
"2003": 0,
"2023": null,
"2006": 1.088470916057123,
"2007": 0.0,
"2008": 0.13170698041727932,
"2009": 0.0,
"2012": 0.3444981746764215,
"2013": 0.0
},
"sums": {
"absolute": 6,
"relative": 1.5646760711508239
}
},
"FAMILJELIV-ALLMANNA-FAMILJELIV": {
"absolute": {
"2003": 0,
"2023": null
},
"relative": {
"2003": 0,
"2023": null
},
"sums": {
"absolute": 0,
"relative": 0.0
}
},
"FAMILJELIV-ALLMANNA-FRITID": {
"absolute": {
"2004": 0,
"2023": null
},
"relative": {
"2004": 0,
"2023": null
},
"sums": {
"absolute": 0,
"relative": 0.0
}
},
"FAMILJELIV-ALLMANNA-HUSDJUR": {
"absolute": {
"2003": 0,
"2023": null
},
"relative": {
"2003": 0,
"2023": null
},
"sums": {
"absolute": 0,
"relative": 0.0
}
},
"FAMILJELIV-ALLMANNA-HUSHEM": {
"absolute": {
"2004": 0,
"2023": null
},
"relative": {
"2004": 0,
"2023": null
},
"sums": {
"absolute": 0,
"relative": 0.0
}
},
"FAMILJELIV-ALLMANNA-KROPP": {
"absolute": {
"2003": 0,
"2023": null,
"2006": 1,
"2007": 0
},
"relative": {
"2003": 0,
"2023": null,
"2006": 0.053850232379907784,
"2007": 0.0
},
"sums": {
"absolute": 1,
"relative": 0.053850232379907784
}
},
"FAMILJELIV-ALLMANNA-NOJE": {
"absolute": {
"2003": 0,
"2023": null,
"2006": 4,
"2007": 3,
"2008": 0
},
"relative": {
"2003": 0,
"2023": null,
"2006": 0.31150190409432654,
"2007": 0.2357151881667204,
"2008": 0.0
},
"sums": {
"absolute": 7,
"relative": 0.547217092261047
}
},
"FAMILJELIV-ALLMANNA-SAMHALLE": {
"absolute": {
"2003": 0,
"2022": null,
"2006": 3,
"2007": 3,
"2008": 6,
"2009": 3,
"2010": 0,
"2011": 1,
"2012": 0,
"2013": 1,
"2014": 0
},
"relative": {
"2003": 0,
"2022": null,
"2006": 0.08911262362297233,
"2007": 0.07918854756219904,
"2008": 0.17031374630632062,
"2009": 0.07411175944627252,
"2010": 0.0,
"2011": 0.03190508314337047,
"2012": 0.0,
"2013": 0.06433104653617842,
"2014": 0.0
},
"sums": {
"absolute": 17,
"relative": 0.5089628066173134
}
},
"FAMILJELIV-ALLMANNA-SANDLADAN": {
"absolute": {
"2005": 0,
"2022": null,
"2006": 1,
"2007": 0
},
"relative": {
"2005": 0,
"2022": null,
"2006": 0.1561397750775312,
"2007": 0.0
},
"sums": {
"absolute": 1,
"relative": 0.1561397750775312
}
},
"FAMILJELIV-ANGLARUM": {
"absolute": {
"2006": 0,
"2022": null
},
"relative": {
"2006": 0,
"2022": null
},
"sums": {
"absolute": 0,
"relative": 0.0
}
},
"FAMILJELIV-EXPERT": {
"absolute": {
"2009": 0,
"2023": null
},
"relative": {
"2009": 0,
"2023": null
},
"sums": {
"absolute": 0,
"relative": 0.0
}
},
"FAMILJELIV-FORALDER": {
"absolute": {
"2003": 0,
"2022": null,
"2006": 23,
"2007": 40,
"2008": 27,
"2009": 4,
"2010": 0,
"2012": 1,
"2013": 0
},
"relative": {
"2003": 0,
"2022": null,
"2006": 0.23092641210597378,
"2007": 0.4665495355178621,
"2008": 0.30539661955124503,
"2009": 0.049386974304056044,
"2010": 0.0,
"2012": 0.035463067874538755,
"2013": 0.0
},
"sums": {
"absolute": 95,
"relative": 1.0877226093536756
}
},
"FAMILJELIV-GRAVID": {
"absolute": {
"2003": 0,
"2022": null,
"2006": 42,
"2007": 0,
"2008": 3,
"2009": 2,
"2010": 0
},
"relative": {
"2003": 0,
"2022": null,
"2006": 0.8299380797031035,
"2007": 0.0,
"2008": 0.06419301864974093,
"2009": 0.039210748795514415,
"2010": 0.0
},
"sums": {
"absolute": 47,
"relative": 0.9333418471483589
}
},
"FAMILJELIV-KANSLIGA": {
"absolute": {
"2003": 0,
"2022": null,
"2006": 3,
"2007": 1,
"2008": 1,
"2009": 0
},
"relative": {
"2003": 0,
"2022": null,
"2006": 0.05790116275378007,
"2007": 0.012153505089097953,
"2008": 0.011652317362189411,
"2009": 0.0
},
"sums": {
"absolute": 5,
"relative": 0.08170698520506744
}
},
"FAMILJELIV-MEDLEM-ALLMANNA": {
"absolute": {
"2006": 0,
"2022": null,
"2007": 6,
"2008": 6,
"2009": 10,
"2010": 6,
"2011": 9,
"2012": 10,
"2013": 0
},
"relative": {
"2006": 0,
"2022": null,
"2007": 0.0816504773048756,
"2008": 0.08355028208455113,
"2009": 0.15330779818205773,
"2010": 0.20862020785039928,
"2011": 0.8533850370881138,
"2012": 2.051585475513404,
"2013": 0.0
},
"sums": {
"absolute": 47,
"relative": 3.4320992780234016
}
},
"FAMILJELIV-MEDLEM-FORALDRAR": {
"absolute": {
"2006": 113,
"2022": null,
"2007": 194,
"2008": 270,
"2009": 53,
"2010": 21,
"2011": 0
},
"relative": {
"2006": 5.446324352810385,
"2022": null,
"2007": 2.42355683249517,
"2008": 3.341634448360015,
"2009": 0.8654832179783007,
"2010": 0.6964874974690142,
"2011": 0.0
},
"sums": {
"absolute": 651,
"relative": 12.773486349112886
}
},
"FAMILJELIV-MEDLEM-PLANERARBARN": {
"absolute": {
"2005": 0,
"2021": null,
"2008": 3,
"2009": 1,
"2010": 0
},
"relative": {
"2005": 0,
"2021": null,
"2008": 0.12138874551529279,
"2009": 0.042960548898341167,
"2010": 0.0
},
"sums": {
"absolute": 4,
"relative": 0.16434929441363394
}
},
"FAMILJELIV-MEDLEM-VANTARBARN": {
"absolute": {
"2003": 0,
"2023": null,
"2006": 177,
"2007": 0,
"2009": 19,
"2010": 12,
"2011": 0
},
"relative": {
"2003": 0,
"2023": null,
"2006": 4.152262187628483,
"2007": 0.0,
"2009": 0.42273202765352735,
"2010": 0.27496093664343224,
"2011": 0.0
},
"sums": {
"absolute": 208,
"relative": 4.8499551519254425
}
},
"FAMILJELIV-PAPPAGRUPP": {
"absolute": {
"2004": 0,
"2023": null
},
"relative": {
"2004": 0,
"2023": null
},
"sums": {
"absolute": 0,
"relative": 0.0
}
},
"FAMILJELIV-PLANERARBARN": {
"absolute": {
"2003": 0,
"2022": null,
"2008": 1,
"2009": 1,
"2010": 0,
"2021": 1
},
"relative": {
"2003": 0,
"2022": null,
"2008": 0.08642119877437456,
"2009": 0.06345725265632059,
"2010": 0.0,
"2021": 0.3575612037512461
},
"sums": {
"absolute": 3,
"relative": 0.5074396551819412
}
},
"FAMILJELIV-SEXSAMLEVNAD": {
"absolute": {
"2004": 0,
"2022": null
},
"relative": {
"2004": 0,
"2022": null
},
"sums": {
"absolute": 0,
"relative": 0.0
}
},
"FAMILJELIV-SVARTATTFABARN": {
"absolute": {
"2003": 0,
"2022": null,
"2009": 3,
"2010": 0
},
"relative": {
"2003": 0,
"2022": null,
"2009": 0.1475824373357592,
"2010": 0.0
},
"sums": {
"absolute": 3,
"relative": 0.1475824373357592
}
}
},
"combined": {
"absolute": {
"2003": 0,
"2023": null,
"2006": 371,
"2007": 247,
"2008": 318,
"2009": 96,
"2010": 39,
"2011": 10,
"2012": 12,
"2013": 1,
"2014": 0,
"2021": 1,
"2022": 0
},
"relative": {
"2003": 0,
"2023": null,
"2006": 0.7908044390159498,
"2007": 0.3890008078160865,
"2008": 0.5106445059647606,
"2009": 0.16181862750284598,
"2010": 0.09463892086140802,
"2011": 0.027723665034140168,
"2012": 0.041316730599946054,
"2013": 0.004813307030343204,
"2014": 0.0,
"2021": 0.02457123139782713,
"2022": 0.0
},
"sums": {
"absolute": 1095,
"relative": 0.24519022554866804
}
},
"time": 1068.2055323123932
}
