 
 
 
 
 
 
 
 
 
 
 
 
 
 
 
 
 
 
 
 
 
 
 
 
 
 
 
 
 
 
 
 
 
 
 
 
 
 
 
 
 
 
 
 
 
 
 
 
 
 
 
 
 
 
 
 
 
 
 
 
 
 
 
 
 
 
 
 
 
 
 
 
 
 
 
 
 
 
 
 
 
 
 
 
 
 
 
 
 
 
 
 
 
 
 
 
 
 
 
 
 
 
 
 
 
 
 
 
 
 
 
 
 
 
 
 
 
 
 
 
 
 
 
 
 
 
 
 
 
 
 
 
 
 
 
 
 
 
 
 
 
 
 
 
 
 
 
 
 
 
 
 
 
 
 
 
 
 
 
 
 
 
 
 
 
 
 
 
 
 
 
 
 
 
 
 
 
 
 
 
 
 
 
 
 
 
 
 
 
 
 
 
 
 
 
 
 
 
 
 
 
 
 
 
 
 
 
 
 
 
 
 
{
"corpora": {
"FAMILJELIV-ADOPTION": {
"absolute": {
"2003": 0,
"2023": null,
"2008": 1,
"2009": 0
},
"relative": {
"2003": 0,
"2023": null,
"2008": 0.3575366582335687,
"2009": 0.0
},
"sums": {
"absolute": 1,
"relative": 0.3575366582335687
}
},
"FAMILJELIV-ALLMANNA-EKONOMI": {
"absolute": {
"2003": 0,
"2023": null,
"2008": 12,
"2009": 7,
"2010": 0,
"2011": 2,
"2012": 0
},
"relative": {
"2003": 0,
"2023": null,
"2008": 1.5804837650073518,
"2009": 0.9515025925047422,
"2010": 0.0,
"2011": 0.48847850181689584,
"2012": 0.0
},
"sums": {
"absolute": 21,
"relative": 3.02046485932899
}
},
"FAMILJELIV-ALLMANNA-FAMILJELIV": {
"absolute": {
"2003": 0,
"2023": null,
"2008": 24,
"2009": 44,
"2010": 4,
"2011": 3,
"2012": 0
},
"relative": {
"2003": 0,
"2023": null,
"2008": 3.123058661191598,
"2009": 5.7544179216638005,
"2010": 0.63605907971156,
"2011": 1.6371176034344543,
"2012": 0.0
},
"sums": {
"absolute": 75,
"relative": 11.150653266001411
}
},
"FAMILJELIV-ALLMANNA-FRITID": {
"absolute": {
"2004": 0,
"2023": null,
"2008": 3,
"2009": 8,
"2010": 0
},
"relative": {
"2004": 0,
"2023": null,
"2008": 0.557343492838229,
"2009": 1.8618519795093882,
"2010": 0.0
},
"sums": {
"absolute": 11,
"relative": 2.4191954723476172
}
},
"FAMILJELIV-ALLMANNA-HUSDJUR": {
"absolute": {
"2003": 0,
"2023": null,
"2008": 45,
"2009": 43,
"2010": 7,
"2011": 1,
"2012": 0
},
"relative": {
"2003": 0,
"2023": null,
"2008": 5.979766066236142,
"2009": 6.725520707800055,
"2010": 1.689587530650928,
"2011": 0.2467692963718991,
"2012": 0.0
},
"sums": {
"absolute": 96,
"relative": 14.641643601059025
}
},
"FAMILJELIV-ALLMANNA-HUSHEM": {
"absolute": {
"2004": 0,
"2023": null,
"2008": 13,
"2009": 21,
"2010": 37,
"2011": 9,
"2012": 0
},
"relative": {
"2004": 0,
"2023": null,
"2008": 1.0241493632036212,
"2009": 2.270534879632459,
"2010": 6.7539323402010485,
"2011": 1.9668339349659805,
"2012": 0.0
},
"sums": {
"absolute": 80,
"relative": 12.01545051800311
}
},
"FAMILJELIV-ALLMANNA-KROPP": {
"absolute": {
"2003": 0,
"2023": null,
"2008": 30,
"2009": 61,
"2010": 15,
"2011": 11,
"2012": 0
},
"relative": {
"2003": 0,
"2023": null,
"2008": 1.8042672001844684,
"2009": 3.0414291007227083,
"2010": 1.187948970464025,
"2011": 0.8612289972671637,
"2012": 0.0
},
"sums": {
"absolute": 117,
"relative": 6.8948742686383655
}
},
"FAMILJELIV-ALLMANNA-NOJE": {
"absolute": {
"2003": 0,
"2023": null,
"2008": 49,
"2009": 57,
"2010": 3,
"2011": 1,
"2012": 0
},
"relative": {
"2003": 0,
"2023": null,
"2008": 3.8141987049627786,
"2009": 4.570068042700791,
"2010": 0.48059324430076483,
"2011": 0.1503455090142657,
"2012": 0.0
},
"sums": {
"absolute": 110,
"relative": 9.0152055009786
}
},
"FAMILJELIV-ALLMANNA-SAMHALLE": {
"absolute": {
"2003": 0,
"2022": null,
"2008": 175,
"2009": 116,
"2010": 7,
"2011": 24,
"2012": 0
},
"relative": {
"2003": 0,
"2022": null,
"2008": 4.967484267267685,
"2009": 2.8656546985892035,
"2010": 0.23374145370288035,
"2011": 0.7657219954408913,
"2012": 0.0
},
"sums": {
"absolute": 322,
"relative": 8.832602415000661
}
},
"FAMILJELIV-ALLMANNA-SANDLADAN": {
"absolute": {
"2005": 0,
"2022": null,
"2008": 7,
"2009": 10,
"2010": 2,
"2011": 4,
"2012": 0
},
"relative": {
"2005": 0,
"2022": null,
"2008": 2.147100953619552,
"2009": 1.973338227212137,
"2010": 0.38444386350705073,
"2011": 0.7635916449329395,
"2012": 0.0
},
"sums": {
"absolute": 23,
"relative": 5.26847468927168
}
},
"FAMILJELIV-ANGLARUM": {
"absolute": {
"2006": 0,
"2022": null,
"2008": 3,
"2009": 0
},
"relative": {
"2006": 0,
"2022": null,
"2008": 0.4332589812781573,
"2009": 0.0
},
"sums": {
"absolute": 3,
"relative": 0.4332589812781573
}
},
"FAMILJELIV-EXPERT": {
"absolute": {
"2009": 0,
"2023": null
},
"relative": {
"2009": 0,
"2023": null
},
"sums": {
"absolute": 0,
"relative": 0.0
}
},
"FAMILJELIV-FORALDER": {
"absolute": {
"2003": 0,
"2022": null,
"2008": 170,
"2009": 265,
"2010": 93,
"2011": 87,
"2012": 0
},
"relative": {
"2003": 0,
"2022": null,
"2008": 1.9228676045819129,
"2009": 3.271887047643713,
"2010": 1.5550342419376115,
"2011": 1.7748257733099495,
"2012": 0.0
},
"sums": {
"absolute": 615,
"relative": 8.524614667473188
}
},
"FAMILJELIV-GRAVID": {
"absolute": {
"2003": 0,
"2022": null,
"2008": 79,
"2009": 167,
"2010": 17,
"2011": 47,
"2012": 0
},
"relative": {
"2003": 0,
"2022": null,
"2008": 1.6904161577765113,
"2009": 3.2740975244254535,
"2010": 0.4613027879973682,
"2011": 1.0208137405873372,
"2012": 0.0
},
"sums": {
"absolute": 310,
"relative": 6.446630210786671
}
},
"FAMILJELIV-KANSLIGA": {
"absolute": {
"2003": 0,
"2022": null,
"2008": 210,
"2009": 192,
"2010": 21,
"2011": 73,
"2012": 1,
"2013": 0
},
"relative": {
"2003": 0,
"2022": null,
"2008": 2.4469866460597767,
"2009": 2.0013643050296848,
"2010": 0.2747684598152305,
"2011": 0.7640789368065585,
"2012": 0.009831762517551785,
"2013": 0.0
},
"sums": {
"absolute": 497,
"relative": 5.497030110228801
}
},
"FAMILJELIV-MEDLEM-ALLMANNA": {
"absolute": {
"2006": 0,
"2022": null,
"2008": 4,
"2009": 45,
"2010": 33,
"2011": 20,
"2012": 0
},
"relative": {
"2006": 0,
"2022": null,
"2008": 0.055700188056367415,
"2009": 0.6898850918192597,
"2010": 1.147411143177196,
"2011": 1.8964111935291414,
"2012": 0.0
},
"sums": {
"absolute": 102,
"relative": 3.789407616581965
}
},
"FAMILJELIV-MEDLEM-FORALDRAR": {
"absolute": {
"2006": 0,
"2022": null,
"2008": 1,
"2009": 44,
"2010": 0
},
"relative": {
"2006": 0,
"2022": null,
"2008": 0.01237642388281487,
"2009": 0.7185143696423629,
"2010": 0.0
},
"sums": {
"absolute": 45,
"relative": 0.7308907935251778
}
},
"FAMILJELIV-MEDLEM-PLANERARBARN": {
"absolute": {
"2005": 0,
"2021": null,
"2008": 8,
"2009": 0
},
"relative": {
"2005": 0,
"2021": null,
"2008": 0.3237033213741141,
"2009": 0.0
},
"sums": {
"absolute": 8,
"relative": 0.3237033213741141
}
},
"FAMILJELIV-MEDLEM-VANTARBARN": {
"absolute": {
"2003": 0,
"2022": null,
"2008": 77,
"2009": 133,
"2010": 0
},
"relative": {
"2003": 0,
"2022": null,
"2008": 1.467262598864678,
"2009": 2.9591286047081207,
"2010": 0.0
},
"sums": {
"absolute": 210,
"relative": 4.426391203572798
}
},
"FAMILJELIV-PAPPAGRUPP": {
"absolute": {
"2004": 0,
"2023": null
},
"relative": {
"2004": 0,
"2023": null
},
"sums": {
"absolute": 0,
"relative": 0.0
}
},
"FAMILJELIV-PLANERARBARN": {
"absolute": {
"2003": 0,
"2022": null,
"2008": 20,
"2009": 3,
"2010": 0,
"2011": 4,
"2012": 0
},
"relative": {
"2003": 0,
"2022": null,
"2008": 1.7284239754874913,
"2009": 0.19037175796896177,
"2010": 0.0,
"2011": 0.23376996497775268,
"2012": 0.0
},
"sums": {
"absolute": 27,
"relative": 2.1525656984342056
}
},
"FAMILJELIV-SEXSAMLEVNAD": {
"absolute": {
"2004": 0,
"2022": null,
"2008": 1,
"2009": 10,
"2010": 0,
"2011": 4,
"2012": 0
},
"relative": {
"2004": 0,
"2022": null,
"2008": 0.06917373016918857,
"2009": 0.6881835985753498,
"2010": 0.0,
"2011": 0.28929746208738677,
"2012": 0.0
},
"sums": {
"absolute": 15,
"relative": 1.0466547908319253
}
},
"FAMILJELIV-SVARTATTFABARN": {
"absolute": {
"2003": 0,
"2022": null,
"2008": 3,
"2009": 2,
"2010": 0
},
"relative": {
"2003": 0,
"2022": null,
"2008": 0.1105512672104831,
"2009": 0.0983882915571728,
"2010": 0.0
},
"sums": {
"absolute": 5,
"relative": 0.2089395587676559
}
}
},
"combined": {
"absolute": {
"2003": 0,
"2023": null,
"2008": 935,
"2009": 1228,
"2010": 239,
"2011": 290,
"2012": 1,
"2013": 0
},
"relative": {
"2003": 0,
"2023": null,
"2008": 1.5014244712482416,
"2009": 2.069930177243368,
"2010": 0.5798923051670979,
"2011": 0.8039860029141942,
"2012": 0.0034430531896663384,
"2013": 0.0
},
"sums": {
"absolute": 2693,
"relative": 0.6030061589687667
}
},
"time": 1063.4577984809875
}
