 
 
 
 
 
 
 
 
 
 
 
 
 
 
 
 
 
 
 
 
 
 
 
 
 
 
 
 
 
 
 
 
 
 
 
 
 
 
 
 
 
 
 
 
 
 
 
 
 
 
 
 
 
 
 
 
 
 
 
 
 
 
 
 
 
 
 
 
 
 
 
 
 
 
 
 
 
 
 
 
 
 
 
 
 
 
 
 
 
 
 
 
 
 
 
 
 
 
 
 
 
 
 
 
 
 
 
 
 
 
 
 
 
 
 
 
 
 
 
 
 
 
 
 
 
 
 
 
 
 
 
 
 
 
 
 
 
 
 
 
 
 
 
 
 
 
 
 
 
 
 
 
 
 
 
 
 
 
 
 
 
 
 
 
 
 
 
 
 
 
 
 
 
 
 
 
 
 
 
 
 
 
 
 
 
 
 
 
 
 
 
 
 
{
"corpora": {
"FAMILJELIV-ADOPTION": {
"absolute": {
"2003": 0,
"2023": null
},
"relative": {
"2003": 0,
"2023": null
},
"sums": {
"absolute": 0,
"relative": 0.0
}
},
"FAMILJELIV-ALLMANNA-EKONOMI": {
"absolute": {
"2003": 0,
"2023": null,
"2007": 3,
"2008": 2,
"2009": 6,
"2010": 1,
"2011": 0
},
"relative": {
"2003": 0,
"2023": null,
"2007": 0.5614839947115694,
"2008": 0.26341396083455865,
"2009": 0.8155736507183504,
"2010": 0.18564286360057675,
"2011": 0.0
},
"sums": {
"absolute": 12,
"relative": 1.826114469865055
}
},
"FAMILJELIV-ALLMANNA-FAMILJELIV": {
"absolute": {
"2003": 0,
"2023": null,
"2008": 1,
"2009": 1,
"2010": 1,
"2011": 0
},
"relative": {
"2003": 0,
"2023": null,
"2008": 0.13012744421631658,
"2009": 0.1307822254923591,
"2010": 0.15901476992789,
"2011": 0.0
},
"sums": {
"absolute": 3,
"relative": 0.41992443963656567
}
},
"FAMILJELIV-ALLMANNA-FRITID": {
"absolute": {
"2004": 0,
"2023": null,
"2007": 2,
"2008": 0,
"2009": 7,
"2010": 6,
"2011": 0
},
"relative": {
"2004": 0,
"2023": null,
"2007": 0.3790106911335755,
"2008": 0.0,
"2009": 1.6291204820707146,
"2010": 2.0063829730315375,
"2011": 0.0
},
"sums": {
"absolute": 15,
"relative": 4.014514146235827
}
},
"FAMILJELIV-ALLMANNA-HUSDJUR": {
"absolute": {
"2003": 0,
"2023": null
},
"relative": {
"2003": 0,
"2023": null
},
"sums": {
"absolute": 0,
"relative": 0.0
}
},
"FAMILJELIV-ALLMANNA-HUSHEM": {
"absolute": {
"2004": 0,
"2023": null,
"2006": 1,
"2007": 7,
"2008": 0,
"2009": 8,
"2010": 0,
"2012": 1,
"2013": 0
},
"relative": {
"2004": 0,
"2023": null,
"2006": 0.10276067583230239,
"2007": 0.5561547460855645,
"2008": 0.0,
"2009": 0.8649656684314129,
"2010": 0.0,
"2012": 0.2802558623921295,
"2013": 0.0
},
"sums": {
"absolute": 17,
"relative": 1.8041369527414095
}
},
"FAMILJELIV-ALLMANNA-KROPP": {
"absolute": {
"2003": 0,
"2023": null,
"2007": 4,
"2008": 1,
"2009": 4,
"2010": 0
},
"relative": {
"2003": 0,
"2023": null,
"2007": 0.21971350896425623,
"2008": 0.060142240006148935,
"2009": 0.19943797381788253,
"2010": 0.0
},
"sums": {
"absolute": 9,
"relative": 0.4792937227882877
}
},
"FAMILJELIV-ALLMANNA-NOJE": {
"absolute": {
"2003": 0,
"2023": null,
"2007": 2,
"2008": 0,
"2009": 2,
"2010": 2,
"2011": 0
},
"relative": {
"2003": 0,
"2023": null,
"2007": 0.1571434587778136,
"2008": 0.0,
"2009": 0.16035326465616812,
"2010": 0.3203954962005099,
"2011": 0.0
},
"sums": {
"absolute": 6,
"relative": 0.6378922196344916
}
},
"FAMILJELIV-ALLMANNA-SAMHALLE": {
"absolute": {
"2003": 0,
"2022": null,
"2007": 1,
"2008": 2,
"2009": 1,
"2010": 0
},
"relative": {
"2003": 0,
"2022": null,
"2007": 0.026396182520733013,
"2008": 0.05677124876877354,
"2009": 0.02470391981542417,
"2010": 0.0
},
"sums": {
"absolute": 4,
"relative": 0.10787135110493073
}
},
"FAMILJELIV-ALLMANNA-SANDLADAN": {
"absolute": {
"2005": 1,
"2022": null,
"2006": 0
},
"relative": {
"2005": 0.3983381333078397,
"2022": null,
"2006": 0.0
},
"sums": {
"absolute": 1,
"relative": 0.3983381333078397
}
},
"FAMILJELIV-ANGLARUM": {
"absolute": {
"2006": 0,
"2022": null
},
"relative": {
"2006": 0,
"2022": null
},
"sums": {
"absolute": 0,
"relative": 0.0
}
},
"FAMILJELIV-EXPERT": {
"absolute": {
"2009": 0,
"2023": null
},
"relative": {
"2009": 0,
"2023": null
},
"sums": {
"absolute": 0,
"relative": 0.0
}
},
"FAMILJELIV-FORALDER": {
"absolute": {
"2003": 0,
"2022": null,
"2005": 21,
"2006": 13,
"2007": 11,
"2008": 21,
"2009": 21,
"2010": 2,
"2011": 1,
"2012": 0
},
"relative": {
"2003": 0,
"2022": null,
"2005": 0.3424342686822109,
"2006": 0.13052362423381125,
"2007": 0.12830112226741208,
"2008": 0.23753070409541277,
"2009": 0.2592816150962942,
"2010": 0.033441596600808844,
"2011": 0.02040029624494195,
"2012": 0.0
},
"sums": {
"absolute": 90,
"relative": 1.151913227220892
}
},
"FAMILJELIV-GRAVID": {
"absolute": {
"2003": 0,
"2022": null,
"2007": 2,
"2008": 18,
"2009": 0,
"2010": 1,
"2011": 0,
"2012": 1,
"2013": 0
},
"relative": {
"2003": 0,
"2022": null,
"2007": 0.04146970457687445,
"2008": 0.3851581118984456,
"2009": 0.0,
"2010": 0.027135458117492246,
"2011": 0.0,
"2012": 0.024236870033153373,
"2013": 0.0
},
"sums": {
"absolute": 22,
"relative": 0.4780001446259657
}
},
"FAMILJELIV-KANSLIGA": {
"absolute": {
"2003": 0,
"2022": null,
"2007": 4,
"2008": 6,
"2009": 3,
"2010": 0,
"2011": 3,
"2012": 0
},
"relative": {
"2003": 0,
"2022": null,
"2007": 0.04861402035639181,
"2008": 0.06991390417313646,
"2009": 0.031271317266088824,
"2010": 0.0,
"2011": 0.03140050425232432,
"2012": 0.0
},
"sums": {
"absolute": 16,
"relative": 0.18119974604794142
}
},
"FAMILJELIV-MEDLEM-ALLMANNA": {
"absolute": {
"2006": 17,
"2022": null,
"2007": 11,
"2008": 0
},
"relative": {
"2006": 0.724900480758263,
"2022": null,
"2007": 0.14969254172560525,
"2008": 0.0
},
"sums": {
"absolute": 28,
"relative": 0.8745930224838683
}
},
"FAMILJELIV-MEDLEM-FORALDRAR": {
"absolute": {
"2006": 0,
"2022": null,
"2007": 23,
"2008": 12,
"2009": 41,
"2010": 6,
"2011": 1,
"2012": 0
},
"relative": {
"2006": 0,
"2022": null,
"2007": 0.28732890282159235,
"2008": 0.14851708659377844,
"2009": 0.6695247535303835,
"2010": 0.19899642784828978,
"2011": 0.11554687875527356,
"2012": 0.0
},
"sums": {
"absolute": 83,
"relative": 1.4199140495493179
}
},
"FAMILJELIV-MEDLEM-PLANERARBARN": {
"absolute": {
"2005": 0,
"2021": null
},
"relative": {
"2005": 0,
"2021": null
},
"sums": {
"absolute": 0,
"relative": 0.0
}
},
"FAMILJELIV-MEDLEM-VANTARBARN": {
"absolute": {
"2003": 0,
"2023": null,
"2008": 16,
"2009": 0
},
"relative": {
"2003": 0,
"2023": null,
"2008": 0.3048829403855908,
"2009": 0.0
},
"sums": {
"absolute": 16,
"relative": 0.3048829403855908
}
},
"FAMILJELIV-PAPPAGRUPP": {
"absolute": {
"2004": 0,
"2023": null
},
"relative": {
"2004": 0,
"2023": null
},
"sums": {
"absolute": 0,
"relative": 0.0
}
},
"FAMILJELIV-PLANERARBARN": {
"absolute": {
"2003": 0,
"2022": null
},
"relative": {
"2003": 0,
"2022": null
},
"sums": {
"absolute": 0,
"relative": 0.0
}
},
"FAMILJELIV-SEXSAMLEVNAD": {
"absolute": {
"2004": 0,
"2022": null,
"2009": 3,
"2010": 0
},
"relative": {
"2004": 0,
"2022": null,
"2009": 0.20645507957260495,
"2010": 0.0
},
"sums": {
"absolute": 3,
"relative": 0.20645507957260495
}
},
"FAMILJELIV-SVARTATTFABARN": {
"absolute": {
"2003": 0,
"2022": null
},
"relative": {
"2003": 0,
"2022": null
},
"sums": {
"absolute": 0,
"relative": 0.0
}
}
},
"combined": {
"absolute": {
"2003": 0,
"2023": null,
"2005": 22,
"2006": 31,
"2007": 70,
"2008": 79,
"2009": 97,
"2010": 19,
"2011": 5,
"2012": 2,
"2013": 0
},
"relative": {
"2003": 0,
"2023": null,
"2005": 0.09467268781518529,
"2006": 0.06607799894742437,
"2007": 0.11024314391549009,
"2008": 0.12685822632457888,
"2009": 0.1635042382060006,
"2010": 0.04610614093248083,
"2011": 0.013861832517070084,
"2012": 0.006886121766657677,
"2013": 0.0
},
"sums": {
"absolute": 325,
"relative": 0.07277335461490146
}
},
"time": 967.8666837215424
}
