 
 
 
 
 
 
 
 
 
 
 
 
 
 
 
 
 
 
 
 
 
 
 
 
 
 
 
 
 
 
 
 
 
 
 
 
 
 
 
 
 
 
 
 
 
 
 
 
 
 
 
 
 
 
 
 
 
 
 
 
 
 
 
 
 
 
 
 
 
 
 
 
 
 
 
 
 
 
 
 
 
 
 
 
 
 
 
 
 
 
 
 
 
 
 
 
 
 
 
 
 
 
 
 
 
 
 
 
 
 
 
 
 
 
 
 
 
 
 
 
 
 
 
 
 
 
 
 
 
 
 
 
 
 
 
 
 
 
 
 
 
 
 
 
 
 
 
 
 
 
 
 
 
 
 
 
 
 
 
 
 
 
 
 
 
 
 
 
 
 
 
 
 
 
 
 
 
 
 
 
 
 
 
 
 
 
 
 
 
 
 
 
 
 
 
 
 
 
 
 
 
 
 
 
 
 
 
 
 
{
"corpora": {
"FAMILJELIV-ADOPTION": {
"absolute": {
"2003": 0,
"2023": null
},
"relative": {
"2003": 0,
"2023": null
},
"sums": {
"absolute": 0,
"relative": 0.0
}
},
"FAMILJELIV-ALLMANNA-EKONOMI": {
"absolute": {
"2003": 0,
"2023": null,
"2005": 10,
"2006": 37,
"2007": 130,
"2008": 0
},
"relative": {
"2003": 0,
"2023": null,
"2005": 5.859837377793091,
"2006": 10.068355973528387,
"2007": 24.330973104168006,
"2008": 0.0
},
"sums": {
"absolute": 177,
"relative": 40.259166455489485
}
},
"FAMILJELIV-ALLMANNA-FAMILJELIV": {
"absolute": {
"2003": 0,
"2023": null,
"2005": 3,
"2006": 23,
"2007": 19,
"2008": 0
},
"relative": {
"2003": 0,
"2023": null,
"2005": 0.3629155473746326,
"2006": 1.5380269815404664,
"2007": 1.8361589564741418,
"2008": 0.0
},
"sums": {
"absolute": 45,
"relative": 3.737101485389241
}
},
"FAMILJELIV-ALLMANNA-FRITID": {
"absolute": {
"2004": 0,
"2023": null,
"2006": 2,
"2007": 3,
"2008": 0
},
"relative": {
"2004": 0,
"2023": null,
"2006": 0.44080331113815197,
"2007": 0.5685160367003632,
"2008": 0.0
},
"sums": {
"absolute": 5,
"relative": 1.0093193478385152
}
},
"FAMILJELIV-ALLMANNA-HUSDJUR": {
"absolute": {
"2003": 0,
"2023": null,
"2006": 5,
"2007": 0
},
"relative": {
"2003": 0,
"2023": null,
"2006": 0.833663325066172,
"2007": 0.0
},
"sums": {
"absolute": 5,
"relative": 0.833663325066172
}
},
"FAMILJELIV-ALLMANNA-HUSHEM": {
"absolute": {
"2004": 0,
"2023": null,
"2006": 4,
"2007": 31,
"2008": 0
},
"relative": {
"2004": 0,
"2023": null,
"2006": 0.41104270332920956,
"2007": 2.4629710183789277,
"2008": 0.0
},
"sums": {
"absolute": 35,
"relative": 2.8740137217081374
}
},
"FAMILJELIV-ALLMANNA-KROPP": {
"absolute": {
"2003": 0,
"2023": null,
"2006": 4,
"2007": 11,
"2008": 0
},
"relative": {
"2003": 0,
"2023": null,
"2006": 0.21540092951963113,
"2007": 0.6042121496517046,
"2008": 0.0
},
"sums": {
"absolute": 15,
"relative": 0.8196130791713356
}
},
"FAMILJELIV-ALLMANNA-NOJE": {
"absolute": {
"2003": 0,
"2023": null,
"2006": 92,
"2007": 5,
"2008": 0
},
"relative": {
"2003": 0,
"2023": null,
"2006": 7.16454379416951,
"2007": 0.392858646944534,
"2008": 0.0
},
"sums": {
"absolute": 97,
"relative": 7.557402441114044
}
},
"FAMILJELIV-ALLMANNA-SAMHALLE": {
"absolute": {
"2003": 0,
"2022": null,
"2005": 15,
"2006": 447,
"2007": 179,
"2008": 0
},
"relative": {
"2003": 0,
"2022": null,
"2005": 1.1507899213818684,
"2006": 13.277780919822877,
"2007": 4.72491667121121,
"2008": 0.0
},
"sums": {
"absolute": 641,
"relative": 19.153487512415957
}
},
"FAMILJELIV-ALLMANNA-SANDLADAN": {
"absolute": {
"2005": 0,
"2022": null,
"2006": 2,
"2007": 2,
"2008": 0
},
"relative": {
"2005": 0,
"2022": null,
"2006": 0.3122795501550624,
"2007": 0.2966127271478803,
"2008": 0.0
},
"sums": {
"absolute": 4,
"relative": 0.6088922773029427
}
},
"FAMILJELIV-ANGLARUM": {
"absolute": {
"2006": 0,
"2022": null
},
"relative": {
"2006": 0,
"2022": null
},
"sums": {
"absolute": 0,
"relative": 0.0
}
},
"FAMILJELIV-EXPERT": {
"absolute": {
"2009": 0,
"2023": null
},
"relative": {
"2009": 0,
"2023": null
},
"sums": {
"absolute": 0,
"relative": 0.0
}
},
"FAMILJELIV-FORALDER": {
"absolute": {
"2003": 0,
"2022": null,
"2005": 8,
"2006": 403,
"2007": 612,
"2008": 0
},
"relative": {
"2003": 0,
"2022": null,
"2005": 0.1304511499741756,
"2006": 4.046232351248149,
"2007": 7.13820789342329,
"2008": 0.0
},
"sums": {
"absolute": 1023,
"relative": 11.314891394645613
}
},
"FAMILJELIV-GRAVID": {
"absolute": {
"2003": 0,
"2022": null,
"2005": 22,
"2006": 154,
"2007": 13,
"2008": 0
},
"relative": {
"2003": 0,
"2022": null,
"2005": 0.5554038573706737,
"2006": 3.0431062922447127,
"2007": 0.2695530797496839,
"2008": 0.0
},
"sums": {
"absolute": 189,
"relative": 3.8680632293650703
}
},
"FAMILJELIV-KANSLIGA": {
"absolute": {
"2003": 0,
"2022": null,
"2005": 2,
"2006": 125,
"2007": 61,
"2008": 0
},
"relative": {
"2003": 0,
"2022": null,
"2005": 0.09943604350744534,
"2006": 2.41254844807417,
"2007": 0.7413638104349751,
"2008": 0.0
},
"sums": {
"absolute": 188,
"relative": 3.2533483020165903
}
},
"FAMILJELIV-MEDLEM-ALLMANNA": {
"absolute": {
"2006": 324,
"2022": null,
"2007": 820,
"2008": 0
},
"relative": {
"2006": 13.815750339157482,
"2022": null,
"2007": 11.158898564999665,
"2008": 0.0
},
"sums": {
"absolute": 1144,
"relative": 24.97464890415715
}
},
"FAMILJELIV-MEDLEM-FORALDRAR": {
"absolute": {
"2006": 66,
"2022": null,
"2007": 53,
"2008": 0
},
"relative": {
"2006": 3.1810390025264197,
"2022": null,
"2007": 0.6621057325888866,
"2008": 0.0
},
"sums": {
"absolute": 119,
"relative": 3.843144735115306
}
},
"FAMILJELIV-MEDLEM-PLANERARBARN": {
"absolute": {
"2005": 0,
"2021": null
},
"relative": {
"2005": 0,
"2021": null
},
"sums": {
"absolute": 0,
"relative": 0.0
}
},
"FAMILJELIV-MEDLEM-VANTARBARN": {
"absolute": {
"2003": 0,
"2023": null
},
"relative": {
"2003": 0,
"2023": null
},
"sums": {
"absolute": 0,
"relative": 0.0
}
},
"FAMILJELIV-PAPPAGRUPP": {
"absolute": {
"2004": 0,
"2023": null
},
"relative": {
"2004": 0,
"2023": null
},
"sums": {
"absolute": 0,
"relative": 0.0
}
},
"FAMILJELIV-PLANERARBARN": {
"absolute": {
"2003": 0,
"2022": null,
"2004": 3,
"2005": 1,
"2006": 4,
"2007": 0
},
"relative": {
"2003": 0,
"2022": null,
"2004": 0.2414126308375988,
"2005": 0.04432984882989591,
"2006": 0.17717676270060617,
"2007": 0.0
},
"sums": {
"absolute": 8,
"relative": 0.4629192423681009
}
},
"FAMILJELIV-SEXSAMLEVNAD": {
"absolute": {
"2004": 0,
"2022": null
},
"relative": {
"2004": 0,
"2022": null
},
"sums": {
"absolute": 0,
"relative": 0.0
}
},
"FAMILJELIV-SVARTATTFABARN": {
"absolute": {
"2003": 0,
"2022": null,
"2005": 1,
"2006": 0
},
"relative": {
"2003": 0,
"2022": null,
"2005": 0.08848317191643225,
"2006": 0.0
},
"sums": {
"absolute": 1,
"relative": 0.08848317191643225
}
}
},
"combined": {
"absolute": {
"2003": 0,
"2023": null,
"2004": 3,
"2005": 62,
"2006": 1692,
"2007": 1939,
"2008": 0
},
"relative": {
"2003": 0,
"2023": null,
"2004": 0.031101688681737818,
"2005": 0.26680484747915856,
"2006": 3.606579813517485,
"2007": 3.0537350864590755,
"2008": 0.0
},
"sums": {
"absolute": 3696,
"relative": 0.8276009804820794
}
},
"time": 1045.768611907959
}
