 
 
 
 
 
 
 
 
 
 
 
 
 
 
 
 
 
 
 
 
 
 
 
 
 
 
 
 
 
 
 
 
 
 
 
 
 
 
 
 
 
 
 
 
 
 
 
 
 
 
 
 
 
 
 
 
 
 
 
 
 
 
 
 
 
 
 
 
 
 
 
 
 
 
 
 
 
 
 
 
 
 
 
 
 
 
 
 
 
 
 
 
 
 
 
 
 
 
 
 
 
 
 
 
 
 
 
 
 
 
 
 
 
 
 
 
 
 
 
 
 
 
 
 
 
 
 
 
 
 
 
 
 
 
 
 
 
 
 
 
 
 
 
 
 
 
 
 
 
 
 
 
 
 
 
 
 
 
 
 
 
 
 
 
 
 
 
 
 
 
 
 
 
 
 
 
 
 
 
 
 
 
 
 
 
 
 
 
 
 
 
 
 
 
 
 
 
 
 
 
 
 
 
 
 
 
 
 
 
 
 
 
 
 
 
 
 
 
 
 
 
 
{
"corpora": {
"FAMILJELIV-ADOPTION": {
"absolute": {
"2003": 0,
"2023": null
},
"relative": {
"2003": 0,
"2023": null
},
"sums": {
"absolute": 0,
"relative": 0.0
}
},
"FAMILJELIV-ALLMANNA-EKONOMI": {
"absolute": {
"2003": 0,
"2023": null,
"2004": 1,
"2005": 2,
"2006": 1,
"2007": 1,
"2008": 14,
"2009": 4,
"2010": 0
},
"relative": {
"2003": 0,
"2023": null,
"2004": 1.4153480340815807,
"2005": 1.1719674755586182,
"2006": 0.2721177290142808,
"2007": 0.18716133157052314,
"2008": 1.8438977258419105,
"2009": 0.5437157671455669,
"2010": 0.0
},
"sums": {
"absolute": 23,
"relative": 5.4342080632124805
}
},
"FAMILJELIV-ALLMANNA-FAMILJELIV": {
"absolute": {
"2003": 0,
"2023": null,
"2006": 1,
"2007": 3,
"2008": 22,
"2009": 7,
"2010": 1,
"2011": 0
},
"relative": {
"2003": 0,
"2023": null,
"2006": 0.06687073832784637,
"2007": 0.2899198352327592,
"2008": 2.862803772758965,
"2009": 0.9154755784465138,
"2010": 0.15901476992789,
"2011": 0.0
},
"sums": {
"absolute": 34,
"relative": 4.294084694693974
}
},
"FAMILJELIV-ALLMANNA-FRITID": {
"absolute": {
"2004": 0,
"2023": null,
"2008": 4,
"2009": 0
},
"relative": {
"2004": 0,
"2023": null,
"2008": 0.7431246571176386,
"2009": 0.0
},
"sums": {
"absolute": 4,
"relative": 0.7431246571176386
}
},
"FAMILJELIV-ALLMANNA-HUSDJUR": {
"absolute": {
"2003": 0,
"2023": null,
"2006": 1,
"2007": 0,
"2008": 2,
"2009": 0
},
"relative": {
"2003": 0,
"2023": null,
"2006": 0.16673266501323442,
"2007": 0.0,
"2008": 0.26576738072160627,
"2009": 0.0
},
"sums": {
"absolute": 3,
"relative": 0.4325000457348407
}
},
"FAMILJELIV-ALLMANNA-HUSHEM": {
"absolute": {
"2004": 0,
"2023": null,
"2006": 1,
"2007": 2,
"2008": 23,
"2009": 4,
"2010": 0
},
"relative": {
"2004": 0,
"2023": null,
"2006": 0.10276067583230239,
"2007": 0.158901356024447,
"2008": 1.811956565667945,
"2009": 0.43248283421570644,
"2010": 0.0
},
"sums": {
"absolute": 30,
"relative": 2.506101431740401
}
},
"FAMILJELIV-ALLMANNA-KROPP": {
"absolute": {
"2003": 0,
"2023": null,
"2004": 3,
"2005": 2,
"2006": 0,
"2007": 3,
"2008": 25,
"2009": 4,
"2010": 1,
"2011": 0
},
"relative": {
"2003": 0,
"2023": null,
"2004": 1.144603044033642,
"2005": 0.24497375106257366,
"2006": 0.0,
"2007": 0.16478513172319217,
"2008": 1.5035560001537236,
"2009": 0.19943797381788253,
"2010": 0.07919659803093498,
"2011": 0.0
},
"sums": {
"absolute": 38,
"relative": 3.336552498821949
}
},
"FAMILJELIV-ALLMANNA-NOJE": {
"absolute": {
"2003": 0,
"2023": null,
"2004": 2,
"2005": 6,
"2006": 5,
"2007": 5,
"2008": 16,
"2009": 5,
"2010": 1,
"2011": 0
},
"relative": {
"2003": 0,
"2023": null,
"2004": 0.47164516436362336,
"2005": 0.5815228105230043,
"2006": 0.3893773801179081,
"2007": 0.392858646944534,
"2008": 1.245452638355193,
"2009": 0.4008831616404203,
"2010": 0.16019774810025494,
"2011": 0.0
},
"sums": {
"absolute": 40,
"relative": 3.641937550044938
}
},
"FAMILJELIV-ALLMANNA-SAMHALLE": {
"absolute": {
"2003": 0,
"2022": null,
"2004": 5,
"2005": 1,
"2006": 0,
"2007": 3,
"2008": 39,
"2009": 20,
"2010": 5,
"2011": 0
},
"relative": {
"2003": 0,
"2022": null,
"2004": 1.184426871234559,
"2005": 0.07671932809212458,
"2006": 0.0,
"2007": 0.07918854756219904,
"2008": 1.107039350991084,
"2009": 0.49407839630848344,
"2010": 0.16695818121634312,
"2011": 0.0
},
"sums": {
"absolute": 73,
"relative": 3.1084106754047927
}
},
"FAMILJELIV-ALLMANNA-SANDLADAN": {
"absolute": {
"2005": 0,
"2022": null,
"2008": 4,
"2009": 3,
"2010": 0
},
"relative": {
"2005": 0,
"2022": null,
"2008": 1.2269148306397442,
"2009": 0.5920014681636411,
"2010": 0.0
},
"sums": {
"absolute": 7,
"relative": 1.8189162988033853
}
},
"FAMILJELIV-ANGLARUM": {
"absolute": {
"2006": 0,
"2022": null
},
"relative": {
"2006": 0,
"2022": null
},
"sums": {
"absolute": 0,
"relative": 0.0
}
},
"FAMILJELIV-EXPERT": {
"absolute": {
"2009": 0,
"2023": null
},
"relative": {
"2009": 0,
"2023": null
},
"sums": {
"absolute": 0,
"relative": 0.0
}
},
"FAMILJELIV-FORALDER": {
"absolute": {
"2003": 5,
"2022": null,
"2004": 4,
"2005": 2,
"2006": 2,
"2007": 8,
"2008": 54,
"2009": 21,
"2010": 5,
"2011": 2,
"2012": 0
},
"relative": {
"2003": 8.971683572309077,
"2022": null,
"2004": 0.2471829180783901,
"2005": 0.0326127874935439,
"2006": 0.020080557574432504,
"2007": 0.09330990710357243,
"2008": 0.6107932391024901,
"2009": 0.2592816150962942,
"2010": 0.08360399150202212,
"2011": 0.0408005924898839,
"2012": 0.0
},
"sums": {
"absolute": 103,
"relative": 10.359349180749707
}
},
"FAMILJELIV-GRAVID": {
"absolute": {
"2003": 7,
"2022": null,
"2004": 0,
"2006": 4,
"2007": 0,
"2008": 36,
"2009": 7,
"2010": 1,
"2011": 0
},
"relative": {
"2003": 3.028438770592302,
"2022": null,
"2004": 0.0,
"2006": 0.07904172187648605,
"2007": 0.0,
"2008": 0.7703162237968912,
"2009": 0.13723762078430043,
"2010": 0.027135458117492246,
"2011": 0.0
},
"sums": {
"absolute": 55,
"relative": 4.042169795167471
}
},
"FAMILJELIV-KANSLIGA": {
"absolute": {
"2003": 0,
"2022": null,
"2004": 4,
"2005": 0,
"2007": 1,
"2008": 6,
"2009": 1,
"2010": 0
},
"relative": {
"2003": 0,
"2022": null,
"2004": 0.3860080571461768,
"2005": 0.0,
"2007": 0.012153505089097953,
"2008": 0.06991390417313646,
"2009": 0.010423772422029609,
"2010": 0.0
},
"sums": {
"absolute": 12,
"relative": 0.4784992388304409
}
},
"FAMILJELIV-MEDLEM-ALLMANNA": {
"absolute": {
"2006": 2,
"2022": null,
"2007": 10,
"2008": 84,
"2009": 28,
"2010": 1,
"2011": 0
},
"relative": {
"2006": 0.08528240950097211,
"2022": null,
"2007": 0.13608412884145935,
"2008": 1.1697039491837158,
"2009": 0.42926183490976166,
"2010": 0.03477003464173321,
"2011": 0.0
},
"sums": {
"absolute": 125,
"relative": 1.8551023570776422
}
},
"FAMILJELIV-MEDLEM-FORALDRAR": {
"absolute": {
"2006": 2,
"2022": null,
"2007": 0,
"2008": 5,
"2009": 2,
"2010": 0
},
"relative": {
"2006": 0.09639512128867939,
"2022": null,
"2007": 0.0,
"2008": 0.06188211941407435,
"2009": 0.03265974407465286,
"2010": 0.0
},
"sums": {
"absolute": 9,
"relative": 0.1909369847774066
}
},
"FAMILJELIV-MEDLEM-PLANERARBARN": {
"absolute": {
"2005": 0,
"2021": null
},
"relative": {
"2005": 0,
"2021": null
},
"sums": {
"absolute": 0,
"relative": 0.0
}
},
"FAMILJELIV-MEDLEM-VANTARBARN": {
"absolute": {
"2003": 0,
"2023": null,
"2008": 4,
"2009": 0
},
"relative": {
"2003": 0,
"2023": null,
"2008": 0.0762207350963977,
"2009": 0.0
},
"sums": {
"absolute": 4,
"relative": 0.0762207350963977
}
},
"FAMILJELIV-PAPPAGRUPP": {
"absolute": {
"2004": 0,
"2023": null
},
"relative": {
"2004": 0,
"2023": null
},
"sums": {
"absolute": 0,
"relative": 0.0
}
},
"FAMILJELIV-PLANERARBARN": {
"absolute": {
"2003": 0,
"2022": null
},
"relative": {
"2003": 0,
"2022": null
},
"sums": {
"absolute": 0,
"relative": 0.0
}
},
"FAMILJELIV-SEXSAMLEVNAD": {
"absolute": {
"2004": 0,
"2022": null
},
"relative": {
"2004": 0,
"2022": null
},
"sums": {
"absolute": 0,
"relative": 0.0
}
},
"FAMILJELIV-SVARTATTFABARN": {
"absolute": {
"2003": 0,
"2022": null
},
"relative": {
"2003": 0,
"2022": null
},
"sums": {
"absolute": 0,
"relative": 0.0
}
}
},
"combined": {
"absolute": {
"2003": 12,
"2023": null,
"2004": 19,
"2005": 13,
"2006": 19,
"2007": 36,
"2008": 338,
"2009": 106,
"2010": 15,
"2011": 2,
"2012": 0
},
"relative": {
"2003": 1.7532420001393827,
"2023": null,
"2004": 0.19697736165100618,
"2005": 0.0559429518907913,
"2006": 0.040499418709711715,
"2007": 0.056696474013680616,
"2008": 0.542760512629211,
"2009": 0.17867473453439242,
"2010": 0.036399584946695394,
"2011": 0.005544733006828033,
"2012": 0.0
},
"sums": {
"absolute": 560,
"relative": 0.12539408795183024
}
},
"time": 1113.1069481372833
}
