 
 
 
 
 
 
 
 
 
 
 
 
 
 
 
 
 
 
 
 
 
 
 
 
 
 
 
 
 
 
 
 
 
 
 
 
 
 
 
 
 
 
 
 
 
 
 
 
 
 
 
 
 
 
 
 
 
 
 
 
 
 
 
 
 
 
 
 
 
 
 
 
 
 
 
 
 
 
 
 
 
 
 
 
 
 
 
 
 
 
 
 
 
 
 
 
 
 
 
 
 
 
 
 
 
 
 
 
 
 
 
 
 
 
 
 
 
 
 
 
 
 
 
 
 
 
 
 
 
 
 
 
 
 
 
 
 
 
 
 
 
 
 
 
 
 
 
 
 
 
 
 
 
 
 
 
 
 
 
 
 
 
 
 
 
 
 
 
 
 
 
 
 
 
 
 
 
 
 
 
 
 
 
 
 
 
 
 
 
 
 
 
 
 
 
 
 
 
 
 
 
 
 
 
 
 
 
{
"corpora": {
"FAMILJELIV-ADOPTION": {
"absolute": {
"2003": 0,
"2023": null
},
"relative": {
"2003": 0,
"2023": null
},
"sums": {
"absolute": 0,
"relative": 0.0
}
},
"FAMILJELIV-ALLMANNA-EKONOMI": {
"absolute": {
"2003": 0,
"2023": null
},
"relative": {
"2003": 0,
"2023": null
},
"sums": {
"absolute": 0,
"relative": 0.0
}
},
"FAMILJELIV-ALLMANNA-FAMILJELIV": {
"absolute": {
"2003": 0,
"2023": null,
"2005": 4,
"2006": 0
},
"relative": {
"2003": 0,
"2023": null,
"2005": 0.48388739649951024,
"2006": 0.0
},
"sums": {
"absolute": 4,
"relative": 0.48388739649951024
}
},
"FAMILJELIV-ALLMANNA-FRITID": {
"absolute": {
"2004": 0,
"2023": null
},
"relative": {
"2004": 0,
"2023": null
},
"sums": {
"absolute": 0,
"relative": 0.0
}
},
"FAMILJELIV-ALLMANNA-HUSDJUR": {
"absolute": {
"2003": 0,
"2023": null
},
"relative": {
"2003": 0,
"2023": null
},
"sums": {
"absolute": 0,
"relative": 0.0
}
},
"FAMILJELIV-ALLMANNA-HUSHEM": {
"absolute": {
"2004": 1,
"2023": null,
"2005": 0,
"2006": 1,
"2007": 0
},
"relative": {
"2004": 0.7539493753152451,
"2023": null,
"2005": 0.0,
"2006": 0.10276067583230239,
"2007": 0.0
},
"sums": {
"absolute": 2,
"relative": 0.8567100511475475
}
},
"FAMILJELIV-ALLMANNA-KROPP": {
"absolute": {
"2003": 0,
"2023": null,
"2004": 1,
"2005": 0
},
"relative": {
"2003": 0,
"2023": null,
"2004": 0.38153434801121405,
"2005": 0.0
},
"sums": {
"absolute": 1,
"relative": 0.38153434801121405
}
},
"FAMILJELIV-ALLMANNA-NOJE": {
"absolute": {
"2003": 0,
"2023": null,
"2004": 2,
"2005": 2,
"2006": 0
},
"relative": {
"2003": 0,
"2023": null,
"2004": 0.47164516436362336,
"2005": 0.1938409368410014,
"2006": 0.0
},
"sums": {
"absolute": 4,
"relative": 0.6654861012046247
}
},
"FAMILJELIV-ALLMANNA-SAMHALLE": {
"absolute": {
"2003": 0,
"2022": null,
"2004": 5,
"2005": 2,
"2006": 4,
"2007": 0
},
"relative": {
"2003": 0,
"2022": null,
"2004": 1.184426871234559,
"2005": 0.15343865618424915,
"2006": 0.11881683149729644,
"2007": 0.0
},
"sums": {
"absolute": 11,
"relative": 1.4566823589161044
}
},
"FAMILJELIV-ALLMANNA-SANDLADAN": {
"absolute": {
"2005": 0,
"2022": null
},
"relative": {
"2005": 0,
"2022": null
},
"sums": {
"absolute": 0,
"relative": 0.0
}
},
"FAMILJELIV-ANGLARUM": {
"absolute": {
"2006": 0,
"2022": null
},
"relative": {
"2006": 0,
"2022": null
},
"sums": {
"absolute": 0,
"relative": 0.0
}
},
"FAMILJELIV-EXPERT": {
"absolute": {
"2009": 0,
"2023": null
},
"relative": {
"2009": 0,
"2023": null
},
"sums": {
"absolute": 0,
"relative": 0.0
}
},
"FAMILJELIV-FORALDER": {
"absolute": {
"2003": 0,
"2022": null,
"2005": 5,
"2006": 1,
"2007": 2,
"2008": 0,
"2009": 1,
"2010": 2,
"2011": 0
},
"relative": {
"2003": 0,
"2022": null,
"2005": 0.08153196873385973,
"2006": 0.010040278787216252,
"2007": 0.023327476775893106,
"2008": 0.0,
"2009": 0.012346743576014011,
"2010": 0.033441596600808844,
"2011": 0.0
},
"sums": {
"absolute": 11,
"relative": 0.16068806447379194
}
},
"FAMILJELIV-GRAVID": {
"absolute": {
"2003": 0,
"2022": null,
"2004": 2,
"2005": 0,
"2006": 2,
"2007": 0,
"2010": 2,
"2011": 0
},
"relative": {
"2003": 0,
"2022": null,
"2004": 0.07716548933993489,
"2005": 0.0,
"2006": 0.03952086093824302,
"2007": 0.0,
"2010": 0.05427091623498449,
"2011": 0.0
},
"sums": {
"absolute": 6,
"relative": 0.1709572665131624
}
},
"FAMILJELIV-KANSLIGA": {
"absolute": {
"2003": 0,
"2022": null,
"2004": 4,
"2005": 1,
"2006": 0,
"2009": 1,
"2010": 0
},
"relative": {
"2003": 0,
"2022": null,
"2004": 0.3860080571461768,
"2005": 0.04971802175372267,
"2006": 0.0,
"2009": 0.010423772422029609,
"2010": 0.0
},
"sums": {
"absolute": 6,
"relative": 0.4461498513219291
}
},
"FAMILJELIV-MEDLEM-ALLMANNA": {
"absolute": {
"2006": 3,
"2022": null,
"2007": 3,
"2008": 1,
"2009": 2,
"2010": 0
},
"relative": {
"2006": 0.12792361425145818,
"2022": null,
"2007": 0.0408252386524378,
"2008": 0.013925047014091854,
"2009": 0.03066155963641155,
"2010": 0.0
},
"sums": {
"absolute": 9,
"relative": 0.21333545955439936
}
},
"FAMILJELIV-MEDLEM-FORALDRAR": {
"absolute": {
"2006": 0,
"2022": null,
"2008": 4,
"2009": 2,
"2010": 0
},
"relative": {
"2006": 0,
"2022": null,
"2008": 0.04950569553125948,
"2009": 0.03265974407465286,
"2010": 0.0
},
"sums": {
"absolute": 6,
"relative": 0.08216543960591234
}
},
"FAMILJELIV-MEDLEM-PLANERARBARN": {
"absolute": {
"2005": 0,
"2021": null
},
"relative": {
"2005": 0,
"2021": null
},
"sums": {
"absolute": 0,
"relative": 0.0
}
},
"FAMILJELIV-MEDLEM-VANTARBARN": {
"absolute": {
"2003": 0,
"2023": null,
"2004": 2,
"2005": 0,
"2010": 6,
"2011": 0
},
"relative": {
"2003": 0,
"2023": null,
"2004": 0.2102496051775227,
"2005": 0.0,
"2010": 0.13748046832171612,
"2011": 0.0
},
"sums": {
"absolute": 8,
"relative": 0.3477300734992388
}
},
"FAMILJELIV-PAPPAGRUPP": {
"absolute": {
"2004": 0,
"2023": null
},
"relative": {
"2004": 0,
"2023": null
},
"sums": {
"absolute": 0,
"relative": 0.0
}
},
"FAMILJELIV-PLANERARBARN": {
"absolute": {
"2003": 0,
"2022": null
},
"relative": {
"2003": 0,
"2022": null
},
"sums": {
"absolute": 0,
"relative": 0.0
}
},
"FAMILJELIV-SEXSAMLEVNAD": {
"absolute": {
"2004": 0,
"2022": null
},
"relative": {
"2004": 0,
"2022": null
},
"sums": {
"absolute": 0,
"relative": 0.0
}
},
"FAMILJELIV-SVARTATTFABARN": {
"absolute": {
"2003": 0,
"2022": null,
"2004": 1,
"2005": 0
},
"relative": {
"2003": 0,
"2022": null,
"2004": 0.19451256706793313,
"2005": 0.0
},
"sums": {
"absolute": 1,
"relative": 0.19451256706793313
}
}
},
"combined": {
"absolute": {
"2003": 0,
"2023": null,
"2004": 18,
"2005": 14,
"2006": 11,
"2007": 5,
"2008": 5,
"2009": 6,
"2010": 10,
"2011": 0
},
"relative": {
"2003": 0,
"2023": null,
"2004": 0.1866101320904269,
"2005": 0.06024625588239064,
"2006": 0.023447031884569938,
"2007": 0.007874510279677864,
"2008": 0.008029001666112588,
"2009": 0.010113664218927874,
"2010": 0.024266389964463595,
"2011": 0.0
},
"sums": {
"absolute": 69,
"relative": 0.01545034297977908
}
},
"time": 1036.4364068508148
}
