 
 
 
 
 
 
 
 
 
 
 
 
 
 
 
 
 
 
 
 
 
 
 
 
 
 
 
 
 
 
 
 
 
 
 
 
 
 
 
 
 
 
 
 
 
 
 
 
 
 
 
 
 
 
 
 
 
 
 
 
 
 
 
 
 
 
 
 
 
 
 
 
 
 
 
 
 
 
 
 
 
 
 
 
 
 
 
 
 
 
 
 
 
 
 
 
 
 
 
 
 
 
 
 
 
 
 
 
 
 
 
 
 
 
 
 
 
 
 
 
 
 
 
 
 
 
 
 
 
 
 
 
 
 
 
 
 
 
 
 
 
 
 
 
 
 
 
 
 
 
 
 
 
 
 
 
 
 
 
 
 
 
 
 
 
 
 
 
 
 
 
 
 
 
 
 
 
 
 
 
 
 
 
 
 
 
 
 
 
 
 
 
 
 
 
 
 
 
 
 
 
 
 
 
 
 
 
 
 
 
{
"corpora": {
"FAMILJELIV-ADOPTION": {
"absolute": {
"2003": 0,
"2023": null
},
"relative": {
"2003": 0,
"2023": null
},
"sums": {
"absolute": 0,
"relative": 0.0
}
},
"FAMILJELIV-ALLMANNA-EKONOMI": {
"absolute": {
"2003": 0,
"2023": null,
"2009": 1,
"2010": 0
},
"relative": {
"2003": 0,
"2023": null,
"2009": 0.13592894178639173,
"2010": 0.0
},
"sums": {
"absolute": 1,
"relative": 0.13592894178639173
}
},
"FAMILJELIV-ALLMANNA-FAMILJELIV": {
"absolute": {
"2003": 0,
"2023": null
},
"relative": {
"2003": 0,
"2023": null
},
"sums": {
"absolute": 0,
"relative": 0.0
}
},
"FAMILJELIV-ALLMANNA-FRITID": {
"absolute": {
"2004": 0,
"2023": null
},
"relative": {
"2004": 0,
"2023": null
},
"sums": {
"absolute": 0,
"relative": 0.0
}
},
"FAMILJELIV-ALLMANNA-HUSDJUR": {
"absolute": {
"2003": 0,
"2023": null,
"2009": 1,
"2010": 0
},
"relative": {
"2003": 0,
"2023": null,
"2009": 0.15640745832093153,
"2010": 0.0
},
"sums": {
"absolute": 1,
"relative": 0.15640745832093153
}
},
"FAMILJELIV-ALLMANNA-HUSHEM": {
"absolute": {
"2004": 0,
"2023": null,
"2009": 3,
"2010": 1,
"2011": 1,
"2012": 0
},
"relative": {
"2004": 0,
"2023": null,
"2009": 0.3243621256617798,
"2010": 0.18253871189732562,
"2011": 0.21853710388510894,
"2012": 0.0
},
"sums": {
"absolute": 5,
"relative": 0.7254379414442144
}
},
"FAMILJELIV-ALLMANNA-KROPP": {
"absolute": {
"2003": 0,
"2023": null,
"2009": 2,
"2010": 2,
"2011": 0,
"2012": 1,
"2013": 0
},
"relative": {
"2003": 0,
"2023": null,
"2009": 0.09971898690894127,
"2010": 0.15839319606186997,
"2011": 0.0,
"2012": 0.10635464765556069,
"2013": 0.0
},
"sums": {
"absolute": 5,
"relative": 0.3644668306263719
}
},
"FAMILJELIV-ALLMANNA-NOJE": {
"absolute": {
"2003": 0,
"2023": null,
"2008": 9,
"2009": 5,
"2010": 2,
"2011": 2,
"2012": 0,
"2013": 1,
"2014": 0
},
"relative": {
"2003": 0,
"2023": null,
"2008": 0.700567109074796,
"2009": 0.4008831616404203,
"2010": 0.3203954962005099,
"2011": 0.3006910180285314,
"2012": 0.0,
"2013": 0.39935639723022376,
"2014": 0.0
},
"sums": {
"absolute": 19,
"relative": 2.1218931821744813
}
},
"FAMILJELIV-ALLMANNA-SAMHALLE": {
"absolute": {
"2003": 0,
"2022": null,
"2010": 7,
"2011": 2,
"2012": 2,
"2013": 2,
"2014": 0
},
"relative": {
"2003": 0,
"2022": null,
"2010": 0.23374145370288035,
"2011": 0.06381016628674094,
"2012": 0.08647711517186506,
"2013": 0.12866209307235685,
"2014": 0.0
},
"sums": {
"absolute": 13,
"relative": 0.5126908282338433
}
},
"FAMILJELIV-ALLMANNA-SANDLADAN": {
"absolute": {
"2005": 0,
"2022": null
},
"relative": {
"2005": 0,
"2022": null
},
"sums": {
"absolute": 0,
"relative": 0.0
}
},
"FAMILJELIV-ANGLARUM": {
"absolute": {
"2006": 0,
"2022": null,
"2010": 1,
"2011": 0
},
"relative": {
"2006": 0,
"2022": null,
"2010": 0.416566690660908,
"2011": 0.0
},
"sums": {
"absolute": 1,
"relative": 0.416566690660908
}
},
"FAMILJELIV-EXPERT": {
"absolute": {
"2009": 0,
"2023": null
},
"relative": {
"2009": 0,
"2023": null
},
"sums": {
"absolute": 0,
"relative": 0.0
}
},
"FAMILJELIV-FORALDER": {
"absolute": {
"2003": 0,
"2022": null,
"2011": 2,
"2012": 0
},
"relative": {
"2003": 0,
"2022": null,
"2011": 0.0408005924898839,
"2012": 0.0
},
"sums": {
"absolute": 2,
"relative": 0.0408005924898839
}
},
"FAMILJELIV-GRAVID": {
"absolute": {
"2003": 0,
"2022": null
},
"relative": {
"2003": 0,
"2022": null
},
"sums": {
"absolute": 0,
"relative": 0.0
}
},
"FAMILJELIV-KANSLIGA": {
"absolute": {
"2003": 0,
"2022": null,
"2009": 101,
"2010": 18,
"2011": 19,
"2012": 26,
"2013": 11,
"2014": 2,
"2015": 0
},
"relative": {
"2003": 0,
"2022": null,
"2009": 1.0528010146249904,
"2010": 0.235515822698769,
"2011": 0.1988698602647207,
"2012": 0.25562582545634643,
"2013": 0.12633453485898286,
"2014": 0.03475869290143896,
"2015": 0.0
},
"sums": {
"absolute": 177,
"relative": 1.9039057508052484
}
},
"FAMILJELIV-MEDLEM-ALLMANNA": {
"absolute": {
"2006": 0,
"2022": null
},
"relative": {
"2006": 0,
"2022": null
},
"sums": {
"absolute": 0,
"relative": 0.0
}
},
"FAMILJELIV-MEDLEM-FORALDRAR": {
"absolute": {
"2006": 0,
"2022": null
},
"relative": {
"2006": 0,
"2022": null
},
"sums": {
"absolute": 0,
"relative": 0.0
}
},
"FAMILJELIV-MEDLEM-PLANERARBARN": {
"absolute": {
"2005": 0,
"2021": null
},
"relative": {
"2005": 0,
"2021": null
},
"sums": {
"absolute": 0,
"relative": 0.0
}
},
"FAMILJELIV-MEDLEM-VANTARBARN": {
"absolute": {
"2003": 0,
"2022": null
},
"relative": {
"2003": 0,
"2022": null
},
"sums": {
"absolute": 0,
"relative": 0.0
}
},
"FAMILJELIV-PAPPAGRUPP": {
"absolute": {
"2004": 0,
"2023": null
},
"relative": {
"2004": 0,
"2023": null
},
"sums": {
"absolute": 0,
"relative": 0.0
}
},
"FAMILJELIV-PLANERARBARN": {
"absolute": {
"2003": 0,
"2022": null
},
"relative": {
"2003": 0,
"2022": null
},
"sums": {
"absolute": 0,
"relative": 0.0
}
},
"FAMILJELIV-SEXSAMLEVNAD": {
"absolute": {
"2004": 0,
"2022": null,
"2009": 2,
"2010": 2,
"2011": 0
},
"relative": {
"2004": 0,
"2022": null,
"2009": 0.13763671971506997,
"2010": 0.18676279472219548,
"2011": 0.0
},
"sums": {
"absolute": 4,
"relative": 0.32439951443726545
}
},
"FAMILJELIV-SVARTATTFABARN": {
"absolute": {
"2003": 0,
"2022": null
},
"relative": {
"2003": 0,
"2022": null
},
"sums": {
"absolute": 0,
"relative": 0.0
}
}
},
"combined": {
"absolute": {
"2003": 0,
"2023": null,
"2008": 9,
"2009": 115,
"2010": 33,
"2011": 26,
"2012": 29,
"2013": 14,
"2014": 2,
"2015": 0
},
"relative": {
"2003": 0,
"2023": null,
"2008": 0.01445221416174778,
"2009": 0.19384525275487566,
"2010": 0.08006881201051978,
"2011": 0.07208150370954844,
"2012": 0.09984854250032381,
"2013": 0.06738635940283748,
"2014": 0.014438482089308423,
"2015": 0.0
},
"sums": {
"absolute": 228,
"relative": 0.05105287940767872
}
},
"time": 1055.0091071128845
}
