 
 
 
 
 
 
 
 
 
 
 
 
 
 
 
 
 
 
 
 
 
 
 
 
 
 
 
 
 
 
 
 
 
 
 
 
 
 
 
 
 
 
 
 
 
 
 
 
 
 
 
 
 
 
 
 
 
 
 
 
 
 
 
 
 
 
 
 
 
 
 
 
 
 
 
 
 
 
 
 
 
 
 
 
 
 
 
 
 
 
 
 
 
 
 
 
 
 
 
 
 
 
 
 
 
 
 
 
 
 
 
 
 
 
 
 
 
 
 
 
 
 
 
 
 
 
 
 
 
 
 
 
 
 
 
 
 
 
 
 
 
 
 
 
 
 
 
 
 
 
 
 
 
 
 
 
 
 
 
 
 
 
 
 
 
 
 
 
 
 
 
 
 
 
 
 
 
 
 
 
 
 
 
 
 
 
 
 
 
 
 
 
 
 
{
"corpora": {
"FAMILJELIV-ADOPTION": {
"absolute": {
"2003": 0,
"2023": null,
"2008": 14,
"2009": 43,
"2010": 4,
"2011": 0
},
"relative": {
"2003": 0,
"2023": null,
"2008": 5.0055132152699615,
"2009": 17.932417306534237,
"2010": 3.889529580844845,
"2011": 0.0
},
"sums": {
"absolute": 61,
"relative": 26.82746010264904
}
},
"FAMILJELIV-ALLMANNA-EKONOMI": {
"absolute": {
"2003": 0,
"2023": null,
"2008": 4,
"2009": 0,
"2010": 1,
"2011": 0
},
"relative": {
"2003": 0,
"2023": null,
"2008": 0.5268279216691173,
"2009": 0.0,
"2010": 0.18564286360057675,
"2011": 0.0
},
"sums": {
"absolute": 5,
"relative": 0.7124707852696941
}
},
"FAMILJELIV-ALLMANNA-FAMILJELIV": {
"absolute": {
"2003": 0,
"2023": null,
"2008": 2,
"2009": 5,
"2010": 3,
"2011": 0
},
"relative": {
"2003": 0,
"2023": null,
"2008": 0.26025488843263317,
"2009": 0.6539111274617956,
"2010": 0.47704430978366996,
"2011": 0.0
},
"sums": {
"absolute": 10,
"relative": 1.3912103256780988
}
},
"FAMILJELIV-ALLMANNA-FRITID": {
"absolute": {
"2004": 0,
"2023": null,
"2009": 1,
"2010": 2,
"2011": 0
},
"relative": {
"2004": 0,
"2023": null,
"2009": 0.23273149743867352,
"2010": 0.6687943243438458,
"2011": 0.0
},
"sums": {
"absolute": 3,
"relative": 0.9015258217825193
}
},
"FAMILJELIV-ALLMANNA-HUSDJUR": {
"absolute": {
"2003": 0,
"2023": null
},
"relative": {
"2003": 0,
"2023": null
},
"sums": {
"absolute": 0,
"relative": 0.0
}
},
"FAMILJELIV-ALLMANNA-HUSHEM": {
"absolute": {
"2004": 0,
"2023": null,
"2008": 1,
"2009": 0
},
"relative": {
"2004": 0,
"2023": null,
"2008": 0.07878072024643239,
"2009": 0.0
},
"sums": {
"absolute": 1,
"relative": 0.07878072024643239
}
},
"FAMILJELIV-ALLMANNA-KROPP": {
"absolute": {
"2003": 0,
"2023": null,
"2008": 5,
"2009": 3,
"2010": 0,
"2011": 1,
"2012": 0
},
"relative": {
"2003": 0,
"2023": null,
"2008": 0.3007112000307447,
"2009": 0.14957848036341187,
"2010": 0.0,
"2011": 0.0782935452061058,
"2012": 0.0
},
"sums": {
"absolute": 9,
"relative": 0.5285832256002624
}
},
"FAMILJELIV-ALLMANNA-NOJE": {
"absolute": {
"2003": 0,
"2023": null,
"2008": 6,
"2009": 0
},
"relative": {
"2003": 0,
"2023": null,
"2008": 0.46704473938319735,
"2009": 0.0
},
"sums": {
"absolute": 6,
"relative": 0.46704473938319735
}
},
"FAMILJELIV-ALLMANNA-SAMHALLE": {
"absolute": {
"2003": 0,
"2022": null,
"2007": 11,
"2008": 38,
"2009": 29,
"2010": 9,
"2011": 9,
"2012": 0
},
"relative": {
"2003": 0,
"2022": null,
"2007": 0.29035800772806314,
"2008": 1.0786537266066973,
"2009": 0.7164136746473009,
"2010": 0.3005247261894176,
"2011": 0.28714574829033424,
"2012": 0.0
},
"sums": {
"absolute": 96,
"relative": 2.6730958834618135
}
},
"FAMILJELIV-ALLMANNA-SANDLADAN": {
"absolute": {
"2005": 0,
"2022": null,
"2011": 1,
"2012": 0
},
"relative": {
"2005": 0,
"2022": null,
"2011": 0.19089791123323488,
"2012": 0.0
},
"sums": {
"absolute": 1,
"relative": 0.19089791123323488
}
},
"FAMILJELIV-ANGLARUM": {
"absolute": {
"2006": 0,
"2022": null
},
"relative": {
"2006": 0,
"2022": null
},
"sums": {
"absolute": 0,
"relative": 0.0
}
},
"FAMILJELIV-EXPERT": {
"absolute": {
"2009": 0,
"2023": null
},
"relative": {
"2009": 0,
"2023": null
},
"sums": {
"absolute": 0,
"relative": 0.0
}
},
"FAMILJELIV-FORALDER": {
"absolute": {
"2003": 0,
"2022": null,
"2007": 2,
"2008": 12,
"2009": 20,
"2010": 11,
"2011": 3,
"2012": 0
},
"relative": {
"2003": 0,
"2022": null,
"2007": 0.023327476775893106,
"2008": 0.13573183091166446,
"2009": 0.24693487152028024,
"2010": 0.18392878130444867,
"2011": 0.061200888734825855,
"2012": 0.0
},
"sums": {
"absolute": 48,
"relative": 0.6511238492471123
}
},
"FAMILJELIV-GRAVID": {
"absolute": {
"2003": 0,
"2022": null,
"2010": 1,
"2011": 0
},
"relative": {
"2003": 0,
"2022": null,
"2010": 0.027135458117492246,
"2011": 0.0
},
"sums": {
"absolute": 1,
"relative": 0.027135458117492246
}
},
"FAMILJELIV-KANSLIGA": {
"absolute": {
"2003": 0,
"2022": null,
"2008": 7,
"2009": 26,
"2010": 0,
"2011": 6,
"2012": 0
},
"relative": {
"2003": 0,
"2022": null,
"2008": 0.08156622153532588,
"2009": 0.27101808297276986,
"2010": 0.0,
"2011": 0.06280100850464863,
"2012": 0.0
},
"sums": {
"absolute": 39,
"relative": 0.4153853130127444
}
},
"FAMILJELIV-MEDLEM-ALLMANNA": {
"absolute": {
"2006": 0,
"2022": null
},
"relative": {
"2006": 0,
"2022": null
},
"sums": {
"absolute": 0,
"relative": 0.0
}
},
"FAMILJELIV-MEDLEM-FORALDRAR": {
"absolute": {
"2006": 0,
"2022": null
},
"relative": {
"2006": 0,
"2022": null
},
"sums": {
"absolute": 0,
"relative": 0.0
}
},
"FAMILJELIV-MEDLEM-PLANERARBARN": {
"absolute": {
"2005": 0,
"2021": null
},
"relative": {
"2005": 0,
"2021": null
},
"sums": {
"absolute": 0,
"relative": 0.0
}
},
"FAMILJELIV-MEDLEM-VANTARBARN": {
"absolute": {
"2003": 0,
"2022": null
},
"relative": {
"2003": 0,
"2022": null
},
"sums": {
"absolute": 0,
"relative": 0.0
}
},
"FAMILJELIV-PAPPAGRUPP": {
"absolute": {
"2004": 0,
"2023": null
},
"relative": {
"2004": 0,
"2023": null
},
"sums": {
"absolute": 0,
"relative": 0.0
}
},
"FAMILJELIV-PLANERARBARN": {
"absolute": {
"2003": 0,
"2022": null
},
"relative": {
"2003": 0,
"2022": null
},
"sums": {
"absolute": 0,
"relative": 0.0
}
},
"FAMILJELIV-SEXSAMLEVNAD": {
"absolute": {
"2004": 0,
"2022": null,
"2011": 1,
"2012": 0
},
"relative": {
"2004": 0,
"2022": null,
"2011": 0.07232436552184669,
"2012": 0.0
},
"sums": {
"absolute": 1,
"relative": 0.07232436552184669
}
},
"FAMILJELIV-SVARTATTFABARN": {
"absolute": {
"2003": 0,
"2022": null,
"2008": 2,
"2009": 0
},
"relative": {
"2003": 0,
"2022": null,
"2008": 0.07370084480698873,
"2009": 0.0
},
"sums": {
"absolute": 2,
"relative": 0.07370084480698873
}
}
},
"combined": {
"absolute": {
"2003": 0,
"2023": null,
"2007": 13,
"2008": 91,
"2009": 127,
"2010": 31,
"2011": 21,
"2012": 0
},
"relative": {
"2003": 0,
"2023": null,
"2007": 0.020473730338503884,
"2008": 0.14612794319100536,
"2009": 0.21407258347712352,
"2010": 0.07521615673715495,
"2011": 0.058219676073096825,
"2012": 0.0
},
"sums": {
"absolute": 283,
"relative": 0.06336827761178826
}
},
"time": 971.0557599067688
}
