 
 
 
 
 
 
 
 
 
 
 
 
 
 
 
 
 
 
 
 
 
 
 
 
 
 
 
 
 
 
 
 
 
 
 
 
 
 
 
 
 
 
 
 
 
 
 
 
 
 
 
 
 
 
 
 
 
 
 
 
 
 
 
 
 
 
 
 
 
 
 
 
 
 
 
 
 
 
 
 
 
 
 
 
 
 
 
 
 
 
 
 
 
 
 
 
 
 
 
 
 
 
 
 
 
 
 
 
 
 
 
 
 
 
 
 
 
 
 
 
 
 
 
 
 
 
 
 
 
 
 
 
 
 
 
 
 
 
 
 
 
 
 
 
 
 
 
 
 
 
 
 
 
 
 
 
 
 
 
 
 
 
 
 
 
 
 
 
 
 
 
 
 
 
 
 
 
 
 
 
 
 
 
 
 
 
 
 
 
 
 
 
 
 
 
 
 
 
 
 
 
 
 
 
 
 
 
 
 
 
 
 
 
 
 
 
 
 
 
{
"corpora": {
"FAMILJELIV-ADOPTION": {
"absolute": {
"2003": 0,
"2023": null
},
"relative": {
"2003": 0,
"2023": null
},
"sums": {
"absolute": 0,
"relative": 0.0
}
},
"FAMILJELIV-ALLMANNA-EKONOMI": {
"absolute": {
"2003": 0,
"2023": null,
"2004": 1,
"2005": 1,
"2006": 6,
"2007": 1,
"2008": 0,
"2009": 2,
"2010": 0
},
"relative": {
"2003": 0,
"2023": null,
"2004": 1.4153480340815807,
"2005": 0.5859837377793091,
"2006": 1.6327063740856844,
"2007": 0.18716133157052314,
"2008": 0.0,
"2009": 0.27185788357278345,
"2010": 0.0
},
"sums": {
"absolute": 11,
"relative": 4.093057361089881
}
},
"FAMILJELIV-ALLMANNA-FAMILJELIV": {
"absolute": {
"2003": 0,
"2023": null,
"2005": 2,
"2006": 3,
"2007": 4,
"2008": 0
},
"relative": {
"2003": 0,
"2023": null,
"2005": 0.24194369824975512,
"2006": 0.2006122149835391,
"2007": 0.38655978031034566,
"2008": 0.0
},
"sums": {
"absolute": 9,
"relative": 0.8291156935436399
}
},
"FAMILJELIV-ALLMANNA-FRITID": {
"absolute": {
"2004": 0,
"2023": null,
"2008": 2,
"2009": 1,
"2010": 7,
"2011": 0
},
"relative": {
"2004": 0,
"2023": null,
"2008": 0.3715623285588193,
"2009": 0.23273149743867352,
"2010": 2.3407801352034605,
"2011": 0.0
},
"sums": {
"absolute": 10,
"relative": 2.9450739612009533
}
},
"FAMILJELIV-ALLMANNA-HUSDJUR": {
"absolute": {
"2003": 0,
"2023": null,
"2004": 8,
"2005": 1,
"2006": 0
},
"relative": {
"2003": 0,
"2023": null,
"2004": 9.143128824399353,
"2005": 0.3987824374619412,
"2006": 0.0
},
"sums": {
"absolute": 9,
"relative": 9.541911261861294
}
},
"FAMILJELIV-ALLMANNA-HUSHEM": {
"absolute": {
"2004": 2,
"2023": null,
"2005": 7,
"2006": 1,
"2007": 1,
"2008": 0,
"2010": 2,
"2011": 0
},
"relative": {
"2004": 1.5078987506304902,
"2023": null,
"2005": 1.8973454781513892,
"2006": 0.10276067583230239,
"2007": 0.0794506780122235,
"2008": 0.0,
"2010": 0.36507742379465125,
"2011": 0.0
},
"sums": {
"absolute": 13,
"relative": 3.9525330064210564
}
},
"FAMILJELIV-ALLMANNA-KROPP": {
"absolute": {
"2003": 0,
"2023": null,
"2004": 4,
"2005": 0,
"2006": 1,
"2007": 8,
"2008": 5,
"2009": 1,
"2010": 0
},
"relative": {
"2003": 0,
"2023": null,
"2004": 1.5261373920448562,
"2005": 0.0,
"2006": 0.053850232379907784,
"2007": 0.43942701792851246,
"2008": 0.3007112000307447,
"2009": 0.04985949345447063,
"2010": 0.0
},
"sums": {
"absolute": 19,
"relative": 2.369985335838492
}
},
"FAMILJELIV-ALLMANNA-NOJE": {
"absolute": {
"2003": 0,
"2023": null,
"2004": 2,
"2005": 0,
"2007": 1,
"2008": 5,
"2009": 17,
"2010": 0
},
"relative": {
"2003": 0,
"2023": null,
"2004": 0.47164516436362336,
"2005": 0.0,
"2007": 0.0785717293889068,
"2008": 0.3892039494859978,
"2009": 1.363002749577429,
"2010": 0.0
},
"sums": {
"absolute": 25,
"relative": 2.302423592815957
}
},
"FAMILJELIV-ALLMANNA-SAMHALLE": {
"absolute": {
"2003": 0,
"2022": null,
"2004": 11,
"2005": 3,
"2006": 18,
"2007": 3,
"2008": 5,
"2009": 6,
"2010": 1,
"2011": 0
},
"relative": {
"2003": 0,
"2022": null,
"2004": 2.6057391167160295,
"2005": 0.2301579842763737,
"2006": 0.534675741737834,
"2007": 0.07918854756219904,
"2008": 0.14192812192193385,
"2009": 0.14822351889254504,
"2010": 0.033391636243268616,
"2011": 0.0
},
"sums": {
"absolute": 47,
"relative": 3.7733046673501844
}
},
"FAMILJELIV-ALLMANNA-SANDLADAN": {
"absolute": {
"2005": 0,
"2022": null
},
"relative": {
"2005": 0,
"2022": null
},
"sums": {
"absolute": 0,
"relative": 0.0
}
},
"FAMILJELIV-ANGLARUM": {
"absolute": {
"2006": 0,
"2022": null
},
"relative": {
"2006": 0,
"2022": null
},
"sums": {
"absolute": 0,
"relative": 0.0
}
},
"FAMILJELIV-EXPERT": {
"absolute": {
"2009": 0,
"2023": null
},
"relative": {
"2009": 0,
"2023": null
},
"sums": {
"absolute": 0,
"relative": 0.0
}
},
"FAMILJELIV-FORALDER": {
"absolute": {
"2003": 0,
"2022": null,
"2004": 426,
"2005": 847,
"2006": 731,
"2007": 413,
"2008": 579,
"2009": 459,
"2010": 319,
"2011": 1,
"2012": 0
},
"relative": {
"2003": 0,
"2022": null,
"2004": 26.324980775348546,
"2005": 13.811515503515837,
"2006": 7.33944379345508,
"2007": 4.817123954221926,
"2008": 6.54906084148781,
"2009": 5.667155301390431,
"2010": 5.333934657829011,
"2011": 0.02040029624494195,
"2012": 0.0
},
"sums": {
"absolute": 3775,
"relative": 69.86361512349359
}
},
"FAMILJELIV-GRAVID": {
"absolute": {
"2003": 0,
"2022": null,
"2004": 6,
"2005": 0,
"2006": 5,
"2007": 2,
"2008": 0
},
"relative": {
"2003": 0,
"2022": null,
"2004": 0.2314964680198047,
"2005": 0.0,
"2006": 0.09880215234560756,
"2007": 0.04146970457687445,
"2008": 0.0
},
"sums": {
"absolute": 13,
"relative": 0.3717683249422867
}
},
"FAMILJELIV-KANSLIGA": {
"absolute": {
"2003": 0,
"2022": null,
"2006": 2,
"2007": 0,
"2010": 1,
"2011": 0
},
"relative": {
"2003": 0,
"2022": null,
"2006": 0.03860077516918671,
"2007": 0.0,
"2010": 0.013084212372153833,
"2011": 0.0
},
"sums": {
"absolute": 3,
"relative": 0.051684987541340544
}
},
"FAMILJELIV-MEDLEM-ALLMANNA": {
"absolute": {
"2006": 0,
"2022": null,
"2007": 5,
"2008": 0
},
"relative": {
"2006": 0,
"2022": null,
"2007": 0.06804206442072967,
"2008": 0.0
},
"sums": {
"absolute": 5,
"relative": 0.06804206442072967
}
},
"FAMILJELIV-MEDLEM-FORALDRAR": {
"absolute": {
"2006": 1,
"2022": null,
"2007": 25,
"2008": 32,
"2009": 17,
"2010": 0
},
"relative": {
"2006": 0.04819756064433969,
"2022": null,
"2007": 0.3123140248060786,
"2008": 0.39604556425007587,
"2009": 0.2776078246345493,
"2010": 0.0
},
"sums": {
"absolute": 75,
"relative": 1.0341649743350434
}
},
"FAMILJELIV-MEDLEM-PLANERARBARN": {
"absolute": {
"2005": 0,
"2021": null
},
"relative": {
"2005": 0,
"2021": null
},
"sums": {
"absolute": 0,
"relative": 0.0
}
},
"FAMILJELIV-MEDLEM-VANTARBARN": {
"absolute": {
"2003": 0,
"2022": null,
"2006": 5,
"2007": 0
},
"relative": {
"2003": 0,
"2022": null,
"2006": 0.11729622168460412,
"2007": 0.0
},
"sums": {
"absolute": 5,
"relative": 0.11729622168460412
}
},
"FAMILJELIV-PAPPAGRUPP": {
"absolute": {
"2004": 0,
"2023": null,
"2008": 2,
"2009": 0
},
"relative": {
"2004": 0,
"2023": null,
"2008": 8.12209127606176,
"2009": 0.0
},
"sums": {
"absolute": 2,
"relative": 8.12209127606176
}
},
"FAMILJELIV-PLANERARBARN": {
"absolute": {
"2003": 0,
"2022": null,
"2006": 5,
"2007": 0
},
"relative": {
"2003": 0,
"2022": null,
"2006": 0.2214709533757577,
"2007": 0.0
},
"sums": {
"absolute": 5,
"relative": 0.2214709533757577
}
},
"FAMILJELIV-SEXSAMLEVNAD": {
"absolute": {
"2004": 0,
"2022": null
},
"relative": {
"2004": 0,
"2022": null
},
"sums": {
"absolute": 0,
"relative": 0.0
}
},
"FAMILJELIV-SVARTATTFABARN": {
"absolute": {
"2003": 0,
"2022": null
},
"relative": {
"2003": 0,
"2022": null
},
"sums": {
"absolute": 0,
"relative": 0.0
}
}
},
"combined": {
"absolute": {
"2003": 0,
"2023": null,
"2004": 460,
"2005": 861,
"2006": 778,
"2007": 463,
"2008": 630,
"2009": 503,
"2010": 330,
"2011": 1,
"2012": 0
},
"relative": {
"2003": 0,
"2023": null,
"2004": 4.768925597866465,
"2005": 3.705147542977237,
"2006": 1.6583454918514071,
"2007": 0.7291797805174846,
"2008": 1.0116549913223447,
"2009": 0.8478622794408909,
"2010": 0.8006881201051979,
"2011": 0.002772365527290325,
"2012": 0.0
},
"sums": {
"absolute": 4026,
"relative": 0.9014863705934848
}
},
"time": 1098.8751814365387
}
