 
 
 
 
 
 
 
 
 
 
 
 
 
 
 
 
 
 
 
 
 
 
 
 
 
 
 
 
 
 
 
 
 
 
 
 
 
 
 
 
 
 
 
 
 
 
 
 
 
 
 
 
 
 
 
 
 
 
 
 
 
 
 
 
 
 
 
 
 
 
 
 
 
 
 
 
 
 
 
 
 
 
 
 
 
 
 
 
 
 
 
 
 
 
 
 
 
 
 
 
 
{
"corpora": {
"FAMILJELIV-ADOPTION": {
"absolute": {
"2003": 0,
"2023": null
},
"relative": {
"2003": 0,
"2023": null
},
"sums": {
"absolute": 0,
"relative": 0.0
}
},
"FAMILJELIV-ALLMANNA-EKONOMI": {
"absolute": {
"2003": 0,
"2023": null,
"2004": 1,
"2005": 1,
"2006": 1,
"2007": 0,
"2009": 3,
"2010": 0
},
"relative": {
"2003": 0,
"2023": null,
"2004": 1.4153480340815807,
"2005": 0.5859837377793091,
"2006": 0.2721177290142808,
"2007": 0.0,
"2009": 0.4077868253591752,
"2010": 0.0
},
"sums": {
"absolute": 6,
"relative": 2.6812363262343455
}
},
"FAMILJELIV-ALLMANNA-FAMILJELIV": {
"absolute": {
"2003": 0,
"2023": null,
"2006": 2,
"2007": 0
},
"relative": {
"2003": 0,
"2023": null,
"2006": 0.13374147665569275,
"2007": 0.0
},
"sums": {
"absolute": 2,
"relative": 0.13374147665569275
}
},
"FAMILJELIV-ALLMANNA-FRITID": {
"absolute": {
"2004": 0,
"2023": null,
"2005": 2,
"2006": 1,
"2007": 0
},
"relative": {
"2004": 0,
"2023": null,
"2005": 1.3296493182887945,
"2006": 0.22040165556907598,
"2007": 0.0
},
"sums": {
"absolute": 3,
"relative": 1.5500509738578705
}
},
"FAMILJELIV-ALLMANNA-HUSDJUR": {
"absolute": {
"2003": 0,
"2023": null,
"2004": 1,
"2005": 3,
"2006": 1,
"2007": 0
},
"relative": {
"2003": 0,
"2023": null,
"2004": 1.1428911030499191,
"2005": 1.1963473123858237,
"2006": 0.16673266501323442,
"2007": 0.0
},
"sums": {
"absolute": 5,
"relative": 2.505971080448977
}
},
"FAMILJELIV-ALLMANNA-HUSHEM": {
"absolute": {
"2004": 0,
"2023": null,
"2006": 1,
"2007": 0,
"2008": 1,
"2009": 0
},
"relative": {
"2004": 0,
"2023": null,
"2006": 0.10276067583230239,
"2007": 0.0,
"2008": 0.07878072024643239,
"2009": 0.0
},
"sums": {
"absolute": 2,
"relative": 0.18154139607873476
}
},
"FAMILJELIV-ALLMANNA-KROPP": {
"absolute": {
"2003": 0,
"2023": null,
"2006": 1,
"2007": 0
},
"relative": {
"2003": 0,
"2023": null,
"2006": 0.053850232379907784,
"2007": 0.0
},
"sums": {
"absolute": 1,
"relative": 0.053850232379907784
}
},
"FAMILJELIV-ALLMANNA-NOJE": {
"absolute": {
"2003": 0,
"2023": null,
"2004": 2,
"2005": 1,
"2006": 0
},
"relative": {
"2003": 0,
"2023": null,
"2004": 0.47164516436362336,
"2005": 0.0969204684205007,
"2006": 0.0
},
"sums": {
"absolute": 3,
"relative": 0.5685656327841241
}
},
"FAMILJELIV-ALLMANNA-SAMHALLE": {
"absolute": {
"2003": 0,
"2022": null,
"2004": 1,
"2005": 7,
"2006": 11,
"2007": 0,
"2008": 3,
"2009": 2,
"2010": 0
},
"relative": {
"2003": 0,
"2022": null,
"2004": 0.23688537424691178,
"2005": 0.5370352966448719,
"2006": 0.3267462866175652,
"2007": 0.0,
"2008": 0.08515687315316031,
"2009": 0.04940783963084834,
"2010": 0.0
},
"sums": {
"absolute": 24,
"relative": 1.2352316702933577
}
},
"FAMILJELIV-ALLMANNA-SANDLADAN": {
"absolute": {
"2005": 0,
"2022": null
},
"relative": {
"2005": 0,
"2022": null
},
"sums": {
"absolute": 0,
"relative": 0.0
}
},
"FAMILJELIV-ANGLARUM": {
"absolute": {
"2006": 0,
"2022": null,
"2007": 1,
"2008": 0
},
"relative": {
"2006": 0,
"2022": null,
"2007": 0.21857684615468684,
"2008": 0.0
},
"sums": {
"absolute": 1,
"relative": 0.21857684615468684
}
},
"FAMILJELIV-EXPERT": {
"absolute": {
"2009": 0,
"2023": null
},
"relative": {
"2009": 0,
"2023": null
},
"sums": {
"absolute": 0,
"relative": 0.0
}
},
"FAMILJELIV-FORALDER": {
"absolute": {
"2003": 0,
"2022": null,
"2004": 4,
"2005": 0,
"2006": 4,
"2007": 0,
"2008": 2,
"2009": 11,
"2010": 2,
"2011": 0
},
"relative": {
"2003": 0,
"2022": null,
"2004": 0.2471829180783901,
"2005": 0.0,
"2006": 0.04016111514886501,
"2007": 0.0,
"2008": 0.02262197181861074,
"2009": 0.1358141793361541,
"2010": 0.033441596600808844,
"2011": 0.0
},
"sums": {
"absolute": 23,
"relative": 0.4792217809828288
}
},
"FAMILJELIV-GRAVID": {
"absolute": {
"2003": 0,
"2022": null,
"2004": 1,
"2005": 0,
"2006": 2,
"2007": 1,
"2008": 0,
"2009": 3,
"2010": 0
},
"relative": {
"2003": 0,
"2022": null,
"2004": 0.038582744669967445,
"2005": 0.0,
"2006": 0.03952086093824302,
"2007": 0.020734852288437224,
"2008": 0.0,
"2009": 0.05881612319327162,
"2010": 0.0
},
"sums": {
"absolute": 7,
"relative": 0.1576545810899193
}
},
"FAMILJELIV-KANSLIGA": {
"absolute": {
"2003": 0,
"2022": null,
"2004": 13,
"2005": 7,
"2006": 2,
"2007": 0,
"2008": 1,
"2009": 16,
"2010": 0
},
"relative": {
"2003": 0,
"2022": null,
"2004": 1.2545261857250747,
"2005": 0.3480261522760587,
"2006": 0.03860077516918671,
"2007": 0.0,
"2008": 0.011652317362189411,
"2009": 0.16678035875247374,
"2010": 0.0
},
"sums": {
"absolute": 39,
"relative": 1.8195857892849834
}
},
"FAMILJELIV-MEDLEM-ALLMANNA": {
"absolute": {
"2006": 0,
"2022": null,
"2008": 2,
"2009": 0
},
"relative": {
"2006": 0,
"2022": null,
"2008": 0.027850094028183708,
"2009": 0.0
},
"sums": {
"absolute": 2,
"relative": 0.027850094028183708
}
},
"FAMILJELIV-MEDLEM-FORALDRAR": {
"absolute": {
"2006": 0,
"2022": null
},
"relative": {
"2006": 0,
"2022": null
},
"sums": {
"absolute": 0,
"relative": 0.0
}
},
"FAMILJELIV-MEDLEM-PLANERARBARN": {
"absolute": {
"2005": 0,
"2021": null
},
"relative": {
"2005": 0,
"2021": null
},
"sums": {
"absolute": 0,
"relative": 0.0
}
},
"FAMILJELIV-MEDLEM-VANTARBARN": {
"absolute": {
"2003": 0,
"2022": null
},
"relative": {
"2003": 0,
"2022": null
},
"sums": {
"absolute": 0,
"relative": 0.0
}
},
"FAMILJELIV-PAPPAGRUPP": {
"absolute": {
"2004": 0,
"2023": null
},
"relative": {
"2004": 0,
"2023": null
},
"sums": {
"absolute": 0,
"relative": 0.0
}
},
"FAMILJELIV-PLANERARBARN": {
"absolute": {
"2003": 0,
"2022": null,
"2004": 5,
"2005": 0
},
"relative": {
"2003": 0,
"2022": null,
"2004": 0.4023543847293314,
"2005": 0.0
},
"sums": {
"absolute": 5,
"relative": 0.4023543847293314
}
},
"FAMILJELIV-SEXSAMLEVNAD": {
"absolute": {
"2004": 1,
"2022": null,
"2005": 1,
"2006": 0
},
"relative": {
"2004": 0.8387045369721927,
"2022": null,
"2005": 0.3465382904018597,
"2006": 0.0
},
"sums": {
"absolute": 2,
"relative": 1.1852428273740525
}
},
"FAMILJELIV-SVARTATTFABARN": {
"absolute": {
"2003": 0,
"2022": null,
"2004": 2,
"2005": 0,
"2006": 2,
"2007": 0
},
"relative": {
"2003": 0,
"2022": null,
"2004": 0.38902513413586626,
"2005": 0.0,
"2006": 0.09639855481214596,
"2007": 0.0
},
"sums": {
"absolute": 4,
"relative": 0.48542368894801224
}
}
},
"combined": {
"absolute": {
"2003": 0,
"2023": null,
"2004": 31,
"2005": 22,
"2006": 28,
"2007": 2,
"2008": 9,
"2009": 35,
"2010": 2,
"2011": 0
},
"relative": {
"2003": 0,
"2023": null,
"2004": 0.32138411637795744,
"2005": 0.09467275951858213,
"2006": 0.059683385310847555,
"2007": 0.0031498046674621363,
"2008": 0.01445221416174778,
"2009": 0.058996381273223014,
"2010": 0.004852655273364835,
"2011": 0.0
},
"sums": {
"absolute": 129,
"relative": 0.028885186614560725
}
},
"time": 509.4505126476288
}
