 
 
 
 
 
 
 
 
 
 
 
 
 
 
 
 
 
 
 
 
 
 
 
 
 
 
 
 
 
 
 
 
 
 
 
 
 
 
 
 
 
 
 
 
 
 
 
 
 
 
 
 
 
 
 
 
 
 
 
 
 
 
 
 
 
 
 
 
 
 
 
 
 
 
 
 
 
 
 
 
 
 
 
 
 
 
 
 
 
 
 
 
 
 
 
 
 
 
 
 
 
 
 
 
 
 
 
 
 
 
 
 
 
 
 
 
 
 
 
 
 
 
 
 
 
 
 
 
 
 
 
 
 
 
 
 
 
 
 
 
 
 
 
 
 
 
 
 
 
 
 
 
 
 
 
 
 
 
 
 
 
 
 
 
 
 
 
 
 
 
 
 
 
 
 
 
 
 
 
 
 
 
 
 
 
 
 
 
 
 
 
 
 
 
 
 
 
 
 
 
 
 
 
 
 
 
 
 
 
 
 
 
{
"corpora": {
"FAMILJELIV-ADOPTION": {
"absolute": {
"2003": 0,
"2023": null
},
"relative": {
"2003": 0,
"2023": null
},
"sums": {
"absolute": 0,
"relative": 0.0
}
},
"FAMILJELIV-ALLMANNA-EKONOMI": {
"absolute": {
"2003": 0,
"2023": null,
"2011": 8,
"2012": 0
},
"relative": {
"2003": 0,
"2023": null,
"2011": 1.9539140072675834,
"2012": 0.0
},
"sums": {
"absolute": 8,
"relative": 1.9539140072675834
}
},
"FAMILJELIV-ALLMANNA-FAMILJELIV": {
"absolute": {
"2003": 0,
"2023": null,
"2009": 1,
"2010": 0
},
"relative": {
"2003": 0,
"2023": null,
"2009": 0.1307822254923591,
"2010": 0.0
},
"sums": {
"absolute": 1,
"relative": 0.1307822254923591
}
},
"FAMILJELIV-ALLMANNA-FRITID": {
"absolute": {
"2004": 0,
"2023": null,
"2011": 1,
"2012": 0
},
"relative": {
"2004": 0,
"2023": null,
"2011": 0.3917365524676269,
"2012": 0.0
},
"sums": {
"absolute": 1,
"relative": 0.3917365524676269
}
},
"FAMILJELIV-ALLMANNA-HUSDJUR": {
"absolute": {
"2003": 0,
"2023": null,
"2009": 2,
"2010": 0
},
"relative": {
"2003": 0,
"2023": null,
"2009": 0.31281491664186306,
"2010": 0.0
},
"sums": {
"absolute": 2,
"relative": 0.31281491664186306
}
},
"FAMILJELIV-ALLMANNA-HUSHEM": {
"absolute": {
"2004": 0,
"2023": null
},
"relative": {
"2004": 0,
"2023": null
},
"sums": {
"absolute": 0,
"relative": 0.0
}
},
"FAMILJELIV-ALLMANNA-KROPP": {
"absolute": {
"2003": 0,
"2023": null,
"2009": 2,
"2010": 0
},
"relative": {
"2003": 0,
"2023": null,
"2009": 0.09971898690894127,
"2010": 0.0
},
"sums": {
"absolute": 2,
"relative": 0.09971898690894127
}
},
"FAMILJELIV-ALLMANNA-NOJE": {
"absolute": {
"2003": 0,
"2023": null,
"2009": 4,
"2010": 0,
"2011": 3,
"2012": 0
},
"relative": {
"2003": 0,
"2023": null,
"2009": 0.32070652931233623,
"2010": 0.0,
"2011": 0.45103652704279706,
"2012": 0.0
},
"sums": {
"absolute": 7,
"relative": 0.7717430563551333
}
},
"FAMILJELIV-ALLMANNA-SAMHALLE": {
"absolute": {
"2003": 0,
"2022": null,
"2008": 1,
"2009": 4,
"2010": 0,
"2012": 12,
"2013": 0
},
"relative": {
"2003": 0,
"2022": null,
"2008": 0.02838562438438677,
"2009": 0.09881567926169668,
"2010": 0.0,
"2012": 0.5188626910311903,
"2013": 0.0
},
"sums": {
"absolute": 17,
"relative": 0.6460639946772737
}
},
"FAMILJELIV-ALLMANNA-SANDLADAN": {
"absolute": {
"2005": 0,
"2022": null
},
"relative": {
"2005": 0,
"2022": null
},
"sums": {
"absolute": 0,
"relative": 0.0
}
},
"FAMILJELIV-ANGLARUM": {
"absolute": {
"2006": 0,
"2022": null
},
"relative": {
"2006": 0,
"2022": null
},
"sums": {
"absolute": 0,
"relative": 0.0
}
},
"FAMILJELIV-EXPERT": {
"absolute": {
"2009": 0,
"2023": null
},
"relative": {
"2009": 0,
"2023": null
},
"sums": {
"absolute": 0,
"relative": 0.0
}
},
"FAMILJELIV-FORALDER": {
"absolute": {
"2003": 0,
"2022": null,
"2009": 12,
"2010": 69,
"2011": 126,
"2012": 13,
"2013": 0
},
"relative": {
"2003": 0,
"2022": null,
"2009": 0.14816092291216812,
"2010": 1.1537350827279051,
"2011": 2.570437326862686,
"2012": 0.4610198823690038,
"2013": 0.0
},
"sums": {
"absolute": 220,
"relative": 4.333353214871763
}
},
"FAMILJELIV-GRAVID": {
"absolute": {
"2003": 0,
"2022": null,
"2008": 55,
"2009": 74,
"2010": 55,
"2011": 1,
"2012": 15,
"2013": 0
},
"relative": {
"2003": 0,
"2022": null,
"2008": 1.1768720085785838,
"2009": 1.4507977054340335,
"2010": 1.4924501964620736,
"2011": 0.021719441289092277,
"2012": 0.3635530504973006,
"2013": 0.0
},
"sums": {
"absolute": 200,
"relative": 4.505392402261084
}
},
"FAMILJELIV-KANSLIGA": {
"absolute": {
"2003": 0,
"2022": null,
"2009": 5,
"2010": 5,
"2011": 19,
"2012": 1,
"2013": 0
},
"relative": {
"2003": 0,
"2022": null,
"2009": 0.052118862110148045,
"2010": 0.06542106186076917,
"2011": 0.1988698602647207,
"2012": 0.009831762517551785,
"2013": 0.0
},
"sums": {
"absolute": 30,
"relative": 0.3262415467531897
}
},
"FAMILJELIV-MEDLEM-ALLMANNA": {
"absolute": {
"2006": 0,
"2022": null,
"2009": 14,
"2010": 43,
"2011": 0
},
"relative": {
"2006": 0,
"2022": null,
"2009": 0.21463091745488083,
"2010": 1.495111489594528,
"2011": 0.0
},
"sums": {
"absolute": 57,
"relative": 1.709742407049409
}
},
"FAMILJELIV-MEDLEM-FORALDRAR": {
"absolute": {
"2006": 0,
"2022": null,
"2009": 34,
"2010": 0,
"2011": 3,
"2012": 0
},
"relative": {
"2006": 0,
"2022": null,
"2009": 0.5552156492690986,
"2010": 0.0,
"2011": 0.34664063626582065,
"2012": 0.0
},
"sums": {
"absolute": 37,
"relative": 0.9018562855349193
}
},
"FAMILJELIV-MEDLEM-PLANERARBARN": {
"absolute": {
"2005": 0,
"2021": null,
"2009": 72,
"2010": 49,
"2011": 0
},
"relative": {
"2005": 0,
"2021": null,
"2009": 3.093159520680564,
"2010": 2.463623715968118,
"2011": 0.0
},
"sums": {
"absolute": 121,
"relative": 5.556783236648682
}
},
"FAMILJELIV-MEDLEM-VANTARBARN": {
"absolute": {
"2003": 0,
"2022": null,
"2008": 23,
"2009": 113,
"2010": 158,
"2011": 0
},
"relative": {
"2003": 0,
"2022": null,
"2008": 0.43827324381672195,
"2009": 2.51414685963923,
"2010": 3.6159375422312325,
"2011": 0.0
},
"sums": {
"absolute": 294,
"relative": 6.568357645687184
}
},
"FAMILJELIV-PAPPAGRUPP": {
"absolute": {
"2004": 0,
"2023": null
},
"relative": {
"2004": 0,
"2023": null
},
"sums": {
"absolute": 0,
"relative": 0.0
}
},
"FAMILJELIV-PLANERARBARN": {
"absolute": {
"2003": 0,
"2022": null,
"2008": 1,
"2009": 64,
"2010": 0
},
"relative": {
"2003": 0,
"2022": null,
"2008": 0.08642119877437456,
"2009": 4.061264170004518,
"2010": 0.0
},
"sums": {
"absolute": 65,
"relative": 4.147685368778892
}
},
"FAMILJELIV-SEXSAMLEVNAD": {
"absolute": {
"2004": 0,
"2022": null
},
"relative": {
"2004": 0,
"2022": null
},
"sums": {
"absolute": 0,
"relative": 0.0
}
},
"FAMILJELIV-SVARTATTFABARN": {
"absolute": {
"2003": 0,
"2022": null
},
"relative": {
"2003": 0,
"2022": null
},
"sums": {
"absolute": 0,
"relative": 0.0
}
}
},
"combined": {
"absolute": {
"2003": 0,
"2023": null,
"2008": 80,
"2009": 401,
"2010": 379,
"2011": 161,
"2012": 41,
"2013": 0
},
"relative": {
"2003": 0,
"2023": null,
"2008": 0.12846412588220252,
"2009": 0.6759299683017836,
"2010": 0.9195781743026363,
"2011": 0.4463508498937423,
"2012": 0.14116518077631987,
"2013": 0.0
},
"sums": {
"absolute": 1062,
"relative": 0.23779893829366144
}
},
"time": 1064.0019133090973
}
