 
 
 
 
 
 
 
 
 
 
 
 
 
 
 
 
 
 
 
 
 
 
 
 
 
 
 
 
 
 
 
 
 
 
 
 
 
 
 
 
 
 
 
 
 
 
 
 
 
 
 
 
 
 
 
 
 
 
 
 
 
 
 
 
 
 
 
 
 
 
 
 
 
 
 
 
 
 
 
 
 
 
 
 
 
 
 
 
 
 
 
 
 
 
 
 
 
 
 
 
 
 
 
 
 
 
 
 
 
 
 
 
 
 
 
 
 
 
 
 
 
 
 
 
 
 
 
 
 
 
 
 
 
 
 
 
 
 
 
 
 
 
 
 
 
 
 
 
 
 
 
 
 
 
 
 
 
 
 
 
 
 
 
 
 
 
 
 
 
 
 
 
 
 
 
 
 
 
 
 
 
 
 
 
 
 
 
 
 
 
 
 
 
 
 
 
 
 
 
 
 
 
 
 
 
 
 
 
 
 
 
 
 
 
 
 
 
 
 
 
 
 
 
 
 
 
 
 
 
 
 
 
 
 
 
 
{
"corpora": {
"FAMILJELIV-ADOPTION": {
"absolute": {
"2003": 0,
"2023": null
},
"relative": {
"2003": 0,
"2023": null
},
"sums": {
"absolute": 0,
"relative": 0.0
}
},
"FAMILJELIV-ALLMANNA-EKONOMI": {
"absolute": {
"2003": 0,
"2023": null,
"2009": 10,
"2010": 5,
"2011": 3,
"2012": 2,
"2013": 0
},
"relative": {
"2003": 0,
"2023": null,
"2009": 1.3592894178639174,
"2010": 0.9282143180028838,
"2011": 0.7327177527253437,
"2012": 0.688996349352843,
"2013": 0.0
},
"sums": {
"absolute": 20,
"relative": 3.709217837944988
}
},
"FAMILJELIV-ALLMANNA-FAMILJELIV": {
"absolute": {
"2003": 0,
"2023": null,
"2009": 6,
"2010": 1,
"2011": 1,
"2012": 2,
"2013": 0
},
"relative": {
"2003": 0,
"2023": null,
"2009": 0.7846933529541547,
"2010": 0.15901476992789,
"2011": 0.5457058678114848,
"2012": 1.5709216125824539,
"2013": 0.0
},
"sums": {
"absolute": 10,
"relative": 3.060335603275983
}
},
"FAMILJELIV-ALLMANNA-FRITID": {
"absolute": {
"2004": 0,
"2023": null,
"2008": 1,
"2009": 2,
"2010": 3,
"2011": 1,
"2012": 0
},
"relative": {
"2004": 0,
"2023": null,
"2008": 0.18578116427940966,
"2009": 0.46546299487734705,
"2010": 1.0031914865157687,
"2011": 0.3917365524676269,
"2012": 0.0
},
"sums": {
"absolute": 7,
"relative": 2.0461721981401526
}
},
"FAMILJELIV-ALLMANNA-HUSDJUR": {
"absolute": {
"2003": 0,
"2023": null,
"2008": 26,
"2009": 44,
"2010": 123,
"2011": 93,
"2012": 35,
"2013": 5,
"2014": 0
},
"relative": {
"2003": 0,
"2023": null,
"2008": 3.4549759493808816,
"2009": 6.881928166120987,
"2010": 29.688466610009165,
"2011": 22.949544562586617,
"2012": 12.254052415133685,
"2013": 2.8238185707863543,
"2014": 0.0
},
"sums": {
"absolute": 326,
"relative": 78.05278627401769
}
},
"FAMILJELIV-ALLMANNA-HUSHEM": {
"absolute": {
"2004": 0,
"2023": null,
"2008": 4,
"2009": 9,
"2010": 13,
"2011": 14,
"2012": 3,
"2013": 0
},
"relative": {
"2004": 0,
"2023": null,
"2008": 0.31512288098572955,
"2009": 0.9730863769853394,
"2010": 2.373003254665233,
"2011": 3.059519454391525,
"2012": 0.8407675871763886,
"2013": 0.0
},
"sums": {
"absolute": 43,
"relative": 7.561499554204216
}
},
"FAMILJELIV-ALLMANNA-KROPP": {
"absolute": {
"2003": 0,
"2023": null,
"2008": 2,
"2009": 5,
"2010": 15,
"2011": 7,
"2012": 5,
"2013": 5,
"2014": 0
},
"relative": {
"2003": 0,
"2023": null,
"2008": 0.12028448001229787,
"2009": 0.24929746727235313,
"2010": 1.187948970464025,
"2011": 0.5480548164427406,
"2012": 0.5317732382778034,
"2013": 0.7938715655528331,
"2014": 0.0
},
"sums": {
"absolute": 39,
"relative": 3.4312305380220534
}
},
"FAMILJELIV-ALLMANNA-NOJE": {
"absolute": {
"2003": 0,
"2023": null,
"2011": 27,
"2012": 6,
"2013": 0
},
"relative": {
"2003": 0,
"2023": null,
"2011": 4.059328743385174,
"2012": 1.3658477953850734,
"2013": 0.0
},
"sums": {
"absolute": 33,
"relative": 5.425176538770247
}
},
"FAMILJELIV-ALLMANNA-SAMHALLE": {
"absolute": {
"2003": 0,
"2022": null,
"2008": 2,
"2009": 11,
"2010": 18,
"2011": 40,
"2012": 6,
"2013": 13,
"2014": 0
},
"relative": {
"2003": 0,
"2022": null,
"2008": 0.05677124876877354,
"2009": 0.2717431179696658,
"2010": 0.6010494523788352,
"2011": 1.2762033257348186,
"2012": 0.25943134551559516,
"2013": 0.8363036049703195,
"2014": 0.0
},
"sums": {
"absolute": 90,
"relative": 3.301502095338008
}
},
"FAMILJELIV-ALLMANNA-SANDLADAN": {
"absolute": {
"2005": 0,
"2022": null,
"2009": 4,
"2010": 0,
"2011": 2,
"2012": 0,
"2013": 1,
"2014": 0
},
"relative": {
"2005": 0,
"2022": null,
"2009": 0.7893352908848547,
"2010": 0.0,
"2011": 0.38179582246646976,
"2012": 0.0,
"2013": 0.5406995354309592,
"2014": 0.0
},
"sums": {
"absolute": 7,
"relative": 1.7118306487822836
}
},
"FAMILJELIV-ANGLARUM": {
"absolute": {
"2006": 0,
"2022": null
},
"relative": {
"2006": 0,
"2022": null
},
"sums": {
"absolute": 0,
"relative": 0.0
}
},
"FAMILJELIV-EXPERT": {
"absolute": {
"2009": 0,
"2023": null
},
"relative": {
"2009": 0,
"2023": null
},
"sums": {
"absolute": 0,
"relative": 0.0
}
},
"FAMILJELIV-FORALDER": {
"absolute": {
"2003": 0,
"2022": null,
"2008": 1,
"2009": 21,
"2010": 16,
"2011": 56,
"2012": 8,
"2013": 4,
"2014": 0
},
"relative": {
"2003": 0,
"2022": null,
"2008": 0.01131098590930537,
"2009": 0.2592816150962942,
"2010": 0.26753277280647075,
"2011": 1.1424165897167493,
"2012": 0.28370454299631004,
"2013": 0.2379138288007775,
"2014": 0.0
},
"sums": {
"absolute": 106,
"relative": 2.202160335325907
}
},
"FAMILJELIV-GRAVID": {
"absolute": {
"2003": 0,
"2022": null,
"2008": 1,
"2009": 0,
"2010": 13,
"2011": 15,
"2012": 2,
"2013": 0,
"2015": 1,
"2016": 0
},
"relative": {
"2003": 0,
"2022": null,
"2008": 0.02139767288324698,
"2009": 0.0,
"2010": 0.3527609555273992,
"2011": 0.32579161933638423,
"2012": 0.048473740066306746,
"2013": 0.0,
"2015": 0.08820561292889648,
"2016": 0.0
},
"sums": {
"absolute": 32,
"relative": 0.8366296007422337
}
},
"FAMILJELIV-KANSLIGA": {
"absolute": {
"2003": 0,
"2022": null,
"2008": 22,
"2009": 24,
"2010": 48,
"2011": 75,
"2012": 48,
"2013": 45,
"2014": 0
},
"relative": {
"2003": 0,
"2022": null,
"2008": 0.2563509819681671,
"2009": 0.2501705381287106,
"2010": 0.628042193863384,
"2011": 0.785012606308108,
"2012": 0.4719246008424857,
"2013": 0.5168230971503844,
"2014": 0.0
},
"sums": {
"absolute": 262,
"relative": 2.90832401826124
}
},
"FAMILJELIV-MEDLEM-ALLMANNA": {
"absolute": {
"2006": 0,
"2022": null,
"2008": 10,
"2009": 52,
"2010": 15,
"2011": 6,
"2012": 3,
"2013": 0
},
"relative": {
"2006": 0,
"2022": null,
"2008": 0.13925047014091857,
"2009": 0.7972005505467002,
"2010": 0.5215505196259982,
"2011": 0.5689233580587425,
"2012": 0.6154756426540212,
"2013": 0.0
},
"sums": {
"absolute": 86,
"relative": 2.642400541026381
}
},
"FAMILJELIV-MEDLEM-FORALDRAR": {
"absolute": {
"2006": 0,
"2022": null,
"2008": 1,
"2009": 0
},
"relative": {
"2006": 0,
"2022": null,
"2008": 0.01237642388281487,
"2009": 0.0
},
"sums": {
"absolute": 1,
"relative": 0.01237642388281487
}
},
"FAMILJELIV-MEDLEM-PLANERARBARN": {
"absolute": {
"2005": 0,
"2021": null
},
"relative": {
"2005": 0,
"2021": null
},
"sums": {
"absolute": 0,
"relative": 0.0
}
},
"FAMILJELIV-MEDLEM-VANTARBARN": {
"absolute": {
"2003": 0,
"2023": null,
"2008": 2,
"2009": 0
},
"relative": {
"2003": 0,
"2023": null,
"2008": 0.03811036754819885,
"2009": 0.0
},
"sums": {
"absolute": 2,
"relative": 0.03811036754819885
}
},
"FAMILJELIV-PAPPAGRUPP": {
"absolute": {
"2004": 0,
"2023": null
},
"relative": {
"2004": 0,
"2023": null
},
"sums": {
"absolute": 0,
"relative": 0.0
}
},
"FAMILJELIV-PLANERARBARN": {
"absolute": {
"2003": 0,
"2022": null,
"2010": 2,
"2011": 0
},
"relative": {
"2003": 0,
"2022": null,
"2010": 0.16366333535403,
"2011": 0.0
},
"sums": {
"absolute": 2,
"relative": 0.16366333535403
}
},
"FAMILJELIV-SEXSAMLEVNAD": {
"absolute": {
"2004": 0,
"2022": null,
"2008": 2,
"2009": 1,
"2010": 1,
"2011": 4,
"2012": 6,
"2013": 2,
"2014": 0
},
"relative": {
"2004": 0,
"2022": null,
"2008": 0.13834746033837714,
"2009": 0.06881835985753498,
"2010": 0.09338139736109774,
"2011": 0.28929746208738677,
"2012": 0.40430506731039223,
"2013": 0.13589645831406716,
"2014": 0.0
},
"sums": {
"absolute": 16,
"relative": 1.130046205268856
}
},
"FAMILJELIV-SVARTATTFABARN": {
"absolute": {
"2003": 0,
"2022": null
},
"relative": {
"2003": 0,
"2022": null
},
"sums": {
"absolute": 0,
"relative": 0.0
}
}
},
"combined": {
"absolute": {
"2003": 0,
"2023": null,
"2008": 74,
"2009": 189,
"2010": 273,
"2011": 344,
"2012": 126,
"2013": 75,
"2014": 0,
"2015": 1,
"2016": 0
},
"relative": {
"2003": 0,
"2023": null,
"2008": 0.1188292246584663,
"2009": 0.318580422896228,
"2010": 0.6624724460298561,
"2011": 0.9536940771744218,
"2012": 0.43382567129943367,
"2013": 0.36099802727574026,
"2014": 0.0,
"2015": 0.011263307936225889,
"2016": 0.0
},
"sums": {
"absolute": 1082,
"relative": 0.24227929136407195
}
},
"time": 1183.3242692947388
}
