 
 
 
 
 
 
 
 
 
 
 
 
 
 
 
 
 
 
 
 
 
 
 
 
 
 
 
 
 
 
 
 
 
 
 
 
 
 
 
 
 
 
 
 
 
 
 
 
 
 
 
 
 
 
 
 
 
 
 
 
 
 
 
 
 
 
 
 
 
 
 
 
 
 
 
 
 
 
 
 
 
 
 
 
 
 
 
 
 
 
 
 
 
 
 
 
 
 
 
 
 
 
 
 
 
 
 
 
 
 
 
 
 
 
 
 
 
 
 
 
 
 
 
 
 
 
 
 
 
 
 
 
 
 
 
 
 
 
 
 
 
 
 
 
 
 
 
 
 
 
 
 
 
 
 
 
 
 
 
 
 
 
 
 
 
 
 
 
 
 
 
 
 
 
 
 
 
 
 
 
 
 
 
 
 
 
 
 
 
 
 
 
 
 
 
 
 
 
 
 
 
 
 
 
 
 
{
"corpora": {
"FAMILJELIV-ADOPTION": {
"absolute": {
"2003": 0,
"2023": null
},
"relative": {
"2003": 0,
"2023": null
},
"sums": {
"absolute": 0,
"relative": 0.0
}
},
"FAMILJELIV-ALLMANNA-EKONOMI": {
"absolute": {
"2003": 0,
"2023": null,
"2008": 1,
"2009": 2,
"2010": 0
},
"relative": {
"2003": 0,
"2023": null,
"2008": 0.13170698041727932,
"2009": 0.27185788357278345,
"2010": 0.0
},
"sums": {
"absolute": 3,
"relative": 0.40356486399006275
}
},
"FAMILJELIV-ALLMANNA-FAMILJELIV": {
"absolute": {
"2003": 0,
"2023": null,
"2009": 9,
"2010": 0
},
"relative": {
"2003": 0,
"2023": null,
"2009": 1.177040029431232,
"2010": 0.0
},
"sums": {
"absolute": 9,
"relative": 1.177040029431232
}
},
"FAMILJELIV-ALLMANNA-FRITID": {
"absolute": {
"2004": 0,
"2023": null,
"2008": 3,
"2009": 0
},
"relative": {
"2004": 0,
"2023": null,
"2008": 0.557343492838229,
"2009": 0.0
},
"sums": {
"absolute": 3,
"relative": 0.557343492838229
}
},
"FAMILJELIV-ALLMANNA-HUSDJUR": {
"absolute": {
"2003": 0,
"2023": null,
"2008": 15,
"2009": 12,
"2010": 0
},
"relative": {
"2003": 0,
"2023": null,
"2008": 1.9932553554120471,
"2009": 1.8768894998511783,
"2010": 0.0
},
"sums": {
"absolute": 27,
"relative": 3.8701448552632254
}
},
"FAMILJELIV-ALLMANNA-HUSHEM": {
"absolute": {
"2004": 0,
"2023": null,
"2008": 2,
"2009": 1,
"2010": 0
},
"relative": {
"2004": 0,
"2023": null,
"2008": 0.15756144049286477,
"2009": 0.10812070855392661,
"2010": 0.0
},
"sums": {
"absolute": 3,
"relative": 0.2656821490467914
}
},
"FAMILJELIV-ALLMANNA-KROPP": {
"absolute": {
"2003": 0,
"2023": null,
"2008": 4,
"2009": 3,
"2010": 0
},
"relative": {
"2003": 0,
"2023": null,
"2008": 0.24056896002459574,
"2009": 0.14957848036341187,
"2010": 0.0
},
"sums": {
"absolute": 7,
"relative": 0.39014744038800764
}
},
"FAMILJELIV-ALLMANNA-NOJE": {
"absolute": {
"2003": 0,
"2023": null,
"2008": 3,
"2009": 1,
"2010": 0
},
"relative": {
"2003": 0,
"2023": null,
"2008": 0.23352236969159867,
"2009": 0.08017663232808406,
"2010": 0.0
},
"sums": {
"absolute": 4,
"relative": 0.3136990020196827
}
},
"FAMILJELIV-ALLMANNA-SAMHALLE": {
"absolute": {
"2003": 0,
"2022": null,
"2008": 5,
"2009": 42,
"2010": 0
},
"relative": {
"2003": 0,
"2022": null,
"2008": 0.14192812192193385,
"2009": 1.037564632247815,
"2010": 0.0
},
"sums": {
"absolute": 47,
"relative": 1.1794927541697489
}
},
"FAMILJELIV-ALLMANNA-SANDLADAN": {
"absolute": {
"2005": 0,
"2022": null,
"2009": 12,
"2010": 2,
"2011": 0
},
"relative": {
"2005": 0,
"2022": null,
"2009": 2.3680058726545643,
"2010": 0.38444386350705073,
"2011": 0.0
},
"sums": {
"absolute": 14,
"relative": 2.752449736161615
}
},
"FAMILJELIV-ANGLARUM": {
"absolute": {
"2006": 0,
"2022": null,
"2008": 4,
"2009": 1,
"2010": 0
},
"relative": {
"2006": 0,
"2022": null,
"2008": 0.5776786417042098,
"2009": 0.25535531159476543,
"2010": 0.0
},
"sums": {
"absolute": 5,
"relative": 0.8330339532989752
}
},
"FAMILJELIV-EXPERT": {
"absolute": {
"2009": 0,
"2023": null
},
"relative": {
"2009": 0,
"2023": null
},
"sums": {
"absolute": 0,
"relative": 0.0
}
},
"FAMILJELIV-FORALDER": {
"absolute": {
"2003": 0,
"2022": null,
"2008": 34,
"2009": 152,
"2010": 5,
"2011": 0
},
"relative": {
"2003": 0,
"2022": null,
"2008": 0.38457352091638264,
"2009": 1.8767050235541296,
"2010": 0.08360399150202212,
"2011": 0.0
},
"sums": {
"absolute": 191,
"relative": 2.344882535972534
}
},
"FAMILJELIV-GRAVID": {
"absolute": {
"2003": 0,
"2022": null,
"2008": 33,
"2009": 2,
"2010": 0
},
"relative": {
"2003": 0,
"2022": null,
"2008": 0.7061232051471503,
"2009": 0.039210748795514415,
"2010": 0.0
},
"sums": {
"absolute": 35,
"relative": 0.7453339539426648
}
},
"FAMILJELIV-KANSLIGA": {
"absolute": {
"2003": 0,
"2022": null,
"2008": 50,
"2009": 18,
"2010": 2,
"2011": 0
},
"relative": {
"2003": 0,
"2022": null,
"2008": 0.5826158681094705,
"2009": 0.18762790359653297,
"2010": 0.026168424744307667,
"2011": 0.0
},
"sums": {
"absolute": 70,
"relative": 0.7964121964503112
}
},
"FAMILJELIV-MEDLEM-ALLMANNA": {
"absolute": {
"2006": 0,
"2022": null
},
"relative": {
"2006": 0,
"2022": null
},
"sums": {
"absolute": 0,
"relative": 0.0
}
},
"FAMILJELIV-MEDLEM-FORALDRAR": {
"absolute": {
"2006": 0,
"2022": null
},
"relative": {
"2006": 0,
"2022": null
},
"sums": {
"absolute": 0,
"relative": 0.0
}
},
"FAMILJELIV-MEDLEM-PLANERARBARN": {
"absolute": {
"2005": 0,
"2021": null
},
"relative": {
"2005": 0,
"2021": null
},
"sums": {
"absolute": 0,
"relative": 0.0
}
},
"FAMILJELIV-MEDLEM-VANTARBARN": {
"absolute": {
"2003": 0,
"2023": null
},
"relative": {
"2003": 0,
"2023": null
},
"sums": {
"absolute": 0,
"relative": 0.0
}
},
"FAMILJELIV-PAPPAGRUPP": {
"absolute": {
"2004": 0,
"2023": null
},
"relative": {
"2004": 0,
"2023": null
},
"sums": {
"absolute": 0,
"relative": 0.0
}
},
"FAMILJELIV-PLANERARBARN": {
"absolute": {
"2003": 0,
"2022": null,
"2008": 3,
"2009": 0
},
"relative": {
"2003": 0,
"2022": null,
"2008": 0.2592635963231237,
"2009": 0.0
},
"sums": {
"absolute": 3,
"relative": 0.2592635963231237
}
},
"FAMILJELIV-SEXSAMLEVNAD": {
"absolute": {
"2004": 0,
"2022": null,
"2008": 1,
"2009": 0
},
"relative": {
"2004": 0,
"2022": null,
"2008": 0.06917373016918857,
"2009": 0.0
},
"sums": {
"absolute": 1,
"relative": 0.06917373016918857
}
},
"FAMILJELIV-SVARTATTFABARN": {
"absolute": {
"2003": 0,
"2022": null
},
"relative": {
"2003": 0,
"2022": null
},
"sums": {
"absolute": 0,
"relative": 0.0
}
}
},
"combined": {
"absolute": {
"2003": 0,
"2023": null,
"2008": 158,
"2009": 255,
"2010": 9,
"2011": 0
},
"relative": {
"2003": 0,
"2023": null,
"2008": 0.25371645264915776,
"2009": 0.4298307293044346,
"2010": 0.021839750968017237,
"2011": 0.0
},
"sums": {
"absolute": 422,
"relative": 0.09449340199227207
}
},
"time": 1034.806531906128
}
