 
 
 
 
 
 
 
 
 
 
 
 
 
 
 
 
 
 
 
 
 
 
 
 
 
 
 
 
 
 
 
 
 
 
 
 
 
 
 
 
 
 
 
 
 
 
 
 
 
 
 
 
 
 
 
 
 
 
 
 
 
 
 
 
 
 
 
 
 
 
 
 
 
 
 
 
 
 
 
 
 
 
 
 
 
 
 
 
 
 
 
 
 
 
 
 
 
 
 
 
 
 
 
 
 
 
 
 
 
 
 
 
 
 
 
 
 
 
 
 
 
 
 
 
 
 
 
 
 
 
 
 
 
 
 
 
 
 
 
 
 
 
 
 
 
 
 
 
 
 
 
 
 
 
 
 
 
 
 
 
 
 
 
 
 
 
 
 
 
 
 
 
 
 
 
 
 
 
 
 
 
 
 
 
 
 
 
 
 
 
 
 
 
 
 
 
 
 
 
 
 
 
 
 
 
 
 
 
 
{
"corpora": {
"FAMILJELIV-ADOPTION": {
"absolute": {
"2003": 0,
"2023": null
},
"relative": {
"2003": 0,
"2023": null
},
"sums": {
"absolute": 0,
"relative": 0.0
}
},
"FAMILJELIV-ALLMANNA-EKONOMI": {
"absolute": {
"2003": 0,
"2023": null,
"2007": 1,
"2008": 0
},
"relative": {
"2003": 0,
"2023": null,
"2007": 0.18716133157052314,
"2008": 0.0
},
"sums": {
"absolute": 1,
"relative": 0.18716133157052314
}
},
"FAMILJELIV-ALLMANNA-FAMILJELIV": {
"absolute": {
"2003": 0,
"2023": null
},
"relative": {
"2003": 0,
"2023": null
},
"sums": {
"absolute": 0,
"relative": 0.0
}
},
"FAMILJELIV-ALLMANNA-FRITID": {
"absolute": {
"2004": 1,
"2023": null,
"2005": 0
},
"relative": {
"2004": 2.1114954032745072,
"2023": null,
"2005": 0.0
},
"sums": {
"absolute": 1,
"relative": 2.1114954032745072
}
},
"FAMILJELIV-ALLMANNA-HUSDJUR": {
"absolute": {
"2003": 0,
"2023": null,
"2008": 2,
"2009": 0
},
"relative": {
"2003": 0,
"2023": null,
"2008": 0.26576738072160627,
"2009": 0.0
},
"sums": {
"absolute": 2,
"relative": 0.26576738072160627
}
},
"FAMILJELIV-ALLMANNA-HUSHEM": {
"absolute": {
"2004": 0,
"2023": null
},
"relative": {
"2004": 0,
"2023": null
},
"sums": {
"absolute": 0,
"relative": 0.0
}
},
"FAMILJELIV-ALLMANNA-KROPP": {
"absolute": {
"2003": 0,
"2023": null,
"2006": 1,
"2007": 0,
"2008": 1,
"2009": 0
},
"relative": {
"2003": 0,
"2023": null,
"2006": 0.053850232379907784,
"2007": 0.0,
"2008": 0.060142240006148935,
"2009": 0.0
},
"sums": {
"absolute": 2,
"relative": 0.11399247238605673
}
},
"FAMILJELIV-ALLMANNA-NOJE": {
"absolute": {
"2003": 0,
"2023": null
},
"relative": {
"2003": 0,
"2023": null
},
"sums": {
"absolute": 0,
"relative": 0.0
}
},
"FAMILJELIV-ALLMANNA-SAMHALLE": {
"absolute": {
"2003": 0,
"2022": null,
"2004": 16,
"2005": 23,
"2006": 15,
"2007": 33,
"2008": 33,
"2009": 7,
"2010": 2,
"2011": 0
},
"relative": {
"2003": 0,
"2022": null,
"2004": 3.7901659879505885,
"2005": 1.764544546118865,
"2006": 0.44556311811486166,
"2007": 0.8710740231841895,
"2008": 0.9367256046847634,
"2009": 0.1729274387079692,
"2010": 0.06678327248653723,
"2011": 0.0
},
"sums": {
"absolute": 129,
"relative": 8.047783991247774
}
},
"FAMILJELIV-ALLMANNA-SANDLADAN": {
"absolute": {
"2005": 0,
"2022": null
},
"relative": {
"2005": 0,
"2022": null
},
"sums": {
"absolute": 0,
"relative": 0.0
}
},
"FAMILJELIV-ANGLARUM": {
"absolute": {
"2006": 0,
"2022": null
},
"relative": {
"2006": 0,
"2022": null
},
"sums": {
"absolute": 0,
"relative": 0.0
}
},
"FAMILJELIV-EXPERT": {
"absolute": {
"2009": 0,
"2023": null
},
"relative": {
"2009": 0,
"2023": null
},
"sums": {
"absolute": 0,
"relative": 0.0
}
},
"FAMILJELIV-FORALDER": {
"absolute": {
"2003": 0,
"2022": null,
"2004": 1,
"2005": 9,
"2006": 6,
"2007": 3,
"2008": 22,
"2009": 33,
"2010": 0,
"2011": 4,
"2012": 0,
"2015": 1,
"2016": 0
},
"relative": {
"2003": 0,
"2022": null,
"2004": 0.061795729519597525,
"2005": 0.14675754372094751,
"2006": 0.06024167272329751,
"2007": 0.034991215163839656,
"2008": 0.24884169000471817,
"2009": 0.40744253800846236,
"2010": 0.0,
"2011": 0.0816011849797678,
"2012": 0.0,
"2015": 0.18703345673177366,
"2016": 0.0
},
"sums": {
"absolute": 79,
"relative": 1.2287050308524041
}
},
"FAMILJELIV-GRAVID": {
"absolute": {
"2003": 0,
"2022": null,
"2004": 5,
"2005": 0,
"2011": 1,
"2012": 0
},
"relative": {
"2003": 0,
"2022": null,
"2004": 0.19291372334983722,
"2005": 0.0,
"2011": 0.021719441289092277,
"2012": 0.0
},
"sums": {
"absolute": 6,
"relative": 0.2146331646389295
}
},
"FAMILJELIV-KANSLIGA": {
"absolute": {
"2003": 0,
"2022": null
},
"relative": {
"2003": 0,
"2022": null
},
"sums": {
"absolute": 0,
"relative": 0.0
}
},
"FAMILJELIV-MEDLEM-ALLMANNA": {
"absolute": {
"2006": 1,
"2022": null,
"2007": 3,
"2008": 0,
"2009": 2,
"2010": 1,
"2011": 0
},
"relative": {
"2006": 0.04264120475048606,
"2022": null,
"2007": 0.0408252386524378,
"2008": 0.0,
"2009": 0.03066155963641155,
"2010": 0.03477003464173321,
"2011": 0.0
},
"sums": {
"absolute": 7,
"relative": 0.14889803768106863
}
},
"FAMILJELIV-MEDLEM-FORALDRAR": {
"absolute": {
"2006": 0,
"2022": null
},
"relative": {
"2006": 0,
"2022": null
},
"sums": {
"absolute": 0,
"relative": 0.0
}
},
"FAMILJELIV-MEDLEM-PLANERARBARN": {
"absolute": {
"2005": 0,
"2021": null
},
"relative": {
"2005": 0,
"2021": null
},
"sums": {
"absolute": 0,
"relative": 0.0
}
},
"FAMILJELIV-MEDLEM-VANTARBARN": {
"absolute": {
"2003": 0,
"2022": null
},
"relative": {
"2003": 0,
"2022": null
},
"sums": {
"absolute": 0,
"relative": 0.0
}
},
"FAMILJELIV-PAPPAGRUPP": {
"absolute": {
"2004": 0,
"2023": null
},
"relative": {
"2004": 0,
"2023": null
},
"sums": {
"absolute": 0,
"relative": 0.0
}
},
"FAMILJELIV-PLANERARBARN": {
"absolute": {
"2003": 0,
"2022": null
},
"relative": {
"2003": 0,
"2022": null
},
"sums": {
"absolute": 0,
"relative": 0.0
}
},
"FAMILJELIV-SEXSAMLEVNAD": {
"absolute": {
"2004": 0,
"2022": null
},
"relative": {
"2004": 0,
"2022": null
},
"sums": {
"absolute": 0,
"relative": 0.0
}
},
"FAMILJELIV-SVARTATTFABARN": {
"absolute": {
"2003": 0,
"2022": null
},
"relative": {
"2003": 0,
"2022": null
},
"sums": {
"absolute": 0,
"relative": 0.0
}
}
},
"combined": {
"absolute": {
"2003": 0,
"2023": null,
"2004": 23,
"2005": 32,
"2006": 23,
"2007": 40,
"2008": 58,
"2009": 42,
"2010": 3,
"2011": 5,
"2012": 0,
"2015": 1,
"2016": 0
},
"relative": {
"2003": 0,
"2023": null,
"2004": 0.23844627989332326,
"2005": 0.13770583202702855,
"2006": 0.049025637933910494,
"2007": 0.06299609334924272,
"2008": 0.0931364912645968,
"2009": 0.07079565752786762,
"2010": 0.0072789829100472535,
"2011": 0.013861827636451624,
"2012": 0.0,
"2015": 0.011263307936225889,
"2016": 0.0
},
"sums": {
"absolute": 227,
"relative": 0.050828963269925746
}
},
"time": 1047.755185842514
}
