 
 
 
 
 
 
 
 
 
 
 
 
 
 
 
 
 
 
 
 
 
 
 
 
 
 
 
 
 
 
 
 
 
 
 
 
 
 
 
 
 
 
 
 
 
 
 
 
 
 
 
 
 
 
 
 
 
 
 
 
 
 
 
 
 
 
 
 
 
 
 
 
 
 
 
 
 
 
 
 
 
 
 
 
 
 
 
 
 
 
 
 
 
 
 
 
 
 
 
 
 
 
 
 
 
 
 
 
 
 
 
 
 
 
 
 
 
 
 
 
 
 
 
 
 
 
 
 
 
 
 
 
 
 
 
 
 
 
 
 
 
 
 
 
 
 
 
 
 
 
 
 
 
 
 
 
 
 
 
 
 
 
 
 
 
 
 
 
 
 
 
 
 
 
 
 
 
 
 
 
 
 
 
 
 
 
 
 
 
 
 
 
 
 
 
 
 
 
 
 
 
 
 
 
 
 
 
 
 
 
 
 
 
 
 
 
 
 
 
 
{
"corpora": {
"FAMILJELIV-ADOPTION": {
"absolute": {
"2003": 0,
"2023": null
},
"relative": {
"2003": 0,
"2023": null
},
"sums": {
"absolute": 0,
"relative": 0.0
}
},
"FAMILJELIV-ALLMANNA-EKONOMI": {
"absolute": {
"2003": 0,
"2023": null,
"2004": 1,
"2005": 0,
"2007": 1,
"2008": 0,
"2009": 2,
"2010": 0
},
"relative": {
"2003": 0,
"2023": null,
"2004": 1.4153480340815807,
"2005": 0.0,
"2007": 0.18716133157052314,
"2008": 0.0,
"2009": 0.27185788357278345,
"2010": 0.0
},
"sums": {
"absolute": 4,
"relative": 1.8743672492248873
}
},
"FAMILJELIV-ALLMANNA-FAMILJELIV": {
"absolute": {
"2003": 0,
"2023": null,
"2006": 3,
"2007": 0
},
"relative": {
"2003": 0,
"2023": null,
"2006": 0.2006122149835391,
"2007": 0.0
},
"sums": {
"absolute": 3,
"relative": 0.2006122149835391
}
},
"FAMILJELIV-ALLMANNA-FRITID": {
"absolute": {
"2004": 0,
"2023": null,
"2010": 1,
"2011": 0
},
"relative": {
"2004": 0,
"2023": null,
"2010": 0.3343971621719229,
"2011": 0.0
},
"sums": {
"absolute": 1,
"relative": 0.3343971621719229
}
},
"FAMILJELIV-ALLMANNA-HUSDJUR": {
"absolute": {
"2003": 0,
"2023": null,
"2004": 4,
"2005": 0
},
"relative": {
"2003": 0,
"2023": null,
"2004": 4.571564412199677,
"2005": 0.0
},
"sums": {
"absolute": 4,
"relative": 4.571564412199677
}
},
"FAMILJELIV-ALLMANNA-HUSHEM": {
"absolute": {
"2004": 0,
"2023": null,
"2005": 1,
"2006": 3,
"2007": 6,
"2008": 4,
"2009": 2,
"2010": 2,
"2011": 0
},
"relative": {
"2004": 0,
"2023": null,
"2005": 0.27104935402162705,
"2006": 0.30828202749690714,
"2007": 0.4767040680733409,
"2008": 0.31512288098572955,
"2009": 0.21624141710785322,
"2010": 0.36507742379465125,
"2011": 0.0
},
"sums": {
"absolute": 18,
"relative": 1.9524771714801092
}
},
"FAMILJELIV-ALLMANNA-KROPP": {
"absolute": {
"2003": 0,
"2023": null,
"2004": 1,
"2005": 0,
"2008": 1,
"2009": 1,
"2010": 0
},
"relative": {
"2003": 0,
"2023": null,
"2004": 0.38153434801121405,
"2005": 0.0,
"2008": 0.060142240006148935,
"2009": 0.04985949345447063,
"2010": 0.0
},
"sums": {
"absolute": 3,
"relative": 0.4915360814718336
}
},
"FAMILJELIV-ALLMANNA-NOJE": {
"absolute": {
"2003": 0,
"2023": null,
"2004": 1,
"2005": 0,
"2008": 1,
"2009": 0
},
"relative": {
"2003": 0,
"2023": null,
"2004": 0.23582258218181168,
"2005": 0.0,
"2008": 0.07784078989719956,
"2009": 0.0
},
"sums": {
"absolute": 2,
"relative": 0.31366337207901124
}
},
"FAMILJELIV-ALLMANNA-SAMHALLE": {
"absolute": {
"2003": 0,
"2022": null,
"2005": 2,
"2006": 4,
"2007": 1,
"2008": 0,
"2010": 3,
"2011": 0
},
"relative": {
"2003": 0,
"2022": null,
"2005": 0.15343865618424915,
"2006": 0.11881683149729644,
"2007": 0.026396182520733013,
"2008": 0.0,
"2010": 0.10017490872980588,
"2011": 0.0
},
"sums": {
"absolute": 10,
"relative": 0.3988265789320845
}
},
"FAMILJELIV-ALLMANNA-SANDLADAN": {
"absolute": {
"2005": 0,
"2022": null,
"2006": 1,
"2007": 0
},
"relative": {
"2005": 0,
"2022": null,
"2006": 0.1561397750775312,
"2007": 0.0
},
"sums": {
"absolute": 1,
"relative": 0.1561397750775312
}
},
"FAMILJELIV-ANGLARUM": {
"absolute": {
"2006": 0,
"2022": null
},
"relative": {
"2006": 0,
"2022": null
},
"sums": {
"absolute": 0,
"relative": 0.0
}
},
"FAMILJELIV-EXPERT": {
"absolute": {
"2009": 0,
"2023": null
},
"relative": {
"2009": 0,
"2023": null
},
"sums": {
"absolute": 0,
"relative": 0.0
}
},
"FAMILJELIV-FORALDER": {
"absolute": {
"2003": 0,
"2022": null,
"2007": 1,
"2008": 0,
"2009": 2,
"2010": 1,
"2011": 1,
"2012": 0
},
"relative": {
"2003": 0,
"2022": null,
"2007": 0.011663738387946553,
"2008": 0.0,
"2009": 0.024693487152028022,
"2010": 0.016720798300404422,
"2011": 0.02040029624494195,
"2012": 0.0
},
"sums": {
"absolute": 5,
"relative": 0.07347832008532094
}
},
"FAMILJELIV-GRAVID": {
"absolute": {
"2003": 0,
"2022": null,
"2004": 1,
"2005": 1,
"2006": 0,
"2009": 1,
"2010": 0
},
"relative": {
"2003": 0,
"2022": null,
"2004": 0.038582744669967445,
"2005": 0.025245629880485166,
"2006": 0.0,
"2009": 0.019605374397757207,
"2010": 0.0
},
"sums": {
"absolute": 3,
"relative": 0.08343374894820982
}
},
"FAMILJELIV-KANSLIGA": {
"absolute": {
"2003": 0,
"2022": null,
"2008": 1,
"2009": 1,
"2010": 0
},
"relative": {
"2003": 0,
"2022": null,
"2008": 0.011652317362189411,
"2009": 0.010423772422029609,
"2010": 0.0
},
"sums": {
"absolute": 2,
"relative": 0.02207608978421902
}
},
"FAMILJELIV-MEDLEM-ALLMANNA": {
"absolute": {
"2006": 0,
"2022": null,
"2007": 5,
"2008": 11,
"2009": 1,
"2010": 0
},
"relative": {
"2006": 0,
"2022": null,
"2007": 0.06804206442072967,
"2008": 0.1531755171550104,
"2009": 0.015330779818205775,
"2010": 0.0
},
"sums": {
"absolute": 17,
"relative": 0.23654836139394583
}
},
"FAMILJELIV-MEDLEM-FORALDRAR": {
"absolute": {
"2006": 2,
"2022": null,
"2007": 0
},
"relative": {
"2006": 0.09639512128867939,
"2022": null,
"2007": 0.0
},
"sums": {
"absolute": 2,
"relative": 0.09639512128867939
}
},
"FAMILJELIV-MEDLEM-PLANERARBARN": {
"absolute": {
"2005": 0,
"2021": null
},
"relative": {
"2005": 0,
"2021": null
},
"sums": {
"absolute": 0,
"relative": 0.0
}
},
"FAMILJELIV-MEDLEM-VANTARBARN": {
"absolute": {
"2003": 0,
"2022": null
},
"relative": {
"2003": 0,
"2022": null
},
"sums": {
"absolute": 0,
"relative": 0.0
}
},
"FAMILJELIV-PAPPAGRUPP": {
"absolute": {
"2004": 0,
"2023": null
},
"relative": {
"2004": 0,
"2023": null
},
"sums": {
"absolute": 0,
"relative": 0.0
}
},
"FAMILJELIV-PLANERARBARN": {
"absolute": {
"2003": 0,
"2022": null
},
"relative": {
"2003": 0,
"2022": null
},
"sums": {
"absolute": 0,
"relative": 0.0
}
},
"FAMILJELIV-SEXSAMLEVNAD": {
"absolute": {
"2004": 0,
"2022": null
},
"relative": {
"2004": 0,
"2022": null
},
"sums": {
"absolute": 0,
"relative": 0.0
}
},
"FAMILJELIV-SVARTATTFABARN": {
"absolute": {
"2003": 0,
"2022": null
},
"relative": {
"2003": 0,
"2022": null
},
"sums": {
"absolute": 0,
"relative": 0.0
}
}
},
"combined": {
"absolute": {
"2003": 0,
"2023": null,
"2004": 8,
"2005": 4,
"2006": 13,
"2007": 14,
"2008": 18,
"2009": 10,
"2010": 7,
"2011": 1,
"2012": 0
},
"relative": {
"2003": 0,
"2023": null,
"2004": 0.08293783648463418,
"2005": 0.01721322900337857,
"2006": 0.027710143180036367,
"2007": 0.022048632672234954,
"2008": 0.02890442832349556,
"2009": 0.016856108935206577,
"2010": 0.016984293456776926,
"2011": 0.002772365527290325,
"2012": 0.0
},
"sums": {
"absolute": 75,
"relative": 0.016793710331473265
}
},
"time": 1104.0875883102417
}
