 
 
 
 
 
 
 
 
 
 
 
 
 
 
 
 
 
 
 
 
 
 
 
 
 
 
 
 
 
 
 
 
 
 
 
 
 
 
 
 
 
 
 
 
 
 
 
 
 
 
 
 
 
 
 
 
 
 
 
 
 
 
 
 
 
 
 
 
 
 
 
 
 
 
 
 
 
 
 
 
 
 
 
 
 
 
 
 
 
 
 
 
 
 
 
 
 
 
 
 
 
 
 
 
 
 
 
 
 
 
 
 
 
 
 
 
 
 
 
 
 
 
 
 
 
 
 
 
 
 
 
 
 
 
 
 
 
 
 
 
 
 
 
 
 
 
 
 
 
 
 
 
 
 
 
 
 
 
 
 
 
 
 
 
 
 
 
 
 
 
 
 
 
 
 
 
 
 
 
 
 
 
 
 
 
 
 
 
 
 
 
 
 
 
 
 
 
 
 
 
 
 
 
 
 
 
{
"corpora": {
"FAMILJELIV-ADOPTION": {
"absolute": {
"2003": 0,
"2023": null,
"2015": 21,
"2016": 0,
"2018": 1,
"2019": 0
},
"relative": {
"2003": 0,
"2023": null,
"2015": 599.6573386636207,
"2016": 0.0,
"2018": 70.78142695356739,
"2019": 0.0
},
"sums": {
"absolute": 22,
"relative": 670.4387656171881
}
},
"FAMILJELIV-ALLMANNA-EKONOMI": {
"absolute": {
"2003": 0,
"2023": null
},
"relative": {
"2003": 0,
"2023": null
},
"sums": {
"absolute": 0,
"relative": 0.0
}
},
"FAMILJELIV-ALLMANNA-FAMILJELIV": {
"absolute": {
"2003": 0,
"2023": null
},
"relative": {
"2003": 0,
"2023": null
},
"sums": {
"absolute": 0,
"relative": 0.0
}
},
"FAMILJELIV-ALLMANNA-FRITID": {
"absolute": {
"2004": 0,
"2023": null
},
"relative": {
"2004": 0,
"2023": null
},
"sums": {
"absolute": 0,
"relative": 0.0
}
},
"FAMILJELIV-ALLMANNA-HUSDJUR": {
"absolute": {
"2003": 0,
"2023": null
},
"relative": {
"2003": 0,
"2023": null
},
"sums": {
"absolute": 0,
"relative": 0.0
}
},
"FAMILJELIV-ALLMANNA-HUSHEM": {
"absolute": {
"2004": 0,
"2023": null,
"2009": 3,
"2010": 0
},
"relative": {
"2004": 0,
"2023": null,
"2009": 0.3243621256617798,
"2010": 0.0
},
"sums": {
"absolute": 3,
"relative": 0.3243621256617798
}
},
"FAMILJELIV-ALLMANNA-KROPP": {
"absolute": {
"2003": 0,
"2023": null,
"2013": 48,
"2014": 0
},
"relative": {
"2003": 0,
"2023": null,
"2013": 7.621167029307198,
"2014": 0.0
},
"sums": {
"absolute": 48,
"relative": 7.621167029307198
}
},
"FAMILJELIV-ALLMANNA-NOJE": {
"absolute": {
"2003": 0,
"2023": null,
"2013": 6,
"2014": 0
},
"relative": {
"2003": 0,
"2023": null,
"2013": 2.3961383833813423,
"2014": 0.0
},
"sums": {
"absolute": 6,
"relative": 2.3961383833813423
}
},
"FAMILJELIV-ALLMANNA-SAMHALLE": {
"absolute": {
"2003": 0,
"2022": null
},
"relative": {
"2003": 0,
"2022": null
},
"sums": {
"absolute": 0,
"relative": 0.0
}
},
"FAMILJELIV-ALLMANNA-SANDLADAN": {
"absolute": {
"2005": 0,
"2022": null
},
"relative": {
"2005": 0,
"2022": null
},
"sums": {
"absolute": 0,
"relative": 0.0
}
},
"FAMILJELIV-ANGLARUM": {
"absolute": {
"2006": 0,
"2022": null
},
"relative": {
"2006": 0,
"2022": null
},
"sums": {
"absolute": 0,
"relative": 0.0
}
},
"FAMILJELIV-EXPERT": {
"absolute": {
"2009": 0,
"2023": null
},
"relative": {
"2009": 0,
"2023": null
},
"sums": {
"absolute": 0,
"relative": 0.0
}
},
"FAMILJELIV-FORALDER": {
"absolute": {
"2003": 0,
"2022": null,
"2018": 5,
"2019": 0
},
"relative": {
"2003": 0,
"2022": null,
"2018": 1.792927617719145,
"2019": 0.0
},
"sums": {
"absolute": 5,
"relative": 1.792927617719145
}
},
"FAMILJELIV-GRAVID": {
"absolute": {
"2003": 0,
"2022": null,
"2009": 7,
"2010": 11,
"2011": 0,
"2013": 19,
"2014": 0
},
"relative": {
"2003": 0,
"2022": null,
"2009": 0.13723762078430043,
"2010": 0.29849003929241474,
"2011": 0.0,
"2013": 0.6924724418746833,
"2014": 0.0
},
"sums": {
"absolute": 37,
"relative": 1.1282001019513985
}
},
"FAMILJELIV-KANSLIGA": {
"absolute": {
"2003": 0,
"2022": null,
"2010": 4,
"2011": 0,
"2013": 2,
"2014": 0
},
"relative": {
"2003": 0,
"2022": null,
"2010": 0.052336849488615333,
"2011": 0.0,
"2013": 0.022969915428905974,
"2014": 0.0
},
"sums": {
"absolute": 6,
"relative": 0.07530676491752131
}
},
"FAMILJELIV-MEDLEM-ALLMANNA": {
"absolute": {
"2006": 0,
"2022": null
},
"relative": {
"2006": 0,
"2022": null
},
"sums": {
"absolute": 0,
"relative": 0.0
}
},
"FAMILJELIV-MEDLEM-FORALDRAR": {
"absolute": {
"2006": 0,
"2022": null
},
"relative": {
"2006": 0,
"2022": null
},
"sums": {
"absolute": 0,
"relative": 0.0
}
},
"FAMILJELIV-MEDLEM-PLANERARBARN": {
"absolute": {
"2005": 0,
"2021": null,
"2009": 221,
"2010": 511,
"2011": 447,
"2012": 60,
"2013": 30,
"2014": 0
},
"relative": {
"2005": 0,
"2021": null,
"2009": 9.494281306533397,
"2010": 25.692075895096085,
"2011": 56.66235170816074,
"2012": 40.9973283407698,
"2013": 79.10683113855826,
"2014": 0.0
},
"sums": {
"absolute": 1269,
"relative": 211.9528683891183
}
},
"FAMILJELIV-MEDLEM-VANTARBARN": {
"absolute": {
"2003": 0,
"2022": null,
"2010": 11,
"2011": 0
},
"relative": {
"2003": 0,
"2022": null,
"2010": 0.2517424871173643,
"2011": 0.0
},
"sums": {
"absolute": 11,
"relative": 0.2517424871173643
}
},
"FAMILJELIV-PAPPAGRUPP": {
"absolute": {
"2004": 0,
"2023": null
},
"relative": {
"2004": 0,
"2023": null
},
"sums": {
"absolute": 0,
"relative": 0.0
}
},
"FAMILJELIV-PLANERARBARN": {
"absolute": {
"2003": 0,
"2022": null,
"2008": 3,
"2009": 16,
"2010": 0,
"2013": 1,
"2014": 0
},
"relative": {
"2003": 0,
"2022": null,
"2008": 0.2592635963231237,
"2009": 1.0153160425011294,
"2010": 0.0,
"2013": 0.08485899913562622,
"2014": 0.0
},
"sums": {
"absolute": 20,
"relative": 1.3594386379598795
}
},
"FAMILJELIV-SEXSAMLEVNAD": {
"absolute": {
"2004": 0,
"2022": null
},
"relative": {
"2004": 0,
"2022": null
},
"sums": {
"absolute": 0,
"relative": 0.0
}
},
"FAMILJELIV-SVARTATTFABARN": {
"absolute": {
"2003": 0,
"2022": null,
"2008": 174,
"2009": 319,
"2010": 20,
"2011": 303,
"2012": 112,
"2013": 384,
"2014": 422,
"2015": 199,
"2016": 0
},
"relative": {
"2003": 0,
"2022": null,
"2008": 6.411973498208019,
"2009": 15.692932503369063,
"2010": 1.9405154397110962,
"2011": 22.799409292136282,
"2012": 9.03762160140038,
"2013": 44.30066724419047,
"2014": 63.049356739684896,
"2015": 43.1764502188547,
"2016": 0.0
},
"sums": {
"absolute": 1933,
"relative": 206.40892653755492
}
}
},
"combined": {
"absolute": {
"2003": 0,
"2023": null,
"2008": 177,
"2009": 566,
"2010": 557,
"2011": 750,
"2012": 172,
"2013": 490,
"2014": 422,
"2015": 220,
"2016": 0,
"2018": 6,
"2019": 0
},
"relative": {
"2003": 0,
"2023": null,
"2008": 0.28422687851437306,
"2009": 0.9540557657326922,
"2010": 1.3514644936321067,
"2011": 2.079274145467744,
"2012": 0.5922051486226102,
"2013": 2.358522579099312,
"2014": 3.0465197208440773,
"2015": 2.4779277459696956,
"2016": 0.0,
"2018": 0.10615106499594326,
"2019": 0.0
},
"sums": {
"absolute": 3360,
"relative": 0.7523582228500023
}
},
"time": 1034.345447063446
}
