 
 
 
 
 
 
 
 
 
 
 
 
 
 
 
 
 
 
 
 
 
 
 
 
 
 
 
 
 
 
 
 
 
 
 
 
 
 
 
 
 
 
 
 
 
 
 
 
 
 
 
 
 
 
 
 
 
 
 
 
 
 
 
 
 
 
 
 
 
 
 
 
 
 
 
 
 
 
 
 
 
 
 
 
 
 
 
 
 
 
 
 
 
 
 
 
 
 
 
 
 
 
 
 
 
 
 
 
 
 
 
 
 
 
 
 
 
 
 
 
 
 
 
 
 
 
 
 
 
 
 
 
 
 
 
 
 
 
 
 
 
 
 
 
 
 
 
 
 
 
 
 
 
 
 
 
 
 
 
 
 
 
 
 
 
 
 
 
 
 
 
 
 
 
 
 
 
 
 
 
 
 
 
 
 
 
 
 
 
 
 
 
 
 
 
 
 
 
 
 
 
 
 
 
 
 
 
 
{
"corpora": {
"FAMILJELIV-ADOPTION": {
"absolute": {
"2003": 0,
"2023": null
},
"relative": {
"2003": 0,
"2023": null
},
"sums": {
"absolute": 0,
"relative": 0.0
}
},
"FAMILJELIV-ALLMANNA-EKONOMI": {
"absolute": {
"2003": 0,
"2023": null,
"2009": 2,
"2010": 0
},
"relative": {
"2003": 0,
"2023": null,
"2009": 0.27185788357278345,
"2010": 0.0
},
"sums": {
"absolute": 2,
"relative": 0.27185788357278345
}
},
"FAMILJELIV-ALLMANNA-FAMILJELIV": {
"absolute": {
"2003": 0,
"2023": null
},
"relative": {
"2003": 0,
"2023": null
},
"sums": {
"absolute": 0,
"relative": 0.0
}
},
"FAMILJELIV-ALLMANNA-FRITID": {
"absolute": {
"2004": 0,
"2023": null,
"2010": 1,
"2011": 0
},
"relative": {
"2004": 0,
"2023": null,
"2010": 0.3343971621719229,
"2011": 0.0
},
"sums": {
"absolute": 1,
"relative": 0.3343971621719229
}
},
"FAMILJELIV-ALLMANNA-HUSDJUR": {
"absolute": {
"2003": 0,
"2023": null
},
"relative": {
"2003": 0,
"2023": null
},
"sums": {
"absolute": 0,
"relative": 0.0
}
},
"FAMILJELIV-ALLMANNA-HUSHEM": {
"absolute": {
"2004": 0,
"2023": null,
"2009": 2,
"2010": 0
},
"relative": {
"2004": 0,
"2023": null,
"2009": 0.21624141710785322,
"2010": 0.0
},
"sums": {
"absolute": 2,
"relative": 0.21624141710785322
}
},
"FAMILJELIV-ALLMANNA-KROPP": {
"absolute": {
"2003": 0,
"2023": null,
"2006": 3,
"2007": 1,
"2008": 2,
"2009": 3,
"2010": 0,
"2012": 1,
"2013": 0
},
"relative": {
"2003": 0,
"2023": null,
"2006": 0.1615506971397234,
"2007": 0.05492837724106406,
"2008": 0.12028448001229787,
"2009": 0.14957848036341187,
"2010": 0.0,
"2012": 0.10635464765556069,
"2013": 0.0
},
"sums": {
"absolute": 10,
"relative": 0.5926966824120579
}
},
"FAMILJELIV-ALLMANNA-NOJE": {
"absolute": {
"2003": 0,
"2023": null,
"2007": 1,
"2008": 0
},
"relative": {
"2003": 0,
"2023": null,
"2007": 0.0785717293889068,
"2008": 0.0
},
"sums": {
"absolute": 1,
"relative": 0.0785717293889068
}
},
"FAMILJELIV-ALLMANNA-SAMHALLE": {
"absolute": {
"2003": 0,
"2022": null,
"2006": 7,
"2007": 3,
"2008": 5,
"2009": 7,
"2010": 0,
"2011": 2,
"2012": 0
},
"relative": {
"2003": 0,
"2022": null,
"2006": 0.20792945512026878,
"2007": 0.07918854756219904,
"2008": 0.14192812192193385,
"2009": 0.1729274387079692,
"2010": 0.0,
"2011": 0.06381016628674094,
"2012": 0.0
},
"sums": {
"absolute": 24,
"relative": 0.6657837295991118
}
},
"FAMILJELIV-ALLMANNA-SANDLADAN": {
"absolute": {
"2005": 0,
"2022": null
},
"relative": {
"2005": 0,
"2022": null
},
"sums": {
"absolute": 0,
"relative": 0.0
}
},
"FAMILJELIV-ANGLARUM": {
"absolute": {
"2006": 0,
"2022": null
},
"relative": {
"2006": 0,
"2022": null
},
"sums": {
"absolute": 0,
"relative": 0.0
}
},
"FAMILJELIV-EXPERT": {
"absolute": {
"2009": 0,
"2023": null
},
"relative": {
"2009": 0,
"2023": null
},
"sums": {
"absolute": 0,
"relative": 0.0
}
},
"FAMILJELIV-FORALDER": {
"absolute": {
"2003": 0,
"2022": null,
"2006": 7,
"2007": 5,
"2008": 5,
"2009": 3,
"2010": 1,
"2011": 0,
"2012": 2,
"2013": 0
},
"relative": {
"2003": 0,
"2022": null,
"2006": 0.07028195151051377,
"2007": 0.05831869193973276,
"2008": 0.056554929546526855,
"2009": 0.03704023072804203,
"2010": 0.016720798300404422,
"2011": 0.0,
"2012": 0.07092613574907751,
"2013": 0.0
},
"sums": {
"absolute": 23,
"relative": 0.3098427377742973
}
},
"FAMILJELIV-GRAVID": {
"absolute": {
"2003": 0,
"2022": null,
"2005": 1,
"2006": 6,
"2007": 0,
"2008": 3,
"2009": 3,
"2010": 2,
"2011": 0
},
"relative": {
"2003": 0,
"2022": null,
"2005": 0.025245629880485166,
"2006": 0.11856258281472906,
"2007": 0.0,
"2008": 0.06419301864974093,
"2009": 0.05881612319327162,
"2010": 0.05427091623498449,
"2011": 0.0
},
"sums": {
"absolute": 15,
"relative": 0.3210882707732113
}
},
"FAMILJELIV-KANSLIGA": {
"absolute": {
"2003": 0,
"2022": null,
"2005": 4,
"2006": 12,
"2007": 10,
"2008": 4,
"2009": 5,
"2010": 1,
"2011": 0,
"2012": 2,
"2013": 0
},
"relative": {
"2003": 0,
"2022": null,
"2005": 0.19887208701489067,
"2006": 0.2316046510151203,
"2007": 0.12153505089097953,
"2008": 0.046609269448757644,
"2009": 0.052118862110148045,
"2010": 0.013084212372153833,
"2011": 0.0,
"2012": 0.01966352503510357,
"2013": 0.0
},
"sums": {
"absolute": 38,
"relative": 0.6834876578871536
}
},
"FAMILJELIV-MEDLEM-ALLMANNA": {
"absolute": {
"2006": 0,
"2022": null
},
"relative": {
"2006": 0,
"2022": null
},
"sums": {
"absolute": 0,
"relative": 0.0
}
},
"FAMILJELIV-MEDLEM-FORALDRAR": {
"absolute": {
"2006": 0,
"2022": null
},
"relative": {
"2006": 0,
"2022": null
},
"sums": {
"absolute": 0,
"relative": 0.0
}
},
"FAMILJELIV-MEDLEM-PLANERARBARN": {
"absolute": {
"2005": 0,
"2021": null
},
"relative": {
"2005": 0,
"2021": null
},
"sums": {
"absolute": 0,
"relative": 0.0
}
},
"FAMILJELIV-MEDLEM-VANTARBARN": {
"absolute": {
"2003": 0,
"2022": null,
"2006": 1,
"2007": 0
},
"relative": {
"2003": 0,
"2022": null,
"2006": 0.02345924433692082,
"2007": 0.0
},
"sums": {
"absolute": 1,
"relative": 0.02345924433692082
}
},
"FAMILJELIV-PAPPAGRUPP": {
"absolute": {
"2004": 0,
"2023": null
},
"relative": {
"2004": 0,
"2023": null
},
"sums": {
"absolute": 0,
"relative": 0.0
}
},
"FAMILJELIV-PLANERARBARN": {
"absolute": {
"2003": 0,
"2022": null
},
"relative": {
"2003": 0,
"2022": null
},
"sums": {
"absolute": 0,
"relative": 0.0
}
},
"FAMILJELIV-SEXSAMLEVNAD": {
"absolute": {
"2004": 0,
"2022": null,
"2006": 1,
"2007": 5,
"2008": 10,
"2009": 4,
"2010": 0
},
"relative": {
"2004": 0,
"2022": null,
"2006": 0.1431589218644331,
"2007": 0.39301718506943434,
"2008": 0.6917373016918857,
"2009": 0.27527343943013993,
"2010": 0.0
},
"sums": {
"absolute": 20,
"relative": 1.5031868480558932
}
},
"FAMILJELIV-SVARTATTFABARN": {
"absolute": {
"2003": 0,
"2022": null,
"2011": 1,
"2012": 0
},
"relative": {
"2003": 0,
"2022": null,
"2011": 0.07524557522157188,
"2012": 0.0
},
"sums": {
"absolute": 1,
"relative": 0.07524557522157188
}
}
},
"combined": {
"absolute": {
"2003": 0,
"2023": null,
"2005": 5,
"2006": 37,
"2007": 25,
"2008": 29,
"2009": 29,
"2010": 5,
"2011": 3,
"2012": 5,
"2013": 0
},
"relative": {
"2003": 0,
"2023": null,
"2005": 0.02151653625422321,
"2006": 0.07886733058933428,
"2007": 0.0393725583432767,
"2008": 0.0465682456322984,
"2009": 0.04888271591209908,
"2010": 0.01213163818341209,
"2011": 0.008317096581870975,
"2012": 0.01721526594833169,
"2013": 0.0
},
"sums": {
"absolute": 138,
"relative": 0.030900427009910806
}
},
"time": 1044.8598787784576
}
