 
 
 
 
 
 
 
 
 
 
 
 
 
 
 
 
 
 
 
 
 
 
 
 
 
 
 
 
 
 
 
 
 
 
 
 
 
 
 
 
 
 
 
 
 
 
 
 
 
 
 
 
 
 
 
 
 
 
 
 
 
 
 
 
 
 
 
 
 
 
 
 
 
 
 
 
 
 
 
 
 
 
 
 
 
 
 
 
 
 
 
 
 
 
 
 
 
 
 
 
 
 
 
 
 
 
 
 
 
 
 
 
 
 
 
 
 
 
 
 
 
 
 
 
 
 
 
 
 
 
 
 
 
 
 
 
 
 
 
 
 
 
 
 
 
 
 
 
 
 
 
 
 
 
 
 
 
 
 
 
 
 
 
 
 
 
 
 
 
 
 
 
 
 
 
 
 
 
 
 
 
 
 
 
 
 
 
 
 
 
 
 
 
 
 
 
 
 
 
 
 
 
 
 
 
 
 
 
 
 
{
"corpora": {
"FAMILJELIV-ADOPTION": {
"absolute": {
"2003": 0,
"2023": null
},
"relative": {
"2003": 0,
"2023": null
},
"sums": {
"absolute": 0,
"relative": 0.0
}
},
"FAMILJELIV-ALLMANNA-EKONOMI": {
"absolute": {
"2003": 0,
"2023": null
},
"relative": {
"2003": 0,
"2023": null
},
"sums": {
"absolute": 0,
"relative": 0.0
}
},
"FAMILJELIV-ALLMANNA-FAMILJELIV": {
"absolute": {
"2003": 0,
"2023": null
},
"relative": {
"2003": 0,
"2023": null
},
"sums": {
"absolute": 0,
"relative": 0.0
}
},
"FAMILJELIV-ALLMANNA-FRITID": {
"absolute": {
"2004": 0,
"2023": null
},
"relative": {
"2004": 0,
"2023": null
},
"sums": {
"absolute": 0,
"relative": 0.0
}
},
"FAMILJELIV-ALLMANNA-HUSDJUR": {
"absolute": {
"2003": 0,
"2023": null
},
"relative": {
"2003": 0,
"2023": null
},
"sums": {
"absolute": 0,
"relative": 0.0
}
},
"FAMILJELIV-ALLMANNA-HUSHEM": {
"absolute": {
"2004": 0,
"2023": null
},
"relative": {
"2004": 0,
"2023": null
},
"sums": {
"absolute": 0,
"relative": 0.0
}
},
"FAMILJELIV-ALLMANNA-KROPP": {
"absolute": {
"2003": 0,
"2023": null,
"2007": 1,
"2008": 0
},
"relative": {
"2003": 0,
"2023": null,
"2007": 0.05492837724106406,
"2008": 0.0
},
"sums": {
"absolute": 1,
"relative": 0.05492837724106406
}
},
"FAMILJELIV-ALLMANNA-NOJE": {
"absolute": {
"2003": 0,
"2023": null,
"2005": 1,
"2006": 5,
"2007": 4,
"2008": 1,
"2009": 1,
"2010": 0
},
"relative": {
"2003": 0,
"2023": null,
"2005": 0.0969204684205007,
"2006": 0.3893773801179081,
"2007": 0.3142869175556272,
"2008": 0.07784078989719956,
"2009": 0.08017663232808406,
"2010": 0.0
},
"sums": {
"absolute": 12,
"relative": 0.9586021883193196
}
},
"FAMILJELIV-ALLMANNA-SAMHALLE": {
"absolute": {
"2003": 0,
"2022": null,
"2005": 1,
"2006": 1,
"2007": 0
},
"relative": {
"2003": 0,
"2022": null,
"2005": 0.07671932809212458,
"2006": 0.02970420787432411,
"2007": 0.0
},
"sums": {
"absolute": 2,
"relative": 0.10642353596644868
}
},
"FAMILJELIV-ALLMANNA-SANDLADAN": {
"absolute": {
"2005": 1,
"2022": null,
"2006": 0
},
"relative": {
"2005": 0.3983381333078397,
"2022": null,
"2006": 0.0
},
"sums": {
"absolute": 1,
"relative": 0.3983381333078397
}
},
"FAMILJELIV-ANGLARUM": {
"absolute": {
"2006": 0,
"2022": null
},
"relative": {
"2006": 0,
"2022": null
},
"sums": {
"absolute": 0,
"relative": 0.0
}
},
"FAMILJELIV-EXPERT": {
"absolute": {
"2009": 0,
"2023": null
},
"relative": {
"2009": 0,
"2023": null
},
"sums": {
"absolute": 0,
"relative": 0.0
}
},
"FAMILJELIV-FORALDER": {
"absolute": {
"2003": 0,
"2022": null,
"2008": 5,
"2009": 1,
"2010": 1,
"2011": 0
},
"relative": {
"2003": 0,
"2022": null,
"2008": 0.056554929546526855,
"2009": 0.012346743576014011,
"2010": 0.016720798300404422,
"2011": 0.0
},
"sums": {
"absolute": 7,
"relative": 0.08562247142294528
}
},
"FAMILJELIV-GRAVID": {
"absolute": {
"2003": 0,
"2022": null,
"2009": 1,
"2010": 0
},
"relative": {
"2003": 0,
"2022": null,
"2009": 0.019605374397757207,
"2010": 0.0
},
"sums": {
"absolute": 1,
"relative": 0.019605374397757207
}
},
"FAMILJELIV-KANSLIGA": {
"absolute": {
"2003": 0,
"2022": null,
"2005": 1,
"2006": 1,
"2007": 0
},
"relative": {
"2003": 0,
"2022": null,
"2005": 0.04971802175372267,
"2006": 0.019300387584593355,
"2007": 0.0
},
"sums": {
"absolute": 2,
"relative": 0.06901840933831602
}
},
"FAMILJELIV-MEDLEM-ALLMANNA": {
"absolute": {
"2006": 0,
"2022": null,
"2007": 4,
"2008": 5,
"2009": 6,
"2010": 0,
"2011": 1,
"2012": 0
},
"relative": {
"2006": 0,
"2022": null,
"2007": 0.054433651536583735,
"2008": 0.06962523507045928,
"2009": 0.09198467890923463,
"2010": 0.0,
"2011": 0.09482055967645708,
"2012": 0.0
},
"sums": {
"absolute": 16,
"relative": 0.31086412519273476
}
},
"FAMILJELIV-MEDLEM-FORALDRAR": {
"absolute": {
"2006": 0,
"2022": null,
"2008": 10,
"2009": 6,
"2010": 0
},
"relative": {
"2006": 0,
"2022": null,
"2008": 0.1237642388281487,
"2009": 0.09797923222395859,
"2010": 0.0
},
"sums": {
"absolute": 16,
"relative": 0.2217434710521073
}
},
"FAMILJELIV-MEDLEM-PLANERARBARN": {
"absolute": {
"2005": 0,
"2021": null,
"2006": 1,
"2007": 8,
"2008": 1,
"2009": 0
},
"relative": {
"2005": 0,
"2021": null,
"2006": 0.05870706150844507,
"2007": 0.2103730479517751,
"2008": 0.040462915171764265,
"2009": 0.0
},
"sums": {
"absolute": 10,
"relative": 0.30954302463198446
}
},
"FAMILJELIV-MEDLEM-VANTARBARN": {
"absolute": {
"2003": 0,
"2022": null,
"2007": 6,
"2008": 6,
"2009": 0
},
"relative": {
"2003": 0,
"2022": null,
"2007": 0.10619806040924448,
"2008": 0.114332150560884,
"2009": 0.0
},
"sums": {
"absolute": 12,
"relative": 0.22053021097012848
}
},
"FAMILJELIV-PAPPAGRUPP": {
"absolute": {
"2004": 0,
"2023": null
},
"relative": {
"2004": 0,
"2023": null
},
"sums": {
"absolute": 0,
"relative": 0.0
}
},
"FAMILJELIV-PLANERARBARN": {
"absolute": {
"2003": 0,
"2022": null,
"2005": 1,
"2006": 1,
"2007": 2,
"2008": 0,
"2013": 1,
"2014": 0
},
"relative": {
"2003": 0,
"2022": null,
"2005": 0.04432984882989591,
"2006": 0.04429419067515154,
"2007": 0.16214784932767826,
"2008": 0.0,
"2013": 0.08485899913562622,
"2014": 0.0
},
"sums": {
"absolute": 5,
"relative": 0.33563088796835194
}
},
"FAMILJELIV-SEXSAMLEVNAD": {
"absolute": {
"2004": 0,
"2022": null
},
"relative": {
"2004": 0,
"2022": null
},
"sums": {
"absolute": 0,
"relative": 0.0
}
},
"FAMILJELIV-SVARTATTFABARN": {
"absolute": {
"2003": 0,
"2022": null,
"2007": 2,
"2008": 0
},
"relative": {
"2003": 0,
"2022": null,
"2007": 0.09863376454700076,
"2008": 0.0
},
"sums": {
"absolute": 2,
"relative": 0.09863376454700076
}
}
},
"combined": {
"absolute": {
"2003": 0,
"2023": null,
"2005": 5,
"2006": 9,
"2007": 27,
"2008": 28,
"2009": 15,
"2010": 1,
"2011": 1,
"2012": 0,
"2013": 1,
"2014": 0
},
"relative": {
"2003": 0,
"2023": null,
"2005": 0.02151653625422321,
"2006": 0.019183945278486714,
"2007": 0.04252236301073884,
"2008": 0.04496244405877087,
"2009": 0.025284163402809867,
"2010": 0.0024263276366824175,
"2011": 0.002772365527290325,
"2012": 0.0,
"2013": 0.004813311385916963,
"2014": 0.0
},
"sums": {
"absolute": 87,
"relative": 0.019480703984508987
}
},
"time": 1053.4591553211212
}
