 
 
 
 
 
 
 
 
 
 
 
 
 
 
 
 
 
 
 
 
 
 
 
 
 
 
 
 
 
 
 
 
 
 
 
 
 
 
 
 
 
 
 
 
 
 
 
 
 
 
 
 
 
 
 
 
 
 
 
 
 
 
 
 
 
 
 
 
 
 
 
 
 
 
 
 
 
 
 
 
 
 
 
 
 
 
 
 
 
 
 
 
 
 
 
 
 
 
 
 
 
 
 
 
 
 
 
 
 
 
 
 
 
 
 
 
 
 
 
 
 
 
 
 
 
 
 
 
 
 
 
 
 
 
 
 
 
 
 
 
 
 
 
 
 
 
 
 
 
 
 
 
 
 
 
 
 
 
 
 
 
 
 
 
 
 
 
 
 
 
 
 
 
 
 
 
 
 
 
 
 
 
 
 
 
 
 
 
 
 
 
 
 
 
 
 
 
 
 
 
 
 
 
 
 
 
 
{
"corpora": {
"FAMILJELIV-ADOPTION": {
"absolute": {
"2003": 0,
"2023": null
},
"relative": {
"2003": 0,
"2023": null
},
"sums": {
"absolute": 0,
"relative": 0.0
}
},
"FAMILJELIV-ALLMANNA-EKONOMI": {
"absolute": {
"2003": 0,
"2023": null,
"2009": 1,
"2010": 1,
"2011": 0
},
"relative": {
"2003": 0,
"2023": null,
"2009": 0.13592894178639173,
"2010": 0.18564286360057675,
"2011": 0.0
},
"sums": {
"absolute": 2,
"relative": 0.3215718053869685
}
},
"FAMILJELIV-ALLMANNA-FAMILJELIV": {
"absolute": {
"2003": 0,
"2023": null,
"2010": 1,
"2011": 0
},
"relative": {
"2003": 0,
"2023": null,
"2010": 0.15901476992789,
"2011": 0.0
},
"sums": {
"absolute": 1,
"relative": 0.15901476992789
}
},
"FAMILJELIV-ALLMANNA-FRITID": {
"absolute": {
"2004": 0,
"2023": null,
"2009": 3,
"2010": 0,
"2012": 1,
"2013": 0
},
"relative": {
"2004": 0,
"2023": null,
"2009": 0.6981944923160206,
"2010": 0.0,
"2012": 0.6202115789780526,
"2013": 0.0
},
"sums": {
"absolute": 4,
"relative": 1.3184060712940733
}
},
"FAMILJELIV-ALLMANNA-HUSDJUR": {
"absolute": {
"2003": 0,
"2023": null,
"2009": 1,
"2010": 2,
"2011": 5,
"2012": 2,
"2013": 2,
"2014": 1,
"2015": 0
},
"relative": {
"2003": 0,
"2023": null,
"2009": 0.15640745832093153,
"2010": 0.4827392944716938,
"2011": 1.2338464818594954,
"2012": 0.7002315665790676,
"2013": 1.1295274283145418,
"2014": 1.0191217819955831,
"2015": 0.0
},
"sums": {
"absolute": 13,
"relative": 4.721874011541313
}
},
"FAMILJELIV-ALLMANNA-HUSHEM": {
"absolute": {
"2004": 0,
"2023": null,
"2013": 2,
"2014": 0
},
"relative": {
"2004": 0,
"2023": null,
"2013": 0.820293402544222,
"2014": 0.0
},
"sums": {
"absolute": 2,
"relative": 0.820293402544222
}
},
"FAMILJELIV-ALLMANNA-KROPP": {
"absolute": {
"2003": 0,
"2023": null,
"2012": 4,
"2013": 0
},
"relative": {
"2003": 0,
"2023": null,
"2012": 0.42541859062224274,
"2013": 0.0
},
"sums": {
"absolute": 4,
"relative": 0.42541859062224274
}
},
"FAMILJELIV-ALLMANNA-NOJE": {
"absolute": {
"2003": 0,
"2023": null,
"2009": 1,
"2010": 3,
"2011": 1,
"2012": 2,
"2013": 1,
"2014": 1,
"2015": 0
},
"relative": {
"2003": 0,
"2023": null,
"2009": 0.08017663232808406,
"2010": 0.48059324430076483,
"2011": 0.1503455090142657,
"2012": 0.45528259846169117,
"2013": 0.39935639723022376,
"2014": 0.6518467143340441,
"2015": 0.0
},
"sums": {
"absolute": 9,
"relative": 2.2176010956690737
}
},
"FAMILJELIV-ALLMANNA-SAMHALLE": {
"absolute": {
"2003": 0,
"2022": null,
"2009": 1,
"2010": 24,
"2011": 25,
"2012": 1,
"2013": 3,
"2014": 0
},
"relative": {
"2003": 0,
"2022": null,
"2009": 0.02470391981542417,
"2010": 0.801399269838447,
"2011": 0.7976270785842617,
"2012": 0.04323855758593253,
"2013": 0.19299313960853529,
"2014": 0.0
},
"sums": {
"absolute": 54,
"relative": 1.8599619654326007
}
},
"FAMILJELIV-ALLMANNA-SANDLADAN": {
"absolute": {
"2005": 0,
"2022": null,
"2010": 1,
"2011": 1,
"2012": 0
},
"relative": {
"2005": 0,
"2022": null,
"2010": 0.19222193175352537,
"2011": 0.19089791123323488,
"2012": 0.0
},
"sums": {
"absolute": 2,
"relative": 0.3831198429867603
}
},
"FAMILJELIV-ANGLARUM": {
"absolute": {
"2006": 0,
"2022": null
},
"relative": {
"2006": 0,
"2022": null
},
"sums": {
"absolute": 0,
"relative": 0.0
}
},
"FAMILJELIV-EXPERT": {
"absolute": {
"2009": 0,
"2023": null
},
"relative": {
"2009": 0,
"2023": null
},
"sums": {
"absolute": 0,
"relative": 0.0
}
},
"FAMILJELIV-FORALDER": {
"absolute": {
"2003": 0,
"2022": null,
"2010": 3,
"2011": 19,
"2012": 4,
"2013": 2,
"2014": 1,
"2015": 0
},
"relative": {
"2003": 0,
"2022": null,
"2010": 0.05016239490121328,
"2011": 0.3876056286538971,
"2012": 0.14185227149815502,
"2013": 0.11895691440038875,
"2014": 0.10497900734790064,
"2015": 0.0
},
"sums": {
"absolute": 29,
"relative": 0.8035562168015549
}
},
"FAMILJELIV-GRAVID": {
"absolute": {
"2003": 0,
"2022": null,
"2009": 2,
"2010": 1,
"2011": 1,
"2012": 0
},
"relative": {
"2003": 0,
"2022": null,
"2009": 0.039210748795514415,
"2010": 0.027135458117492246,
"2011": 0.021719441289092277,
"2012": 0.0
},
"sums": {
"absolute": 4,
"relative": 0.08806564820209895
}
},
"FAMILJELIV-KANSLIGA": {
"absolute": {
"2003": 0,
"2022": null,
"2010": 6,
"2011": 10,
"2012": 14,
"2013": 9,
"2014": 4,
"2015": 0
},
"relative": {
"2003": 0,
"2022": null,
"2010": 0.078505274232923,
"2011": 0.10466834750774773,
"2012": 0.137644675245725,
"2013": 0.1033646194300769,
"2014": 0.06951738580287792,
"2015": 0.0
},
"sums": {
"absolute": 43,
"relative": 0.4937003022193506
}
},
"FAMILJELIV-MEDLEM-ALLMANNA": {
"absolute": {
"2006": 0,
"2022": null,
"2011": 1,
"2012": 0
},
"relative": {
"2006": 0,
"2022": null,
"2011": 0.09482055967645708,
"2012": 0.0
},
"sums": {
"absolute": 1,
"relative": 0.09482055967645708
}
},
"FAMILJELIV-MEDLEM-FORALDRAR": {
"absolute": {
"2006": 0,
"2022": null
},
"relative": {
"2006": 0,
"2022": null
},
"sums": {
"absolute": 0,
"relative": 0.0
}
},
"FAMILJELIV-MEDLEM-PLANERARBARN": {
"absolute": {
"2005": 0,
"2021": null
},
"relative": {
"2005": 0,
"2021": null
},
"sums": {
"absolute": 0,
"relative": 0.0
}
},
"FAMILJELIV-MEDLEM-VANTARBARN": {
"absolute": {
"2003": 0,
"2022": null
},
"relative": {
"2003": 0,
"2022": null
},
"sums": {
"absolute": 0,
"relative": 0.0
}
},
"FAMILJELIV-PAPPAGRUPP": {
"absolute": {
"2004": 0,
"2023": null
},
"relative": {
"2004": 0,
"2023": null
},
"sums": {
"absolute": 0,
"relative": 0.0
}
},
"FAMILJELIV-PLANERARBARN": {
"absolute": {
"2003": 0,
"2022": null,
"2011": 2,
"2012": 0,
"2014": 1,
"2015": 0
},
"relative": {
"2003": 0,
"2022": null,
"2011": 0.11688498248887634,
"2012": 0.0,
"2014": 0.11754142365467082,
"2015": 0.0
},
"sums": {
"absolute": 3,
"relative": 0.23442640614354715
}
},
"FAMILJELIV-SEXSAMLEVNAD": {
"absolute": {
"2004": 0,
"2022": null,
"2013": 1,
"2014": 1,
"2015": 0
},
"relative": {
"2004": 0,
"2022": null,
"2013": 0.06794822915703358,
"2014": 0.08975253968273914,
"2015": 0.0
},
"sums": {
"absolute": 2,
"relative": 0.15770076883977271
}
},
"FAMILJELIV-SVARTATTFABARN": {
"absolute": {
"2003": 0,
"2022": null
},
"relative": {
"2003": 0,
"2022": null
},
"sums": {
"absolute": 0,
"relative": 0.0
}
}
},
"combined": {
"absolute": {
"2003": 0,
"2023": null,
"2009": 9,
"2010": 42,
"2011": 65,
"2012": 28,
"2013": 20,
"2014": 9,
"2015": 0
},
"relative": {
"2003": 0,
"2023": null,
"2009": 0.015170498041685918,
"2010": 0.10190576074066154,
"2011": 0.18020375927387114,
"2012": 0.09640548931065747,
"2013": 0.09626622771833926,
"2014": 0.0649731694018879,
"2015": 0.0
},
"sums": {
"absolute": 173,
"relative": 0.038737491831265
}
},
"time": 1039.058837890625
}
