 
 
 
 
 
 
 
 
 
 
 
 
 
 
 
 
 
 
 
 
 
 
 
 
 
 
 
 
 
 
 
 
 
 
 
 
 
 
 
 
 
 
 
 
 
 
 
 
 
 
 
 
 
 
 
 
 
 
 
 
 
 
 
 
 
 
 
 
 
 
 
 
 
 
 
 
 
 
 
 
 
 
 
 
 
 
 
 
 
 
 
 
 
 
 
 
 
 
 
 
 
 
 
 
 
 
 
 
 
 
 
 
 
 
 
 
 
 
 
 
 
 
 
 
 
 
 
 
 
 
 
 
 
 
 
 
 
 
 
 
 
 
 
 
 
 
 
 
 
 
 
 
 
 
 
 
 
 
 
 
 
 
 
 
 
 
 
 
 
 
 
 
 
 
 
 
 
 
 
 
 
 
 
 
 
 
 
 
 
 
 
 
 
 
 
 
 
 
 
 
 
 
 
 
 
 
 
 
 
 
 
 
 
 
 
 
 
 
 
 
 
 
 
 
 
 
 
 
 
 
 
{
"corpora": {
"FAMILJELIV-ADOPTION": {
"absolute": {
"2003": 0,
"2023": null
},
"relative": {
"2003": 0,
"2023": null
},
"sums": {
"absolute": 0,
"relative": 0.0
}
},
"FAMILJELIV-ALLMANNA-EKONOMI": {
"absolute": {
"2003": 0,
"2023": null,
"2007": 5,
"2008": 2,
"2009": 2,
"2010": 2,
"2011": 1,
"2012": 0,
"2013": 1,
"2014": 0
},
"relative": {
"2003": 0,
"2023": null,
"2007": 0.9358066578526156,
"2008": 0.26341396083455865,
"2009": 0.27185788357278345,
"2010": 0.3712857272011535,
"2011": 0.24423925090844792,
"2012": 0.0,
"2013": 0.37067267452937547,
"2014": 0.0
},
"sums": {
"absolute": 13,
"relative": 2.457276154898935
}
},
"FAMILJELIV-ALLMANNA-FAMILJELIV": {
"absolute": {
"2003": 0,
"2023": null,
"2009": 1,
"2010": 1,
"2011": 0
},
"relative": {
"2003": 0,
"2023": null,
"2009": 0.1307822254923591,
"2010": 0.15901476992789,
"2011": 0.0
},
"sums": {
"absolute": 2,
"relative": 0.28979699542024906
}
},
"FAMILJELIV-ALLMANNA-FRITID": {
"absolute": {
"2004": 0,
"2023": null,
"2008": 3,
"2009": 2,
"2010": 0,
"2011": 1,
"2012": 0
},
"relative": {
"2004": 0,
"2023": null,
"2008": 0.557343492838229,
"2009": 0.46546299487734705,
"2010": 0.0,
"2011": 0.3917365524676269,
"2012": 0.0
},
"sums": {
"absolute": 6,
"relative": 1.4145430401832029
}
},
"FAMILJELIV-ALLMANNA-HUSDJUR": {
"absolute": {
"2003": 0,
"2023": null,
"2007": 1,
"2008": 0,
"2011": 1,
"2012": 1,
"2013": 0
},
"relative": {
"2003": 0,
"2023": null,
"2007": 0.11145930999553717,
"2008": 0.0,
"2011": 0.2467692963718991,
"2012": 0.3501157832895338,
"2013": 0.0
},
"sums": {
"absolute": 3,
"relative": 0.7083443896569701
}
},
"FAMILJELIV-ALLMANNA-HUSHEM": {
"absolute": {
"2004": 0,
"2023": null,
"2007": 1,
"2008": 1,
"2009": 1,
"2010": 0,
"2011": 1,
"2012": 0,
"2013": 1,
"2014": 0
},
"relative": {
"2004": 0,
"2023": null,
"2007": 0.0794506780122235,
"2008": 0.07878072024643239,
"2009": 0.10812070855392661,
"2010": 0.0,
"2011": 0.21853710388510894,
"2012": 0.0,
"2013": 0.410146701272111,
"2014": 0.0
},
"sums": {
"absolute": 5,
"relative": 0.8950359119698024
}
},
"FAMILJELIV-ALLMANNA-KROPP": {
"absolute": {
"2003": 0,
"2023": null,
"2007": 1,
"2008": 3,
"2009": 0,
"2011": 1,
"2012": 0
},
"relative": {
"2003": 0,
"2023": null,
"2007": 0.05492837724106406,
"2008": 0.18042672001844684,
"2009": 0.0,
"2011": 0.0782935452061058,
"2012": 0.0
},
"sums": {
"absolute": 5,
"relative": 0.3136486424656167
}
},
"FAMILJELIV-ALLMANNA-NOJE": {
"absolute": {
"2003": 0,
"2023": null,
"2007": 2,
"2008": 6,
"2009": 1,
"2010": 0
},
"relative": {
"2003": 0,
"2023": null,
"2007": 0.1571434587778136,
"2008": 0.46704473938319735,
"2009": 0.08017663232808406,
"2010": 0.0
},
"sums": {
"absolute": 9,
"relative": 0.7043648304890949
}
},
"FAMILJELIV-ALLMANNA-SAMHALLE": {
"absolute": {
"2003": 0,
"2022": null,
"2007": 1,
"2008": 4,
"2009": 2,
"2010": 3,
"2011": 0
},
"relative": {
"2003": 0,
"2022": null,
"2007": 0.026396182520733013,
"2008": 0.11354249753754708,
"2009": 0.04940783963084834,
"2010": 0.10017490872980588,
"2011": 0.0
},
"sums": {
"absolute": 10,
"relative": 0.2895214284189343
}
},
"FAMILJELIV-ALLMANNA-SANDLADAN": {
"absolute": {
"2005": 0,
"2022": null
},
"relative": {
"2005": 0,
"2022": null
},
"sums": {
"absolute": 0,
"relative": 0.0
}
},
"FAMILJELIV-ANGLARUM": {
"absolute": {
"2006": 0,
"2022": null
},
"relative": {
"2006": 0,
"2022": null
},
"sums": {
"absolute": 0,
"relative": 0.0
}
},
"FAMILJELIV-EXPERT": {
"absolute": {
"2009": 0,
"2023": null
},
"relative": {
"2009": 0,
"2023": null
},
"sums": {
"absolute": 0,
"relative": 0.0
}
},
"FAMILJELIV-FORALDER": {
"absolute": {
"2003": 0,
"2022": null,
"2010": 5,
"2011": 3,
"2012": 0,
"2013": 3,
"2014": 0
},
"relative": {
"2003": 0,
"2022": null,
"2010": 0.08360399150202212,
"2011": 0.061200888734825855,
"2012": 0.0,
"2013": 0.17843537160058312,
"2014": 0.0
},
"sums": {
"absolute": 11,
"relative": 0.3232402518374311
}
},
"FAMILJELIV-GRAVID": {
"absolute": {
"2003": 0,
"2022": null,
"2009": 1,
"2010": 2,
"2011": 2,
"2012": 0
},
"relative": {
"2003": 0,
"2022": null,
"2009": 0.019605374397757207,
"2010": 0.05427091623498449,
"2011": 0.043438882578184554,
"2012": 0.0
},
"sums": {
"absolute": 5,
"relative": 0.11731517321092626
}
},
"FAMILJELIV-KANSLIGA": {
"absolute": {
"2003": 0,
"2022": null,
"2007": 1,
"2008": 1,
"2009": 0,
"2011": 1,
"2012": 0,
"2013": 1,
"2014": 0
},
"relative": {
"2003": 0,
"2022": null,
"2007": 0.012153505089097953,
"2008": 0.011652317362189411,
"2009": 0.0,
"2011": 0.010466834750774773,
"2012": 0.0,
"2013": 0.011484957714452987,
"2014": 0.0
},
"sums": {
"absolute": 4,
"relative": 0.04575761491651513
}
},
"FAMILJELIV-MEDLEM-ALLMANNA": {
"absolute": {
"2006": 0,
"2022": null,
"2008": 9,
"2009": 2,
"2010": 2,
"2011": 0
},
"relative": {
"2006": 0,
"2022": null,
"2008": 0.12532542312682668,
"2009": 0.03066155963641155,
"2010": 0.06954006928346643,
"2011": 0.0
},
"sums": {
"absolute": 13,
"relative": 0.22552705204670465
}
},
"FAMILJELIV-MEDLEM-FORALDRAR": {
"absolute": {
"2006": 0,
"2022": null,
"2007": 2,
"2008": 0,
"2010": 8,
"2011": 1,
"2012": 0
},
"relative": {
"2006": 0,
"2022": null,
"2007": 0.024985121984486287,
"2008": 0.0,
"2010": 0.26532857046438635,
"2011": 0.11554687875527356,
"2012": 0.0
},
"sums": {
"absolute": 11,
"relative": 0.4058605712041462
}
},
"FAMILJELIV-MEDLEM-PLANERARBARN": {
"absolute": {
"2005": 0,
"2021": null,
"2009": 1,
"2010": 0
},
"relative": {
"2005": 0,
"2021": null,
"2009": 0.042960548898341167,
"2010": 0.0
},
"sums": {
"absolute": 1,
"relative": 0.042960548898341167
}
},
"FAMILJELIV-MEDLEM-VANTARBARN": {
"absolute": {
"2003": 0,
"2022": null,
"2009": 12,
"2010": 26,
"2011": 0
},
"relative": {
"2003": 0,
"2022": null,
"2009": 0.2669890470413342,
"2010": 0.595027696822861,
"2011": 0.0
},
"sums": {
"absolute": 38,
"relative": 0.8620167438641952
}
},
"FAMILJELIV-PAPPAGRUPP": {
"absolute": {
"2004": 0,
"2023": null
},
"relative": {
"2004": 0,
"2023": null
},
"sums": {
"absolute": 0,
"relative": 0.0
}
},
"FAMILJELIV-PLANERARBARN": {
"absolute": {
"2003": 0,
"2022": null
},
"relative": {
"2003": 0,
"2022": null
},
"sums": {
"absolute": 0,
"relative": 0.0
}
},
"FAMILJELIV-SEXSAMLEVNAD": {
"absolute": {
"2004": 0,
"2022": null
},
"relative": {
"2004": 0,
"2022": null
},
"sums": {
"absolute": 0,
"relative": 0.0
}
},
"FAMILJELIV-SVARTATTFABARN": {
"absolute": {
"2003": 0,
"2022": null
},
"relative": {
"2003": 0,
"2022": null
},
"sums": {
"absolute": 0,
"relative": 0.0
}
}
},
"combined": {
"absolute": {
"2003": 0,
"2023": null,
"2007": 14,
"2008": 29,
"2009": 25,
"2010": 49,
"2011": 12,
"2012": 1,
"2013": 6,
"2014": 0
},
"relative": {
"2003": 0,
"2023": null,
"2007": 0.022048632672234954,
"2008": 0.0465682456322984,
"2009": 0.04214027233801645,
"2010": 0.11889005419743848,
"2011": 0.0332683863274839,
"2012": 0.0034430531896663384,
"2013": 0.02887986831550178,
"2014": 0.0
},
"sums": {
"absolute": 136,
"relative": 0.030452594734404852
}
},
"time": 1159.8058590888977
}
