 
 
 
 
 
 
 
 
 
 
 
 
 
 
 
 
 
 
 
 
 
 
 
 
 
 
 
 
 
 
 
 
 
 
 
 
 
 
 
 
 
 
 
 
 
 
 
 
 
 
 
 
 
 
 
 
 
 
 
 
 
 
 
 
 
 
 
 
 
 
 
 
 
 
 
 
 
 
 
 
 
 
 
 
 
 
 
 
 
 
 
 
 
 
 
 
 
 
 
 
 
 
 
 
 
 
 
 
 
 
 
 
 
 
 
 
 
 
 
 
 
 
 
 
 
 
 
 
 
 
 
 
 
 
 
 
 
 
 
 
 
 
 
 
 
 
 
 
 
 
 
 
 
 
 
 
 
 
 
 
 
 
 
 
 
 
 
 
 
 
 
 
 
 
 
 
 
 
 
 
 
 
 
 
 
 
 
 
 
 
 
 
 
 
 
 
 
 
 
 
 
 
{
"corpora": {
"FAMILJELIV-ADOPTION": {
"absolute": {
"2003": 0,
"2023": null
},
"relative": {
"2003": 0,
"2023": null
},
"sums": {
"absolute": 0,
"relative": 0.0
}
},
"FAMILJELIV-ALLMANNA-EKONOMI": {
"absolute": {
"2003": 0,
"2023": null,
"2010": 1,
"2011": 7,
"2012": 2,
"2013": 0,
"2014": 1,
"2015": 0
},
"relative": {
"2003": 0,
"2023": null,
"2010": 0.18564286360057675,
"2011": 1.7096747563591352,
"2012": 0.688996349352843,
"2013": 0.0,
"2014": 0.582238918246669,
"2015": 0.0
},
"sums": {
"absolute": 11,
"relative": 3.1665528875592237
}
},
"FAMILJELIV-ALLMANNA-FAMILJELIV": {
"absolute": {
"2003": 0,
"2023": null,
"2019": 1,
"2020": 0
},
"relative": {
"2003": 0,
"2023": null,
"2019": 3.6759435228037156,
"2020": 0.0
},
"sums": {
"absolute": 1,
"relative": 3.6759435228037156
}
},
"FAMILJELIV-ALLMANNA-FRITID": {
"absolute": {
"2004": 0,
"2023": null,
"2011": 1,
"2012": 1,
"2013": 0,
"2015": 1,
"2016": 0
},
"relative": {
"2004": 0,
"2023": null,
"2011": 0.3917365524676269,
"2012": 0.6202115789780526,
"2013": 0.0,
"2015": 2.110372480742851,
"2016": 0.0
},
"sums": {
"absolute": 3,
"relative": 3.1223206121885307
}
},
"FAMILJELIV-ALLMANNA-HUSDJUR": {
"absolute": {
"2003": 0,
"2023": null,
"2009": 1,
"2010": 4,
"2011": 18,
"2012": 3,
"2013": 1,
"2014": 0,
"2019": 1,
"2020": 0
},
"relative": {
"2003": 0,
"2023": null,
"2009": 0.15640745832093153,
"2010": 0.9654785889433876,
"2011": 4.441847334694184,
"2012": 1.0503473498686016,
"2013": 0.5647637141572709,
"2014": 0.0,
"2019": 5.634628170887003,
"2020": 0.0
},
"sums": {
"absolute": 28,
"relative": 12.81347261687138
}
},
"FAMILJELIV-ALLMANNA-HUSHEM": {
"absolute": {
"2004": 0,
"2023": null,
"2011": 6,
"2012": 3,
"2013": 0,
"2017": 1,
"2018": 1,
"2019": 0
},
"relative": {
"2004": 0,
"2023": null,
"2011": 1.3112226233106536,
"2012": 0.8407675871763886,
"2013": 0.0,
"2017": 1.3865413972732277,
"2018": 1.9449501314786288,
"2019": 0.0
},
"sums": {
"absolute": 11,
"relative": 5.483481739238899
}
},
"FAMILJELIV-ALLMANNA-KROPP": {
"absolute": {
"2003": 0,
"2023": null,
"2010": 1,
"2011": 3,
"2012": 0,
"2016": 1,
"2017": 1,
"2018": 0
},
"relative": {
"2003": 0,
"2023": null,
"2010": 0.07919659803093498,
"2011": 0.2348806356183174,
"2012": 0.0,
"2016": 0.5713587024215324,
"2017": 0.6342292243947392,
"2018": 0.0
},
"sums": {
"absolute": 6,
"relative": 1.519665160465524
}
},
"FAMILJELIV-ALLMANNA-NOJE": {
"absolute": {
"2003": 0,
"2023": null,
"2011": 1,
"2012": 0,
"2017": 1,
"2018": 0
},
"relative": {
"2003": 0,
"2023": null,
"2011": 0.1503455090142657,
"2012": 0.0,
"2017": 2.133979786943458,
"2018": 0.0
},
"sums": {
"absolute": 2,
"relative": 2.2843252959577236
}
},
"FAMILJELIV-ALLMANNA-SAMHALLE": {
"absolute": {
"2003": 0,
"2022": null,
"2008": 1,
"2009": 0,
"2010": 2,
"2011": 13,
"2012": 1,
"2013": 1,
"2014": 1,
"2015": 0,
"2016": 1,
"2017": 0
},
"relative": {
"2003": 0,
"2022": null,
"2008": 0.02838562438438677,
"2009": 0.0,
"2010": 0.06678327248653723,
"2011": 0.41476608086381606,
"2012": 0.04323855758593253,
"2013": 0.06433104653617842,
"2014": 0.07474347665096007,
"2015": 0.0,
"2016": 0.2646578780842898,
"2017": 0.0
},
"sums": {
"absolute": 20,
"relative": 0.9569059365921009
}
},
"FAMILJELIV-ALLMANNA-SANDLADAN": {
"absolute": {
"2005": 0,
"2022": null,
"2010": 1,
"2011": 27,
"2012": 0
},
"relative": {
"2005": 0,
"2022": null,
"2010": 0.19222193175352537,
"2011": 5.154243603297341,
"2012": 0.0
},
"sums": {
"absolute": 28,
"relative": 5.346465535050866
}
},
"FAMILJELIV-ANGLARUM": {
"absolute": {
"2006": 0,
"2022": null
},
"relative": {
"2006": 0,
"2022": null
},
"sums": {
"absolute": 0,
"relative": 0.0
}
},
"FAMILJELIV-EXPERT": {
"absolute": {
"2009": 0,
"2023": null
},
"relative": {
"2009": 0,
"2023": null
},
"sums": {
"absolute": 0,
"relative": 0.0
}
},
"FAMILJELIV-FORALDER": {
"absolute": {
"2003": 0,
"2022": null,
"2011": 3,
"2012": 0,
"2017": 1,
"2018": 0
},
"relative": {
"2003": 0,
"2022": null,
"2011": 0.061200888734825855,
"2012": 0.0,
"2017": 0.3135338779625816,
"2018": 0.0
},
"sums": {
"absolute": 4,
"relative": 0.37473476669740746
}
},
"FAMILJELIV-GRAVID": {
"absolute": {
"2003": 0,
"2022": null,
"2014": 1,
"2015": 0
},
"relative": {
"2003": 0,
"2022": null,
"2014": 0.05927704764262295,
"2015": 0.0
},
"sums": {
"absolute": 1,
"relative": 0.05927704764262295
}
},
"FAMILJELIV-KANSLIGA": {
"absolute": {
"2003": 0,
"2022": null,
"2009": 6,
"2010": 7,
"2011": 41,
"2012": 3,
"2013": 1,
"2014": 0,
"2015": 2,
"2016": 1,
"2017": 1,
"2018": 5,
"2019": 4,
"2020": 1,
"2021": 0
},
"relative": {
"2003": 0,
"2022": null,
"2009": 0.06254263453217765,
"2010": 0.09158948660507683,
"2011": 0.4291402247817657,
"2012": 0.029495287552655357,
"2013": 0.011484957714452987,
"2014": 0.0,
"2015": 0.055787602538659484,
"2016": 0.033382792165445915,
"2017": 0.032238576816420554,
"2018": 0.16668215699512343,
"2019": 0.15749218267864754,
"2020": 0.04052635631583,
"2021": 0.0
},
"sums": {
"absolute": 72,
"relative": 1.1103622586962556
}
},
"FAMILJELIV-MEDLEM-ALLMANNA": {
"absolute": {
"2006": 0,
"2022": null
},
"relative": {
"2006": 0,
"2022": null
},
"sums": {
"absolute": 0,
"relative": 0.0
}
},
"FAMILJELIV-MEDLEM-FORALDRAR": {
"absolute": {
"2006": 0,
"2022": null
},
"relative": {
"2006": 0,
"2022": null
},
"sums": {
"absolute": 0,
"relative": 0.0
}
},
"FAMILJELIV-MEDLEM-PLANERARBARN": {
"absolute": {
"2005": 0,
"2021": null
},
"relative": {
"2005": 0,
"2021": null
},
"sums": {
"absolute": 0,
"relative": 0.0
}
},
"FAMILJELIV-MEDLEM-VANTARBARN": {
"absolute": {
"2003": 0,
"2022": null
},
"relative": {
"2003": 0,
"2022": null
},
"sums": {
"absolute": 0,
"relative": 0.0
}
},
"FAMILJELIV-PAPPAGRUPP": {
"absolute": {
"2004": 0,
"2023": null
},
"relative": {
"2004": 0,
"2023": null
},
"sums": {
"absolute": 0,
"relative": 0.0
}
},
"FAMILJELIV-PLANERARBARN": {
"absolute": {
"2003": 0,
"2022": null
},
"relative": {
"2003": 0,
"2022": null
},
"sums": {
"absolute": 0,
"relative": 0.0
}
},
"FAMILJELIV-SEXSAMLEVNAD": {
"absolute": {
"2004": 0,
"2022": null,
"2011": 2,
"2012": 0,
"2017": 1,
"2018": 0,
"2019": 1,
"2020": 0
},
"relative": {
"2004": 0,
"2022": null,
"2011": 0.14464873104369338,
"2012": 0.0,
"2017": 0.15455200474041908,
"2018": 0.0,
"2019": 0.1738952910372454,
"2020": 0.0
},
"sums": {
"absolute": 4,
"relative": 0.4730960268213579
}
},
"FAMILJELIV-SVARTATTFABARN": {
"absolute": {
"2003": 0,
"2022": null
},
"relative": {
"2003": 0,
"2022": null
},
"sums": {
"absolute": 0,
"relative": 0.0
}
}
},
"combined": {
"absolute": {
"2003": 0,
"2023": null,
"2008": 1,
"2009": 7,
"2010": 16,
"2011": 122,
"2012": 13,
"2013": 3,
"2014": 3,
"2015": 3,
"2016": 3,
"2017": 6,
"2018": 6,
"2019": 7,
"2020": 1,
"2021": 0
},
"relative": {
"2003": 0,
"2023": null,
"2008": 0.001605801573527531,
"2009": 0.011799276254644605,
"2010": 0.03882124218691868,
"2011": 0.33822859432941965,
"2012": 0.0447596914656624,
"2013": 0.01443993415775089,
"2014": 0.021657723133962633,
"2015": 0.033789923808677666,
"2016": 0.04692115281894153,
"2017": 0.09749838798602763,
"2018": 0.10615106499594326,
"2019": 0.15299909369893996,
"2020": 0.02398673667787439,
"2021": 0.0
},
"sums": {
"absolute": 191,
"relative": 0.042767982310818575
}
},
"time": 1015.1133317947388
}
