 
 
 
 
 
 
 
 
 
 
 
 
 
 
 
 
 
 
 
 
 
 
 
 
 
 
 
 
 
 
 
 
 
 
 
 
 
 
 
 
 
 
 
 
 
 
 
 
 
 
 
 
 
 
 
 
 
 
 
 
 
 
 
 
 
 
 
 
 
 
 
 
 
 
 
 
 
 
 
 
 
 
 
 
 
 
 
 
 
 
 
 
 
 
 
 
 
 
 
 
 
 
 
 
 
 
 
 
 
 
 
 
 
 
 
 
 
 
 
 
 
 
 
 
 
 
 
 
 
 
 
 
 
 
 
 
 
 
 
 
 
 
 
 
 
 
 
 
 
 
 
 
 
 
 
 
 
 
 
 
 
 
 
 
 
 
 
 
 
 
 
 
 
 
 
 
 
 
 
 
 
 
 
 
 
 
 
 
 
 
 
 
 
 
 
 
 
 
 
 
 
 
 
 
 
 
 
 
 
 
 
 
 
 
 
 
{
"corpora": {
"FAMILJELIV-ADOPTION": {
"absolute": {
"2003": 0,
"2023": null
},
"relative": {
"2003": 0,
"2023": null
},
"sums": {
"absolute": 0,
"relative": 0.0
}
},
"FAMILJELIV-ALLMANNA-EKONOMI": {
"absolute": {
"2003": 0,
"2023": null,
"2011": 2,
"2012": 8,
"2013": 1,
"2014": 0
},
"relative": {
"2003": 0,
"2023": null,
"2011": 0.48847850181689584,
"2012": 2.755985397411372,
"2013": 0.37067267452937547,
"2014": 0.0
},
"sums": {
"absolute": 11,
"relative": 3.6151365737576433
}
},
"FAMILJELIV-ALLMANNA-FAMILJELIV": {
"absolute": {
"2003": 0,
"2023": null,
"2006": 1,
"2007": 2,
"2008": 2,
"2009": 0,
"2010": 3,
"2011": 0
},
"relative": {
"2003": 0,
"2023": null,
"2006": 0.06687073832784637,
"2007": 0.19327989015517283,
"2008": 0.26025488843263317,
"2009": 0.0,
"2010": 0.47704430978366996,
"2011": 0.0
},
"sums": {
"absolute": 8,
"relative": 0.9974498266993223
}
},
"FAMILJELIV-ALLMANNA-FRITID": {
"absolute": {
"2004": 0,
"2023": null,
"2012": 1,
"2013": 0
},
"relative": {
"2004": 0,
"2023": null,
"2012": 0.6202115789780526,
"2013": 0.0
},
"sums": {
"absolute": 1,
"relative": 0.6202115789780526
}
},
"FAMILJELIV-ALLMANNA-HUSDJUR": {
"absolute": {
"2003": 0,
"2023": null,
"2007": 7,
"2008": 1,
"2009": 2,
"2010": 0,
"2011": 5,
"2012": 8,
"2013": 4,
"2014": 0
},
"relative": {
"2003": 0,
"2023": null,
"2007": 0.7802151699687602,
"2008": 0.13288369036080314,
"2009": 0.31281491664186306,
"2010": 0.0,
"2011": 1.2338464818594954,
"2012": 2.8009262663162704,
"2013": 2.2590548566290836,
"2014": 0.0
},
"sums": {
"absolute": 27,
"relative": 7.519741381776276
}
},
"FAMILJELIV-ALLMANNA-HUSHEM": {
"absolute": {
"2004": 0,
"2023": null,
"2007": 1,
"2008": 0,
"2011": 1,
"2012": 2,
"2013": 5,
"2014": 0
},
"relative": {
"2004": 0,
"2023": null,
"2007": 0.0794506780122235,
"2008": 0.0,
"2011": 0.21853710388510894,
"2012": 0.560511724784259,
"2013": 2.050733506360555,
"2014": 0.0
},
"sums": {
"absolute": 9,
"relative": 2.9092330130421464
}
},
"FAMILJELIV-ALLMANNA-KROPP": {
"absolute": {
"2003": 0,
"2023": null,
"2009": 1,
"2010": 0,
"2011": 2,
"2012": 2,
"2013": 1,
"2014": 0
},
"relative": {
"2003": 0,
"2023": null,
"2009": 0.04985949345447063,
"2010": 0.0,
"2011": 0.1565870904122116,
"2012": 0.21270929531112137,
"2013": 0.1587743131105666,
"2014": 0.0
},
"sums": {
"absolute": 6,
"relative": 0.5779301922883702
}
},
"FAMILJELIV-ALLMANNA-NOJE": {
"absolute": {
"2003": 0,
"2023": null,
"2007": 1,
"2008": 0,
"2011": 1,
"2012": 0
},
"relative": {
"2003": 0,
"2023": null,
"2007": 0.0785717293889068,
"2008": 0.0,
"2011": 0.1503455090142657,
"2012": 0.0
},
"sums": {
"absolute": 2,
"relative": 0.2289172384031725
}
},
"FAMILJELIV-ALLMANNA-SAMHALLE": {
"absolute": {
"2003": 0,
"2022": null,
"2007": 2,
"2008": 1,
"2009": 6,
"2010": 1,
"2011": 4,
"2012": 4,
"2013": 0
},
"relative": {
"2003": 0,
"2022": null,
"2007": 0.052792365041466026,
"2008": 0.02838562438438677,
"2009": 0.14822351889254504,
"2010": 0.033391636243268616,
"2011": 0.12762033257348188,
"2012": 0.17295423034373011,
"2013": 0.0
},
"sums": {
"absolute": 18,
"relative": 0.5633677074788784
}
},
"FAMILJELIV-ALLMANNA-SANDLADAN": {
"absolute": {
"2005": 0,
"2022": null
},
"relative": {
"2005": 0,
"2022": null
},
"sums": {
"absolute": 0,
"relative": 0.0
}
},
"FAMILJELIV-ANGLARUM": {
"absolute": {
"2006": 0,
"2022": null
},
"relative": {
"2006": 0,
"2022": null
},
"sums": {
"absolute": 0,
"relative": 0.0
}
},
"FAMILJELIV-EXPERT": {
"absolute": {
"2009": 0,
"2023": null
},
"relative": {
"2009": 0,
"2023": null
},
"sums": {
"absolute": 0,
"relative": 0.0
}
},
"FAMILJELIV-FORALDER": {
"absolute": {
"2003": 0,
"2022": null,
"2006": 7,
"2007": 14,
"2008": 7,
"2009": 9,
"2010": 4,
"2011": 18,
"2012": 14,
"2013": 4,
"2014": 0
},
"relative": {
"2003": 0,
"2022": null,
"2006": 0.07028195151051377,
"2007": 0.16329233743125174,
"2008": 0.0791769013651376,
"2009": 0.11112069218412611,
"2010": 0.06688319320161769,
"2011": 0.3672053324089551,
"2012": 0.4964829502435426,
"2013": 0.2379138288007775,
"2014": 0.0
},
"sums": {
"absolute": 77,
"relative": 1.5923571871459221
}
},
"FAMILJELIV-GRAVID": {
"absolute": {
"2003": 0,
"2022": null,
"2007": 2,
"2008": 0,
"2009": 7,
"2010": 0,
"2011": 3,
"2012": 3,
"2013": 12,
"2014": 0
},
"relative": {
"2003": 0,
"2022": null,
"2007": 0.04146970457687445,
"2008": 0.0,
"2009": 0.13723762078430043,
"2010": 0.0,
"2011": 0.06515832386727684,
"2012": 0.07271061009946012,
"2013": 0.43735101592085257,
"2014": 0.0
},
"sums": {
"absolute": 27,
"relative": 0.7539272752487645
}
},
"FAMILJELIV-KANSLIGA": {
"absolute": {
"2003": 0,
"2022": null,
"2007": 1,
"2008": 5,
"2009": 4,
"2010": 3,
"2011": 25,
"2012": 20,
"2013": 10,
"2014": 0
},
"relative": {
"2003": 0,
"2022": null,
"2007": 0.012153505089097953,
"2008": 0.05826158681094706,
"2009": 0.041695089688118435,
"2010": 0.0392526371164615,
"2011": 0.26167086876936935,
"2012": 0.1966352503510357,
"2013": 0.11484957714452988,
"2014": 0.0
},
"sums": {
"absolute": 68,
"relative": 0.7245185149695599
}
},
"FAMILJELIV-MEDLEM-ALLMANNA": {
"absolute": {
"2006": 0,
"2022": null
},
"relative": {
"2006": 0,
"2022": null
},
"sums": {
"absolute": 0,
"relative": 0.0
}
},
"FAMILJELIV-MEDLEM-FORALDRAR": {
"absolute": {
"2006": 0,
"2022": null,
"2010": 2,
"2011": 0
},
"relative": {
"2006": 0,
"2022": null,
"2010": 0.06633214261609659,
"2011": 0.0
},
"sums": {
"absolute": 2,
"relative": 0.06633214261609659
}
},
"FAMILJELIV-MEDLEM-PLANERARBARN": {
"absolute": {
"2005": 0,
"2021": null
},
"relative": {
"2005": 0,
"2021": null
},
"sums": {
"absolute": 0,
"relative": 0.0
}
},
"FAMILJELIV-MEDLEM-VANTARBARN": {
"absolute": {
"2003": 0,
"2023": null,
"2009": 3,
"2010": 0
},
"relative": {
"2003": 0,
"2023": null,
"2009": 0.06674716226108325,
"2010": 0.0
},
"sums": {
"absolute": 3,
"relative": 0.06674716226108325
}
},
"FAMILJELIV-PAPPAGRUPP": {
"absolute": {
"2004": 0,
"2023": null
},
"relative": {
"2004": 0,
"2023": null
},
"sums": {
"absolute": 0,
"relative": 0.0
}
},
"FAMILJELIV-PLANERARBARN": {
"absolute": {
"2003": 0,
"2022": null,
"2008": 1,
"2009": 1,
"2010": 0,
"2011": 1,
"2012": 0,
"2013": 1,
"2014": 0
},
"relative": {
"2003": 0,
"2022": null,
"2008": 0.08642119877437456,
"2009": 0.06345725265632059,
"2010": 0.0,
"2011": 0.05844249124443817,
"2012": 0.0,
"2013": 0.08485899913562622,
"2014": 0.0
},
"sums": {
"absolute": 4,
"relative": 0.29317994181075957
}
},
"FAMILJELIV-SEXSAMLEVNAD": {
"absolute": {
"2004": 0,
"2022": null,
"2006": 1,
"2007": 1,
"2008": 1,
"2009": 2,
"2010": 0,
"2011": 1,
"2012": 0
},
"relative": {
"2004": 0,
"2022": null,
"2006": 0.1431589218644331,
"2007": 0.07860343701388688,
"2008": 0.06917373016918857,
"2009": 0.13763671971506997,
"2010": 0.0,
"2011": 0.07232436552184669,
"2012": 0.0
},
"sums": {
"absolute": 6,
"relative": 0.5008971742844253
}
},
"FAMILJELIV-SVARTATTFABARN": {
"absolute": {
"2003": 0,
"2022": null
},
"relative": {
"2003": 0,
"2022": null
},
"sums": {
"absolute": 0,
"relative": 0.0
}
}
},
"combined": {
"absolute": {
"2003": 0,
"2023": null,
"2006": 9,
"2007": 31,
"2008": 18,
"2009": 35,
"2010": 13,
"2011": 63,
"2012": 62,
"2013": 38,
"2014": 0
},
"relative": {
"2003": 0,
"2023": null,
"2006": 0.019183935178284494,
"2007": 0.04882196373400275,
"2008": 0.028904405998005315,
"2009": 0.05899637461041259,
"2010": 0.03154630695380268,
"2011": 0.17465908971508307,
"2012": 0.21346977476638795,
"2013": 0.1829056671530417,
"2014": 0.0
},
"sums": {
"absolute": 269,
"relative": 0.06023394581971844
}
},
"time": 1080.4713735580444
}
