 
 
 
 
 
 
 
 
 
 
 
 
 
 
 
 
 
 
 
 
 
 
 
 
 
 
 
 
 
 
 
 
 
 
 
 
 
 
 
 
 
 
 
 
 
 
 
 
 
 
 
 
 
 
 
 
 
 
 
 
 
 
 
 
 
 
 
 
 
 
 
 
 
 
 
 
 
 
 
 
 
 
 
 
 
 
 
 
 
 
 
 
 
 
 
 
 
 
 
 
 
 
 
 
 
 
 
 
 
 
 
 
 
 
 
 
 
 
 
 
 
 
 
 
 
 
 
 
 
 
 
 
 
 
 
 
 
 
 
 
 
 
 
 
 
 
 
 
 
 
 
 
 
 
 
 
 
 
 
 
 
 
 
 
 
 
 
 
 
 
 
 
 
 
 
 
 
 
 
 
 
 
 
 
 
 
 
 
 
 
 
 
 
 
{
"corpora": {
"FAMILJELIV-ADOPTION": {
"absolute": {
"2003": 0,
"2023": null
},
"relative": {
"2003": 0,
"2023": null
},
"sums": {
"absolute": 0,
"relative": 0.0
}
},
"FAMILJELIV-ALLMANNA-EKONOMI": {
"absolute": {
"2003": 0,
"2023": null,
"2008": 1,
"2009": 1,
"2010": 0
},
"relative": {
"2003": 0,
"2023": null,
"2008": 0.13170698041727932,
"2009": 0.13592894178639173,
"2010": 0.0
},
"sums": {
"absolute": 2,
"relative": 0.26763592220367105
}
},
"FAMILJELIV-ALLMANNA-FAMILJELIV": {
"absolute": {
"2003": 0,
"2023": null,
"2009": 1,
"2010": 0
},
"relative": {
"2003": 0,
"2023": null,
"2009": 0.1307822254923591,
"2010": 0.0
},
"sums": {
"absolute": 1,
"relative": 0.1307822254923591
}
},
"FAMILJELIV-ALLMANNA-FRITID": {
"absolute": {
"2004": 0,
"2023": null
},
"relative": {
"2004": 0,
"2023": null
},
"sums": {
"absolute": 0,
"relative": 0.0
}
},
"FAMILJELIV-ALLMANNA-HUSDJUR": {
"absolute": {
"2003": 0,
"2023": null
},
"relative": {
"2003": 0,
"2023": null
},
"sums": {
"absolute": 0,
"relative": 0.0
}
},
"FAMILJELIV-ALLMANNA-HUSHEM": {
"absolute": {
"2004": 0,
"2023": null,
"2008": 2,
"2009": 0
},
"relative": {
"2004": 0,
"2023": null,
"2008": 0.15756144049286477,
"2009": 0.0
},
"sums": {
"absolute": 2,
"relative": 0.15756144049286477
}
},
"FAMILJELIV-ALLMANNA-KROPP": {
"absolute": {
"2003": 0,
"2023": null,
"2008": 1,
"2009": 0,
"2011": 1,
"2012": 0
},
"relative": {
"2003": 0,
"2023": null,
"2008": 0.060142240006148935,
"2009": 0.0,
"2011": 0.0782935452061058,
"2012": 0.0
},
"sums": {
"absolute": 2,
"relative": 0.13843578521225475
}
},
"FAMILJELIV-ALLMANNA-NOJE": {
"absolute": {
"2003": 0,
"2023": null,
"2008": 3,
"2009": 0
},
"relative": {
"2003": 0,
"2023": null,
"2008": 0.23352236969159867,
"2009": 0.0
},
"sums": {
"absolute": 3,
"relative": 0.23352236969159867
}
},
"FAMILJELIV-ALLMANNA-SAMHALLE": {
"absolute": {
"2003": 0,
"2022": null,
"2007": 2,
"2008": 4,
"2009": 4,
"2010": 0
},
"relative": {
"2003": 0,
"2022": null,
"2007": 0.052792365041466026,
"2008": 0.11354249753754708,
"2009": 0.09881567926169668,
"2010": 0.0
},
"sums": {
"absolute": 10,
"relative": 0.2651505418407098
}
},
"FAMILJELIV-ALLMANNA-SANDLADAN": {
"absolute": {
"2005": 0,
"2022": null,
"2008": 1,
"2009": 1,
"2010": 0
},
"relative": {
"2005": 0,
"2022": null,
"2008": 0.30672870765993604,
"2009": 0.19733382272121366,
"2010": 0.0
},
"sums": {
"absolute": 2,
"relative": 0.5040625303811497
}
},
"FAMILJELIV-ANGLARUM": {
"absolute": {
"2006": 0,
"2022": null
},
"relative": {
"2006": 0,
"2022": null
},
"sums": {
"absolute": 0,
"relative": 0.0
}
},
"FAMILJELIV-EXPERT": {
"absolute": {
"2009": 0,
"2023": null
},
"relative": {
"2009": 0,
"2023": null
},
"sums": {
"absolute": 0,
"relative": 0.0
}
},
"FAMILJELIV-FORALDER": {
"absolute": {
"2003": 0,
"2022": null,
"2006": 9,
"2007": 7,
"2008": 7,
"2009": 12,
"2010": 2,
"2011": 0
},
"relative": {
"2003": 0,
"2022": null,
"2006": 0.09036250908494627,
"2007": 0.08164616871562587,
"2008": 0.0791769013651376,
"2009": 0.14816092291216812,
"2010": 0.033441596600808844,
"2011": 0.0
},
"sums": {
"absolute": 37,
"relative": 0.4327880986786867
}
},
"FAMILJELIV-GRAVID": {
"absolute": {
"2003": 0,
"2022": null,
"2005": 12,
"2006": 3,
"2007": 0,
"2008": 2,
"2009": 8,
"2010": 1,
"2011": 0
},
"relative": {
"2003": 0,
"2022": null,
"2005": 0.302947558565822,
"2006": 0.05928129140736453,
"2007": 0.0,
"2008": 0.04279534576649396,
"2009": 0.15684299518205766,
"2010": 0.027135458117492246,
"2011": 0.0
},
"sums": {
"absolute": 26,
"relative": 0.5890026490392305
}
},
"FAMILJELIV-KANSLIGA": {
"absolute": {
"2003": 0,
"2022": null,
"2010": 1,
"2011": 0
},
"relative": {
"2003": 0,
"2022": null,
"2010": 0.013084212372153833,
"2011": 0.0
},
"sums": {
"absolute": 1,
"relative": 0.013084212372153833
}
},
"FAMILJELIV-MEDLEM-ALLMANNA": {
"absolute": {
"2006": 0,
"2022": null,
"2007": 1,
"2008": 9,
"2009": 37,
"2010": 1,
"2011": 0
},
"relative": {
"2006": 0,
"2022": null,
"2007": 0.013608412884145934,
"2008": 0.12532542312682668,
"2009": 0.5672388532736137,
"2010": 0.03477003464173321,
"2011": 0.0
},
"sums": {
"absolute": 48,
"relative": 0.7409427239263195
}
},
"FAMILJELIV-MEDLEM-FORALDRAR": {
"absolute": {
"2006": 0,
"2022": null,
"2007": 3,
"2008": 1,
"2009": 0
},
"relative": {
"2006": 0,
"2022": null,
"2007": 0.03747768297672943,
"2008": 0.01237642388281487,
"2009": 0.0
},
"sums": {
"absolute": 4,
"relative": 0.049854106859544306
}
},
"FAMILJELIV-MEDLEM-PLANERARBARN": {
"absolute": {
"2005": 0,
"2021": null
},
"relative": {
"2005": 0,
"2021": null
},
"sums": {
"absolute": 0,
"relative": 0.0
}
},
"FAMILJELIV-MEDLEM-VANTARBARN": {
"absolute": {
"2003": 0,
"2022": null,
"2009": 2,
"2010": 0
},
"relative": {
"2003": 0,
"2022": null,
"2009": 0.044498174506889025,
"2010": 0.0
},
"sums": {
"absolute": 2,
"relative": 0.044498174506889025
}
},
"FAMILJELIV-PAPPAGRUPP": {
"absolute": {
"2004": 0,
"2023": null
},
"relative": {
"2004": 0,
"2023": null
},
"sums": {
"absolute": 0,
"relative": 0.0
}
},
"FAMILJELIV-PLANERARBARN": {
"absolute": {
"2003": 0,
"2022": null
},
"relative": {
"2003": 0,
"2022": null
},
"sums": {
"absolute": 0,
"relative": 0.0
}
},
"FAMILJELIV-SEXSAMLEVNAD": {
"absolute": {
"2004": 0,
"2022": null
},
"relative": {
"2004": 0,
"2022": null
},
"sums": {
"absolute": 0,
"relative": 0.0
}
},
"FAMILJELIV-SVARTATTFABARN": {
"absolute": {
"2003": 0,
"2022": null
},
"relative": {
"2003": 0,
"2022": null
},
"sums": {
"absolute": 0,
"relative": 0.0
}
}
},
"combined": {
"absolute": {
"2003": 0,
"2023": null,
"2005": 12,
"2006": 12,
"2007": 13,
"2008": 31,
"2009": 66,
"2010": 5,
"2011": 1,
"2012": 0
},
"relative": {
"2003": 0,
"2023": null,
"2005": 0.05163968701013571,
"2006": 0.025578593704648954,
"2007": 0.020473730338503884,
"2008": 0.049779848779353465,
"2009": 0.1112503189723634,
"2010": 0.01213163818341209,
"2011": 0.002772365527290325,
"2012": 0.0
},
"sums": {
"absolute": 140,
"relative": 0.03134826454293412
}
},
"time": 972.3622784614563
}
