 
 
 
 
 
 
 
 
 
 
 
 
 
 
 
 
 
 
 
 
 
 
 
 
 
 
 
 
 
 
 
 
 
 
 
 
 
 
 
 
 
 
 
 
 
 
 
 
 
 
 
 
 
 
 
 
 
 
 
 
 
 
 
 
 
 
 
 
 
 
 
 
 
 
 
 
 
 
 
 
 
 
 
 
 
 
 
 
 
 
 
 
 
 
 
 
 
 
 
 
 
 
 
 
 
 
 
 
 
 
 
 
 
 
 
 
 
 
 
 
 
 
 
 
 
 
 
 
 
 
 
 
 
 
 
 
 
 
 
 
 
 
 
 
 
 
 
 
 
 
 
 
 
 
 
 
 
 
 
 
 
 
 
 
 
 
 
 
 
 
 
 
 
 
 
 
 
 
 
 
 
 
 
 
 
 
 
 
 
 
 
 
 
 
 
 
 
 
 
 
 
 
 
 
 
 
{
"corpora": {
"FAMILJELIV-ADOPTION": {
"absolute": {
"2003": 0,
"2023": null
},
"relative": {
"2003": 0,
"2023": null
},
"sums": {
"absolute": 0,
"relative": 0.0
}
},
"FAMILJELIV-ALLMANNA-EKONOMI": {
"absolute": {
"2003": 0,
"2023": null,
"2005": 1,
"2006": 0
},
"relative": {
"2003": 0,
"2023": null,
"2005": 0.5859837377793091,
"2006": 0.0
},
"sums": {
"absolute": 1,
"relative": 0.5859837377793091
}
},
"FAMILJELIV-ALLMANNA-FAMILJELIV": {
"absolute": {
"2003": 0,
"2023": null,
"2005": 1,
"2006": 1,
"2007": 2,
"2008": 1,
"2009": 0
},
"relative": {
"2003": 0,
"2023": null,
"2005": 0.12097184912487756,
"2006": 0.06687073832784637,
"2007": 0.19327989015517283,
"2008": 0.13012744421631658,
"2009": 0.0
},
"sums": {
"absolute": 5,
"relative": 0.5112499218242134
}
},
"FAMILJELIV-ALLMANNA-FRITID": {
"absolute": {
"2004": 0,
"2023": null,
"2007": 1,
"2008": 1,
"2009": 0
},
"relative": {
"2004": 0,
"2023": null,
"2007": 0.18950534556678775,
"2008": 0.18578116427940966,
"2009": 0.0
},
"sums": {
"absolute": 2,
"relative": 0.3752865098461974
}
},
"FAMILJELIV-ALLMANNA-HUSDJUR": {
"absolute": {
"2003": 0,
"2023": null,
"2005": 9,
"2006": 7,
"2007": 16,
"2008": 1,
"2009": 0,
"2012": 3,
"2013": 0
},
"relative": {
"2003": 0,
"2023": null,
"2005": 3.5890419371574707,
"2006": 1.167128655092641,
"2007": 1.7833489599285948,
"2008": 0.13288369036080314,
"2009": 0.0,
"2012": 1.0503473498686016,
"2013": 0.0
},
"sums": {
"absolute": 36,
"relative": 7.72275059240811
}
},
"FAMILJELIV-ALLMANNA-HUSHEM": {
"absolute": {
"2004": 0,
"2023": null,
"2006": 1,
"2007": 2,
"2008": 0
},
"relative": {
"2004": 0,
"2023": null,
"2006": 0.10276067583230239,
"2007": 0.158901356024447,
"2008": 0.0
},
"sums": {
"absolute": 3,
"relative": 0.2616620318567494
}
},
"FAMILJELIV-ALLMANNA-KROPP": {
"absolute": {
"2003": 0,
"2023": null,
"2005": 4,
"2006": 1,
"2007": 1,
"2008": 0
},
"relative": {
"2003": 0,
"2023": null,
"2005": 0.4899475021251473,
"2006": 0.053850232379907784,
"2007": 0.05492837724106406,
"2008": 0.0
},
"sums": {
"absolute": 6,
"relative": 0.5987261117461191
}
},
"FAMILJELIV-ALLMANNA-NOJE": {
"absolute": {
"2003": 0,
"2023": null,
"2005": 1,
"2006": 0,
"2007": 2,
"2008": 0
},
"relative": {
"2003": 0,
"2023": null,
"2005": 0.0969204684205007,
"2006": 0.0,
"2007": 0.1571434587778136,
"2008": 0.0
},
"sums": {
"absolute": 3,
"relative": 0.2540639271983143
}
},
"FAMILJELIV-ALLMANNA-SAMHALLE": {
"absolute": {
"2003": 0,
"2022": null,
"2005": 8,
"2006": 2,
"2007": 6,
"2008": 0
},
"relative": {
"2003": 0,
"2022": null,
"2005": 0.6137546247369966,
"2006": 0.05940841574864822,
"2007": 0.15837709512439807,
"2008": 0.0
},
"sums": {
"absolute": 16,
"relative": 0.8315401356100429
}
},
"FAMILJELIV-ALLMANNA-SANDLADAN": {
"absolute": {
"2005": 2,
"2022": null,
"2006": 0,
"2007": 2,
"2008": 1,
"2009": 0
},
"relative": {
"2005": 0.7966762666156794,
"2022": null,
"2006": 0.0,
"2007": 0.2966127271478803,
"2008": 0.30672870765993604,
"2009": 0.0
},
"sums": {
"absolute": 5,
"relative": 1.4000177014234958
}
},
"FAMILJELIV-ANGLARUM": {
"absolute": {
"2006": 0,
"2022": null
},
"relative": {
"2006": 0,
"2022": null
},
"sums": {
"absolute": 0,
"relative": 0.0
}
},
"FAMILJELIV-EXPERT": {
"absolute": {
"2009": 0,
"2023": null
},
"relative": {
"2009": 0,
"2023": null
},
"sums": {
"absolute": 0,
"relative": 0.0
}
},
"FAMILJELIV-FORALDER": {
"absolute": {
"2003": 0,
"2022": null,
"2005": 7,
"2006": 7,
"2007": 22,
"2008": 5,
"2009": 0
},
"relative": {
"2003": 0,
"2022": null,
"2005": 0.11414475622740362,
"2006": 0.07028195151051377,
"2007": 0.25660224453482416,
"2008": 0.056554929546526855,
"2009": 0.0
},
"sums": {
"absolute": 41,
"relative": 0.4975838818192684
}
},
"FAMILJELIV-GRAVID": {
"absolute": {
"2003": 0,
"2022": null,
"2005": 3,
"2006": 9,
"2007": 4,
"2008": 0
},
"relative": {
"2003": 0,
"2022": null,
"2005": 0.0757368896414555,
"2006": 0.1778438742220936,
"2007": 0.0829394091537489,
"2008": 0.0
},
"sums": {
"absolute": 16,
"relative": 0.336520173017298
}
},
"FAMILJELIV-KANSLIGA": {
"absolute": {
"2003": 0,
"2022": null,
"2005": 4,
"2006": 0,
"2007": 8,
"2008": 0
},
"relative": {
"2003": 0,
"2022": null,
"2005": 0.19887208701489067,
"2006": 0.0,
"2007": 0.09722804071278363,
"2008": 0.0
},
"sums": {
"absolute": 12,
"relative": 0.2961001277276743
}
},
"FAMILJELIV-MEDLEM-ALLMANNA": {
"absolute": {
"2006": 0,
"2022": null
},
"relative": {
"2006": 0,
"2022": null
},
"sums": {
"absolute": 0,
"relative": 0.0
}
},
"FAMILJELIV-MEDLEM-FORALDRAR": {
"absolute": {
"2006": 0,
"2022": null
},
"relative": {
"2006": 0,
"2022": null
},
"sums": {
"absolute": 0,
"relative": 0.0
}
},
"FAMILJELIV-MEDLEM-PLANERARBARN": {
"absolute": {
"2005": 0,
"2021": null,
"2008": 1,
"2009": 0
},
"relative": {
"2005": 0,
"2021": null,
"2008": 0.040462915171764265,
"2009": 0.0
},
"sums": {
"absolute": 1,
"relative": 0.040462915171764265
}
},
"FAMILJELIV-MEDLEM-VANTARBARN": {
"absolute": {
"2003": 0,
"2022": null,
"2006": 5,
"2007": 0
},
"relative": {
"2003": 0,
"2022": null,
"2006": 0.11729622168460412,
"2007": 0.0
},
"sums": {
"absolute": 5,
"relative": 0.11729622168460412
}
},
"FAMILJELIV-PAPPAGRUPP": {
"absolute": {
"2004": 0,
"2023": null
},
"relative": {
"2004": 0,
"2023": null
},
"sums": {
"absolute": 0,
"relative": 0.0
}
},
"FAMILJELIV-PLANERARBARN": {
"absolute": {
"2003": 0,
"2022": null,
"2005": 1,
"2006": 0,
"2007": 3,
"2008": 1,
"2009": 0
},
"relative": {
"2003": 0,
"2022": null,
"2005": 0.04432984882989591,
"2006": 0.0,
"2007": 0.2432217739915174,
"2008": 0.08642119877437456,
"2009": 0.0
},
"sums": {
"absolute": 5,
"relative": 0.3739728215957879
}
},
"FAMILJELIV-SEXSAMLEVNAD": {
"absolute": {
"2004": 0,
"2022": null,
"2006": 1,
"2007": 1,
"2008": 0
},
"relative": {
"2004": 0,
"2022": null,
"2006": 0.1431589218644331,
"2007": 0.07860343701388688,
"2008": 0.0
},
"sums": {
"absolute": 2,
"relative": 0.22176235887831997
}
},
"FAMILJELIV-SVARTATTFABARN": {
"absolute": {
"2003": 0,
"2022": null
},
"relative": {
"2003": 0,
"2022": null
},
"sums": {
"absolute": 0,
"relative": 0.0
}
}
},
"combined": {
"absolute": {
"2003": 0,
"2023": null,
"2005": 41,
"2006": 34,
"2007": 70,
"2008": 11,
"2009": 0,
"2012": 3,
"2013": 0
},
"relative": {
"2003": 0,
"2023": null,
"2005": 0.17643559728463035,
"2006": 0.07247268216317203,
"2007": 0.11024316336117476,
"2008": 0.017663817308802843,
"2009": 0.0,
"2012": 0.010329159568999016,
"2013": 0.0
},
"sums": {
"absolute": 159,
"relative": 0.03560267187376089
}
},
"time": 1034.9498882293701
}
