 
 
 
 
 
 
 
 
 
 
 
 
 
 
 
 
 
 
 
 
 
 
 
 
 
 
 
 
 
 
 
 
 
 
 
 
 
 
 
 
 
 
 
 
 
 
 
 
 
 
 
 
 
 
 
 
 
 
 
 
 
 
 
 
 
 
 
 
 
 
 
 
 
 
 
 
 
 
 
 
 
 
 
 
 
 
 
 
 
 
 
 
 
 
 
 
 
 
 
 
 
 
 
 
 
 
 
 
 
 
 
 
 
 
 
 
 
 
 
 
 
 
 
 
 
 
 
 
 
 
 
 
 
 
 
 
 
 
 
 
 
 
 
 
 
 
 
 
 
 
 
 
 
 
 
 
 
 
 
 
 
 
 
 
 
 
 
 
 
 
 
 
 
 
 
 
 
 
 
 
 
 
 
 
 
 
 
 
 
 
 
 
 
 
 
 
 
 
 
 
 
 
 
 
 
 
 
 
 
 
 
 
 
 
 
 
 
 
 
 
 
 
 
 
 
 
 
 
 
 
 
 
 
 
 
 
 
 
 
 
 
 
{
"corpora": {
"FAMILJELIV-ADOPTION": {
"absolute": {
"2003": 0,
"2023": null
},
"relative": {
"2003": 0,
"2023": null
},
"sums": {
"absolute": 0,
"relative": 0.0
}
},
"FAMILJELIV-ALLMANNA-EKONOMI": {
"absolute": {
"2003": 0,
"2023": null
},
"relative": {
"2003": 0,
"2023": null
},
"sums": {
"absolute": 0,
"relative": 0.0
}
},
"FAMILJELIV-ALLMANNA-FAMILJELIV": {
"absolute": {
"2003": 0,
"2023": null,
"2007": 1,
"2008": 1,
"2009": 0
},
"relative": {
"2003": 0,
"2023": null,
"2007": 0.09663994507758641,
"2008": 0.13012744421631658,
"2009": 0.0
},
"sums": {
"absolute": 2,
"relative": 0.226767389293903
}
},
"FAMILJELIV-ALLMANNA-FRITID": {
"absolute": {
"2004": 0,
"2023": null
},
"relative": {
"2004": 0,
"2023": null
},
"sums": {
"absolute": 0,
"relative": 0.0
}
},
"FAMILJELIV-ALLMANNA-HUSDJUR": {
"absolute": {
"2003": 0,
"2023": null,
"2005": 8,
"2006": 5,
"2007": 5,
"2008": 9,
"2009": 3,
"2010": 3,
"2011": 1,
"2012": 0
},
"relative": {
"2003": 0,
"2023": null,
"2005": 3.1902594996955296,
"2006": 0.833663325066172,
"2007": 0.5572965499776859,
"2008": 1.1959532132472281,
"2009": 0.46922237496279456,
"2010": 0.7241089417075406,
"2011": 0.2467692963718991,
"2012": 0.0
},
"sums": {
"absolute": 34,
"relative": 7.217273201028849
}
},
"FAMILJELIV-ALLMANNA-HUSHEM": {
"absolute": {
"2004": 0,
"2023": null
},
"relative": {
"2004": 0,
"2023": null
},
"sums": {
"absolute": 0,
"relative": 0.0
}
},
"FAMILJELIV-ALLMANNA-KROPP": {
"absolute": {
"2003": 0,
"2023": null,
"2005": 11,
"2006": 2,
"2007": 0,
"2011": 1,
"2012": 0
},
"relative": {
"2003": 0,
"2023": null,
"2005": 1.3473556308441552,
"2006": 0.10770046475981557,
"2007": 0.0,
"2011": 0.0782935452061058,
"2012": 0.0
},
"sums": {
"absolute": 14,
"relative": 1.5333496408100766
}
},
"FAMILJELIV-ALLMANNA-NOJE": {
"absolute": {
"2003": 0,
"2023": null,
"2005": 1,
"2006": 1,
"2007": 3,
"2008": 0
},
"relative": {
"2003": 0,
"2023": null,
"2005": 0.0969204684205007,
"2006": 0.07787547602358164,
"2007": 0.2357151881667204,
"2008": 0.0
},
"sums": {
"absolute": 5,
"relative": 0.41051113261080274
}
},
"FAMILJELIV-ALLMANNA-SAMHALLE": {
"absolute": {
"2003": 0,
"2022": null,
"2005": 2,
"2006": 3,
"2007": 0,
"2008": 1,
"2009": 0
},
"relative": {
"2003": 0,
"2022": null,
"2005": 0.15343865618424915,
"2006": 0.08911262362297233,
"2007": 0.0,
"2008": 0.02838562438438677,
"2009": 0.0
},
"sums": {
"absolute": 6,
"relative": 0.2709369041916082
}
},
"FAMILJELIV-ALLMANNA-SANDLADAN": {
"absolute": {
"2005": 0,
"2022": null,
"2006": 2,
"2007": 0
},
"relative": {
"2005": 0,
"2022": null,
"2006": 0.3122795501550624,
"2007": 0.0
},
"sums": {
"absolute": 2,
"relative": 0.3122795501550624
}
},
"FAMILJELIV-ANGLARUM": {
"absolute": {
"2006": 0,
"2022": null
},
"relative": {
"2006": 0,
"2022": null
},
"sums": {
"absolute": 0,
"relative": 0.0
}
},
"FAMILJELIV-EXPERT": {
"absolute": {
"2009": 0,
"2023": null
},
"relative": {
"2009": 0,
"2023": null
},
"sums": {
"absolute": 0,
"relative": 0.0
}
},
"FAMILJELIV-FORALDER": {
"absolute": {
"2003": 0,
"2022": null,
"2005": 2,
"2006": 26,
"2007": 3,
"2008": 6,
"2009": 0
},
"relative": {
"2003": 0,
"2022": null,
"2005": 0.0326127874935439,
"2006": 0.2610472484676225,
"2007": 0.034991215163839656,
"2008": 0.06786591545583223,
"2009": 0.0
},
"sums": {
"absolute": 37,
"relative": 0.39651716658083824
}
},
"FAMILJELIV-GRAVID": {
"absolute": {
"2003": 0,
"2022": null,
"2005": 12,
"2006": 83,
"2007": 0,
"2008": 12,
"2009": 1,
"2010": 0
},
"relative": {
"2003": 0,
"2022": null,
"2005": 0.302947558565822,
"2006": 1.6401157289370856,
"2007": 0.0,
"2008": 0.25677207459896373,
"2009": 0.019605374397757207,
"2010": 0.0
},
"sums": {
"absolute": 108,
"relative": 2.2194407364996285
}
},
"FAMILJELIV-KANSLIGA": {
"absolute": {
"2003": 0,
"2022": null,
"2005": 13,
"2006": 17,
"2007": 4,
"2008": 0,
"2009": 1,
"2010": 0,
"2012": 3,
"2013": 0
},
"relative": {
"2003": 0,
"2022": null,
"2005": 0.6463342827983948,
"2006": 0.3281065889380871,
"2007": 0.04861402035639181,
"2008": 0.0,
"2009": 0.010423772422029609,
"2010": 0.0,
"2012": 0.029495287552655357,
"2013": 0.0
},
"sums": {
"absolute": 38,
"relative": 1.0629739520675585
}
},
"FAMILJELIV-MEDLEM-ALLMANNA": {
"absolute": {
"2006": 2,
"2022": null,
"2007": 0,
"2008": 2,
"2009": 0,
"2012": 3,
"2013": 0
},
"relative": {
"2006": 0.08528240950097211,
"2022": null,
"2007": 0.0,
"2008": 0.027850094028183708,
"2009": 0.0,
"2012": 0.6154756426540212,
"2013": 0.0
},
"sums": {
"absolute": 7,
"relative": 0.728608146183177
}
},
"FAMILJELIV-MEDLEM-FORALDRAR": {
"absolute": {
"2006": 8,
"2022": null,
"2007": 11,
"2008": 40,
"2009": 22,
"2010": 1,
"2011": 0,
"2012": 1,
"2013": 0
},
"relative": {
"2006": 0.38558048515471754,
"2022": null,
"2007": 0.1374181709146746,
"2008": 0.4950569553125948,
"2009": 0.35925718482118146,
"2010": 0.033166071308048294,
"2011": 0.0,
"2012": 0.3652762547787266,
"2013": 0.0
},
"sums": {
"absolute": 83,
"relative": 1.7757551222899433
}
},
"FAMILJELIV-MEDLEM-PLANERARBARN": {
"absolute": {
"2005": 0,
"2021": null,
"2007": 17,
"2008": 4,
"2009": 0
},
"relative": {
"2005": 0,
"2021": null,
"2007": 0.44704272689752217,
"2008": 0.16185166068705706,
"2009": 0.0
},
"sums": {
"absolute": 21,
"relative": 0.6088943875845793
}
},
"FAMILJELIV-MEDLEM-VANTARBARN": {
"absolute": {
"2003": 0,
"2023": null,
"2005": 24,
"2006": 0,
"2008": 71,
"2009": 0
},
"relative": {
"2003": 0,
"2023": null,
"2005": 1.1576617624898682,
"2006": 0.0,
"2008": 1.3529180479610592,
"2009": 0.0
},
"sums": {
"absolute": 95,
"relative": 2.5105798104509276
}
},
"FAMILJELIV-PAPPAGRUPP": {
"absolute": {
"2004": 0,
"2023": null
},
"relative": {
"2004": 0,
"2023": null
},
"sums": {
"absolute": 0,
"relative": 0.0
}
},
"FAMILJELIV-PLANERARBARN": {
"absolute": {
"2003": 0,
"2022": null,
"2005": 7,
"2006": 0,
"2007": 1,
"2008": 0
},
"relative": {
"2003": 0,
"2022": null,
"2005": 0.3103089418092714,
"2006": 0.0,
"2007": 0.08107392466383913,
"2008": 0.0
},
"sums": {
"absolute": 8,
"relative": 0.3913828664731105
}
},
"FAMILJELIV-SEXSAMLEVNAD": {
"absolute": {
"2004": 0,
"2022": null,
"2005": 1,
"2006": 1,
"2007": 0
},
"relative": {
"2004": 0,
"2022": null,
"2005": 0.3465382904018597,
"2006": 0.1431589218644331,
"2007": 0.0
},
"sums": {
"absolute": 2,
"relative": 0.4896972122662928
}
},
"FAMILJELIV-SVARTATTFABARN": {
"absolute": {
"2003": 0,
"2022": null
},
"relative": {
"2003": 0,
"2022": null
},
"sums": {
"absolute": 0,
"relative": 0.0
}
}
},
"combined": {
"absolute": {
"2003": 0,
"2023": null,
"2005": 81,
"2006": 150,
"2007": 45,
"2008": 146,
"2009": 27,
"2010": 4,
"2011": 2,
"2012": 7,
"2013": 0
},
"relative": {
"2003": 0,
"2023": null,
"2005": 0.34856762331954577,
"2006": 0.3197322529714082,
"2007": 0.07087059251710076,
"2008": 0.23444684865048757,
"2009": 0.04551148898517543,
"2010": 0.009706555985785438,
"2011": 0.005544733006828033,
"2012": 0.02410142618330187,
"2013": 0.0
},
"sums": {
"absolute": 462,
"relative": 0.10345012256025993
}
},
"time": 1210.8235597610474
}
