 
 
 
 
 
 
 
 
 
 
 
 
 
 
 
 
 
 
 
 
 
 
 
 
 
 
 
 
 
 
 
 
 
 
 
 
 
 
 
 
 
 
 
 
 
 
 
 
 
 
 
 
 
 
 
 
 
 
 
 
 
 
 
 
 
 
 
 
 
 
 
 
 
 
 
 
 
 
 
 
 
 
 
 
 
 
 
 
 
 
 
 
 
 
 
 
 
 
 
 
 
 
 
 
 
 
 
 
 
 
 
 
 
 
 
 
 
 
 
 
 
 
 
 
 
 
 
 
 
 
 
 
 
 
 
 
 
 
 
 
 
 
 
 
 
 
 
 
 
 
 
 
 
 
 
 
 
 
 
 
 
 
 
 
 
 
 
 
 
 
 
 
 
 
 
 
 
 
 
 
 
 
 
 
 
 
 
 
 
 
 
 
{
"corpora": {
"FAMILJELIV-ADOPTION": {
"absolute": {
"2003": 0,
"2023": null
},
"relative": {
"2003": 0,
"2023": null
},
"sums": {
"absolute": 0,
"relative": 0.0
}
},
"FAMILJELIV-ALLMANNA-EKONOMI": {
"absolute": {
"2003": 0,
"2023": null,
"2006": 1,
"2007": 0
},
"relative": {
"2003": 0,
"2023": null,
"2006": 0.2721177290142808,
"2007": 0.0
},
"sums": {
"absolute": 1,
"relative": 0.2721177290142808
}
},
"FAMILJELIV-ALLMANNA-FAMILJELIV": {
"absolute": {
"2003": 0,
"2023": null,
"2005": 6,
"2006": 21,
"2007": 34,
"2008": 16,
"2009": 2,
"2010": 0
},
"relative": {
"2003": 0,
"2023": null,
"2005": 0.7258310947492652,
"2006": 1.4042855048847738,
"2007": 3.285758132637938,
"2008": 2.0820391074610654,
"2009": 0.2615644509847182,
"2010": 0.0
},
"sums": {
"absolute": 79,
"relative": 7.759478290717761
}
},
"FAMILJELIV-ALLMANNA-FRITID": {
"absolute": {
"2004": 0,
"2023": null,
"2005": 10,
"2006": 68,
"2007": 2,
"2008": 6,
"2009": 0
},
"relative": {
"2004": 0,
"2023": null,
"2005": 6.648246591443972,
"2006": 14.987312578697166,
"2007": 0.3790106911335755,
"2008": 1.114686985676458,
"2009": 0.0
},
"sums": {
"absolute": 86,
"relative": 23.129256846951172
}
},
"FAMILJELIV-ALLMANNA-HUSDJUR": {
"absolute": {
"2003": 0,
"2023": null,
"2004": 9,
"2005": 4,
"2006": 0,
"2008": 3,
"2009": 0
},
"relative": {
"2003": 0,
"2023": null,
"2004": 10.286019927449273,
"2005": 1.5951297498477648,
"2006": 0.0,
"2008": 0.39865107108240944,
"2009": 0.0
},
"sums": {
"absolute": 16,
"relative": 12.279800748379447
}
},
"FAMILJELIV-ALLMANNA-HUSHEM": {
"absolute": {
"2004": 1,
"2023": null,
"2005": 6,
"2006": 10,
"2007": 1,
"2008": 1,
"2009": 0
},
"relative": {
"2004": 0.7539493753152451,
"2023": null,
"2005": 1.6262961241297622,
"2006": 1.027606758323024,
"2007": 0.0794506780122235,
"2008": 0.07878072024643239,
"2009": 0.0
},
"sums": {
"absolute": 19,
"relative": 3.566083656026687
}
},
"FAMILJELIV-ALLMANNA-KROPP": {
"absolute": {
"2003": 0,
"2023": null,
"2004": 3,
"2005": 13,
"2006": 12,
"2007": 3,
"2008": 9,
"2009": 0
},
"relative": {
"2003": 0,
"2023": null,
"2004": 1.144603044033642,
"2005": 1.5923293819067286,
"2006": 0.6462027885588936,
"2007": 0.16478513172319217,
"2008": 0.5412801600553405,
"2009": 0.0
},
"sums": {
"absolute": 40,
"relative": 4.0892005062777965
}
},
"FAMILJELIV-ALLMANNA-NOJE": {
"absolute": {
"2003": 0,
"2023": null,
"2004": 22,
"2005": 14,
"2006": 17,
"2007": 9,
"2008": 1,
"2009": 0
},
"relative": {
"2003": 0,
"2023": null,
"2004": 5.188096807999857,
"2005": 1.3568865578870097,
"2006": 1.3238830924008878,
"2007": 0.7071455645001612,
"2008": 0.07784078989719956,
"2009": 0.0
},
"sums": {
"absolute": 63,
"relative": 8.653852812685116
}
},
"FAMILJELIV-ALLMANNA-SAMHALLE": {
"absolute": {
"2003": 0,
"2022": null,
"2004": 3,
"2005": 2,
"2006": 4,
"2007": 0,
"2008": 1,
"2009": 0
},
"relative": {
"2003": 0,
"2022": null,
"2004": 0.7106561227407354,
"2005": 0.15343865618424915,
"2006": 0.11881683149729644,
"2007": 0.0,
"2008": 0.02838562438438677,
"2009": 0.0
},
"sums": {
"absolute": 10,
"relative": 1.0112972348066678
}
},
"FAMILJELIV-ALLMANNA-SANDLADAN": {
"absolute": {
"2005": 0,
"2022": null,
"2006": 4,
"2007": 4,
"2008": 0
},
"relative": {
"2005": 0,
"2022": null,
"2006": 0.6245591003101248,
"2007": 0.5932254542957606,
"2008": 0.0
},
"sums": {
"absolute": 8,
"relative": 1.2177845546058854
}
},
"FAMILJELIV-ANGLARUM": {
"absolute": {
"2006": 0,
"2022": null
},
"relative": {
"2006": 0,
"2022": null
},
"sums": {
"absolute": 0,
"relative": 0.0
}
},
"FAMILJELIV-EXPERT": {
"absolute": {
"2009": 0,
"2023": null
},
"relative": {
"2009": 0,
"2023": null
},
"sums": {
"absolute": 0,
"relative": 0.0
}
},
"FAMILJELIV-FORALDER": {
"absolute": {
"2003": 0,
"2022": null
},
"relative": {
"2003": 0,
"2022": null
},
"sums": {
"absolute": 0,
"relative": 0.0
}
},
"FAMILJELIV-GRAVID": {
"absolute": {
"2003": 0,
"2022": null,
"2004": 1,
"2005": 0
},
"relative": {
"2003": 0,
"2022": null,
"2004": 0.038582744669967445,
"2005": 0.0
},
"sums": {
"absolute": 1,
"relative": 0.038582744669967445
}
},
"FAMILJELIV-KANSLIGA": {
"absolute": {
"2003": 0,
"2022": null,
"2004": 6,
"2005": 3,
"2006": 4,
"2007": 1,
"2008": 2,
"2009": 0,
"2012": 1,
"2013": 0
},
"relative": {
"2003": 0,
"2022": null,
"2004": 0.5790120857192652,
"2005": 0.14915406526116803,
"2006": 0.07720155033837342,
"2007": 0.012153505089097953,
"2008": 0.023304634724378822,
"2009": 0.0,
"2012": 0.009831762517551785,
"2013": 0.0
},
"sums": {
"absolute": 17,
"relative": 0.8506576036498352
}
},
"FAMILJELIV-MEDLEM-ALLMANNA": {
"absolute": {
"2006": 35,
"2022": null,
"2007": 78,
"2008": 11,
"2009": 0
},
"relative": {
"2006": 1.492442166267012,
"2022": null,
"2007": 1.0614562049633827,
"2008": 0.1531755171550104,
"2009": 0.0
},
"sums": {
"absolute": 124,
"relative": 2.707073888385405
}
},
"FAMILJELIV-MEDLEM-FORALDRAR": {
"absolute": {
"2006": 0,
"2022": null
},
"relative": {
"2006": 0,
"2022": null
},
"sums": {
"absolute": 0,
"relative": 0.0
}
},
"FAMILJELIV-MEDLEM-PLANERARBARN": {
"absolute": {
"2005": 0,
"2021": null,
"2007": 2,
"2008": 21,
"2009": 0
},
"relative": {
"2005": 0,
"2021": null,
"2007": 0.05259326198794378,
"2008": 0.8497212186070495,
"2009": 0.0
},
"sums": {
"absolute": 23,
"relative": 0.9023144805949933
}
},
"FAMILJELIV-MEDLEM-VANTARBARN": {
"absolute": {
"2003": 0,
"2023": null
},
"relative": {
"2003": 0,
"2023": null
},
"sums": {
"absolute": 0,
"relative": 0.0
}
},
"FAMILJELIV-PAPPAGRUPP": {
"absolute": {
"2004": 0,
"2023": null
},
"relative": {
"2004": 0,
"2023": null
},
"sums": {
"absolute": 0,
"relative": 0.0
}
},
"FAMILJELIV-PLANERARBARN": {
"absolute": {
"2003": 5,
"2022": null,
"2004": 5,
"2005": 0,
"2006": 2,
"2007": 0
},
"relative": {
"2003": 2.4757953864048132,
"2022": null,
"2004": 0.4023543847293314,
"2005": 0.0,
"2006": 0.08858838135030309,
"2007": 0.0
},
"sums": {
"absolute": 12,
"relative": 2.9667381524844476
}
},
"FAMILJELIV-SEXSAMLEVNAD": {
"absolute": {
"2004": 0,
"2022": null
},
"relative": {
"2004": 0,
"2022": null
},
"sums": {
"absolute": 0,
"relative": 0.0
}
},
"FAMILJELIV-SVARTATTFABARN": {
"absolute": {
"2003": 3,
"2022": null,
"2004": 0,
"2006": 3,
"2007": 16,
"2008": 25,
"2009": 0
},
"relative": {
"2003": 10.276224926011182,
"2022": null,
"2004": 0.0,
"2006": 0.14459783221821895,
"2007": 0.7890701163760061,
"2008": 0.9212605600873591,
"2009": 0.0
},
"sums": {
"absolute": 47,
"relative": 12.131153434692767
}
}
},
"combined": {
"absolute": {
"2003": 8,
"2023": null,
"2004": 50,
"2005": 58,
"2006": 181,
"2007": 150,
"2008": 96,
"2009": 2,
"2010": 0,
"2012": 1,
"2013": 0
},
"relative": {
"2003": 1.1688280000929219,
"2023": null,
"2004": 0.5183614780289637,
"2005": 0.24959163151276118,
"2006": 0.3858102519188326,
"2007": 0.23623530839033588,
"2008": 0.1541568319893617,
"2009": 0.003371221406309291,
"2010": 0.0,
"2012": 0.0034430608833288384,
"2013": 0.0
},
"sums": {
"absolute": 546,
"relative": 0.12225923575303446
}
},
"time": 960.4724237918854
}
