 
 
 
 
 
 
 
 
 
 
 
 
 
 
 
 
 
 
 
 
 
 
 
 
 
 
 
 
 
 
 
 
 
 
 
 
 
 
 
 
 
 
 
 
 
 
 
 
 
 
 
 
 
 
 
 
 
 
 
 
 
 
 
 
 
 
 
 
 
 
 
 
 
 
 
 
 
 
 
 
 
 
 
 
 
 
 
 
 
 
 
 
 
 
 
 
 
 
 
 
 
 
 
 
 
 
 
 
 
 
 
 
 
 
 
 
 
 
 
 
 
 
 
 
 
 
 
 
 
 
 
 
 
 
 
 
 
 
 
 
 
 
 
 
 
 
 
 
 
 
 
 
 
 
 
 
 
 
 
 
 
 
 
 
 
 
 
 
 
 
 
 
 
 
 
 
 
 
 
 
 
 
 
 
 
 
 
 
 
 
 
 
 
 
 
 
 
 
 
 
 
 
 
 
 
 
 
 
 
 
 
{
"corpora": {
"FAMILJELIV-ADOPTION": {
"absolute": {
"2003": 0,
"2023": null
},
"relative": {
"2003": 0,
"2023": null
},
"sums": {
"absolute": 0,
"relative": 0.0
}
},
"FAMILJELIV-ALLMANNA-EKONOMI": {
"absolute": {
"2003": 0,
"2023": null
},
"relative": {
"2003": 0,
"2023": null
},
"sums": {
"absolute": 0,
"relative": 0.0
}
},
"FAMILJELIV-ALLMANNA-FAMILJELIV": {
"absolute": {
"2003": 0,
"2023": null
},
"relative": {
"2003": 0,
"2023": null
},
"sums": {
"absolute": 0,
"relative": 0.0
}
},
"FAMILJELIV-ALLMANNA-FRITID": {
"absolute": {
"2004": 0,
"2023": null,
"2008": 10,
"2009": 9,
"2010": 5,
"2011": 0
},
"relative": {
"2004": 0,
"2023": null,
"2008": 1.8578116427940967,
"2009": 2.0945834769480616,
"2010": 1.6719858108596148,
"2011": 0.0
},
"sums": {
"absolute": 24,
"relative": 5.624380930601774
}
},
"FAMILJELIV-ALLMANNA-HUSDJUR": {
"absolute": {
"2003": 0,
"2023": null,
"2006": 6,
"2007": 0
},
"relative": {
"2003": 0,
"2023": null,
"2006": 1.0003959900794064,
"2007": 0.0
},
"sums": {
"absolute": 6,
"relative": 1.0003959900794064
}
},
"FAMILJELIV-ALLMANNA-HUSHEM": {
"absolute": {
"2004": 0,
"2023": null
},
"relative": {
"2004": 0,
"2023": null
},
"sums": {
"absolute": 0,
"relative": 0.0
}
},
"FAMILJELIV-ALLMANNA-KROPP": {
"absolute": {
"2003": 0,
"2023": null,
"2010": 5,
"2011": 0
},
"relative": {
"2003": 0,
"2023": null,
"2010": 0.3959829901546749,
"2011": 0.0
},
"sums": {
"absolute": 5,
"relative": 0.3959829901546749
}
},
"FAMILJELIV-ALLMANNA-NOJE": {
"absolute": {
"2003": 0,
"2023": null,
"2006": 1,
"2007": 0
},
"relative": {
"2003": 0,
"2023": null,
"2006": 0.07787547602358164,
"2007": 0.0
},
"sums": {
"absolute": 1,
"relative": 0.07787547602358164
}
},
"FAMILJELIV-ALLMANNA-SAMHALLE": {
"absolute": {
"2003": 0,
"2022": null,
"2006": 2,
"2007": 0
},
"relative": {
"2003": 0,
"2022": null,
"2006": 0.05940841574864822,
"2007": 0.0
},
"sums": {
"absolute": 2,
"relative": 0.05940841574864822
}
},
"FAMILJELIV-ALLMANNA-SANDLADAN": {
"absolute": {
"2005": 0,
"2022": null
},
"relative": {
"2005": 0,
"2022": null
},
"sums": {
"absolute": 0,
"relative": 0.0
}
},
"FAMILJELIV-ANGLARUM": {
"absolute": {
"2006": 0,
"2022": null
},
"relative": {
"2006": 0,
"2022": null
},
"sums": {
"absolute": 0,
"relative": 0.0
}
},
"FAMILJELIV-EXPERT": {
"absolute": {
"2009": 0,
"2023": null
},
"relative": {
"2009": 0,
"2023": null
},
"sums": {
"absolute": 0,
"relative": 0.0
}
},
"FAMILJELIV-FORALDER": {
"absolute": {
"2003": 0,
"2022": null,
"2006": 2,
"2007": 1,
"2008": 1,
"2009": 0,
"2010": 1,
"2011": 0
},
"relative": {
"2003": 0,
"2022": null,
"2006": 0.020080557574432504,
"2007": 0.011663738387946553,
"2008": 0.01131098590930537,
"2009": 0.0,
"2010": 0.016720798300404422,
"2011": 0.0
},
"sums": {
"absolute": 5,
"relative": 0.05977608017208885
}
},
"FAMILJELIV-GRAVID": {
"absolute": {
"2003": 0,
"2022": null,
"2009": 2,
"2010": 0
},
"relative": {
"2003": 0,
"2022": null,
"2009": 0.039210748795514415,
"2010": 0.0
},
"sums": {
"absolute": 2,
"relative": 0.039210748795514415
}
},
"FAMILJELIV-KANSLIGA": {
"absolute": {
"2003": 0,
"2022": null,
"2008": 1,
"2009": 0
},
"relative": {
"2003": 0,
"2022": null,
"2008": 0.011652317362189411,
"2009": 0.0
},
"sums": {
"absolute": 1,
"relative": 0.011652317362189411
}
},
"FAMILJELIV-MEDLEM-ALLMANNA": {
"absolute": {
"2006": 0,
"2022": null,
"2007": 21,
"2008": 285,
"2009": 138,
"2010": 89,
"2011": 0
},
"relative": {
"2006": 0,
"2022": null,
"2007": 0.28577667056706463,
"2008": 3.9686383990161787,
"2009": 2.1156476149123966,
"2010": 3.0945330831142557,
"2011": 0.0
},
"sums": {
"absolute": 533,
"relative": 9.464595767609895
}
},
"FAMILJELIV-MEDLEM-FORALDRAR": {
"absolute": {
"2006": 0,
"2022": null,
"2007": 9,
"2008": 0,
"2009": 10,
"2010": 0
},
"relative": {
"2006": 0,
"2022": null,
"2007": 0.1124330489301883,
"2008": 0.0,
"2009": 0.1632987203732643,
"2010": 0.0
},
"sums": {
"absolute": 19,
"relative": 0.27573176930345256
}
},
"FAMILJELIV-MEDLEM-PLANERARBARN": {
"absolute": {
"2005": 0,
"2021": null,
"2006": 181,
"2007": 155,
"2008": 0
},
"relative": {
"2005": 0,
"2021": null,
"2006": 10.625978133028559,
"2007": 4.075977804065643,
"2008": 0.0
},
"sums": {
"absolute": 336,
"relative": 14.701955937094201
}
},
"FAMILJELIV-MEDLEM-VANTARBARN": {
"absolute": {
"2003": 0,
"2023": null,
"2006": 6,
"2007": 0
},
"relative": {
"2003": 0,
"2023": null,
"2006": 0.14075465042808413,
"2007": 0.0
},
"sums": {
"absolute": 6,
"relative": 0.14075465042808413
}
},
"FAMILJELIV-PAPPAGRUPP": {
"absolute": {
"2004": 0,
"2023": null
},
"relative": {
"2004": 0,
"2023": null
},
"sums": {
"absolute": 0,
"relative": 0.0
}
},
"FAMILJELIV-PLANERARBARN": {
"absolute": {
"2003": 0,
"2022": null,
"2006": 59,
"2007": 0
},
"relative": {
"2003": 0,
"2022": null,
"2006": 2.6133572498339412,
"2007": 0.0
},
"sums": {
"absolute": 59,
"relative": 2.6133572498339412
}
},
"FAMILJELIV-SEXSAMLEVNAD": {
"absolute": {
"2004": 0,
"2022": null
},
"relative": {
"2004": 0,
"2022": null
},
"sums": {
"absolute": 0,
"relative": 0.0
}
},
"FAMILJELIV-SVARTATTFABARN": {
"absolute": {
"2003": 0,
"2022": null
},
"relative": {
"2003": 0,
"2022": null
},
"sums": {
"absolute": 0,
"relative": 0.0
}
}
},
"combined": {
"absolute": {
"2003": 0,
"2023": null,
"2006": 257,
"2007": 186,
"2008": 297,
"2009": 159,
"2010": 100,
"2011": 0
},
"relative": {
"2003": 0,
"2023": null,
"2006": 0.5478079267576794,
"2007": 0.2929317824040165,
"2008": 0.4769226989670877,
"2009": 0.26801210180158863,
"2010": 0.24266389964463594,
"2011": 0.0
},
"sums": {
"absolute": 999,
"relative": 0.22369409618549713
}
},
"time": 1058.1197769641876
}
