 
 
 
 
 
 
 
 
 
 
 
 
 
 
 
 
 
 
 
 
 
 
 
 
 
 
 
 
 
 
 
 
 
 
 
 
 
 
 
 
 
 
 
 
 
 
 
 
 
 
 
 
 
 
 
 
 
 
 
 
 
 
 
 
 
 
 
 
 
 
 
 
 
 
 
 
 
 
 
 
 
 
 
 
 
 
 
 
 
 
 
 
 
 
 
 
 
 
 
 
 
 
 
 
 
 
 
 
 
 
 
 
 
 
 
 
 
 
 
 
 
 
 
 
 
 
 
 
 
 
 
 
 
 
 
 
 
 
 
 
 
 
 
 
 
 
 
 
 
 
 
 
 
 
 
 
 
 
 
 
 
 
 
 
 
 
 
 
 
 
 
 
 
 
 
 
 
 
 
 
 
 
 
 
 
 
 
 
 
 
 
 
 
 
 
 
 
 
 
 
 
 
 
 
 
 
 
 
 
 
 
 
 
 
 
{
"corpora": {
"FAMILJELIV-ADOPTION": {
"absolute": {
"2003": 0,
"2023": null
},
"relative": {
"2003": 0,
"2023": null
},
"sums": {
"absolute": 0,
"relative": 0.0
}
},
"FAMILJELIV-ALLMANNA-EKONOMI": {
"absolute": {
"2003": 0,
"2023": null,
"2005": 1,
"2006": 0
},
"relative": {
"2003": 0,
"2023": null,
"2005": 0.5859837377793091,
"2006": 0.0
},
"sums": {
"absolute": 1,
"relative": 0.5859837377793091
}
},
"FAMILJELIV-ALLMANNA-FAMILJELIV": {
"absolute": {
"2003": 0,
"2023": null
},
"relative": {
"2003": 0,
"2023": null
},
"sums": {
"absolute": 0,
"relative": 0.0
}
},
"FAMILJELIV-ALLMANNA-FRITID": {
"absolute": {
"2004": 0,
"2023": null
},
"relative": {
"2004": 0,
"2023": null
},
"sums": {
"absolute": 0,
"relative": 0.0
}
},
"FAMILJELIV-ALLMANNA-HUSDJUR": {
"absolute": {
"2003": 0,
"2023": null,
"2005": 5,
"2006": 1,
"2007": 0
},
"relative": {
"2003": 0,
"2023": null,
"2005": 1.993912187309706,
"2006": 0.16673266501323442,
"2007": 0.0
},
"sums": {
"absolute": 6,
"relative": 2.1606448523229407
}
},
"FAMILJELIV-ALLMANNA-HUSHEM": {
"absolute": {
"2004": 1,
"2023": null,
"2005": 1,
"2006": 1,
"2007": 2,
"2008": 0,
"2011": 1,
"2012": 0
},
"relative": {
"2004": 0.7539493753152451,
"2023": null,
"2005": 0.27104935402162705,
"2006": 0.10276067583230239,
"2007": 0.158901356024447,
"2008": 0.0,
"2011": 0.21853710388510894,
"2012": 0.0
},
"sums": {
"absolute": 6,
"relative": 1.5051978650787303
}
},
"FAMILJELIV-ALLMANNA-KROPP": {
"absolute": {
"2003": 0,
"2023": null,
"2005": 2,
"2006": 0
},
"relative": {
"2003": 0,
"2023": null,
"2005": 0.24497375106257366,
"2006": 0.0
},
"sums": {
"absolute": 2,
"relative": 0.24497375106257366
}
},
"FAMILJELIV-ALLMANNA-NOJE": {
"absolute": {
"2003": 0,
"2023": null,
"2004": 1,
"2005": 3,
"2006": 0
},
"relative": {
"2003": 0,
"2023": null,
"2004": 0.23582258218181168,
"2005": 0.2907614052615021,
"2006": 0.0
},
"sums": {
"absolute": 4,
"relative": 0.5265839874433138
}
},
"FAMILJELIV-ALLMANNA-SAMHALLE": {
"absolute": {
"2003": 0,
"2022": null,
"2004": 2,
"2005": 0,
"2007": 9,
"2008": 0,
"2009": 1,
"2010": 0
},
"relative": {
"2003": 0,
"2022": null,
"2004": 0.47377074849382356,
"2005": 0.0,
"2007": 0.23756564268659713,
"2008": 0.0,
"2009": 0.02470391981542417,
"2010": 0.0
},
"sums": {
"absolute": 12,
"relative": 0.7360403109958449
}
},
"FAMILJELIV-ALLMANNA-SANDLADAN": {
"absolute": {
"2005": 1,
"2022": null,
"2006": 0
},
"relative": {
"2005": 0.3983381333078397,
"2022": null,
"2006": 0.0
},
"sums": {
"absolute": 1,
"relative": 0.3983381333078397
}
},
"FAMILJELIV-ANGLARUM": {
"absolute": {
"2006": 0,
"2022": null
},
"relative": {
"2006": 0,
"2022": null
},
"sums": {
"absolute": 0,
"relative": 0.0
}
},
"FAMILJELIV-EXPERT": {
"absolute": {
"2009": 0,
"2023": null
},
"relative": {
"2009": 0,
"2023": null
},
"sums": {
"absolute": 0,
"relative": 0.0
}
},
"FAMILJELIV-FORALDER": {
"absolute": {
"2003": 0,
"2022": null,
"2006": 2,
"2007": 2,
"2008": 0,
"2009": 13,
"2010": 6,
"2011": 0
},
"relative": {
"2003": 0,
"2022": null,
"2006": 0.020080557574432504,
"2007": 0.023327476775893106,
"2008": 0.0,
"2009": 0.16050766648818215,
"2010": 0.10032478980242655,
"2011": 0.0
},
"sums": {
"absolute": 23,
"relative": 0.30424049064093434
}
},
"FAMILJELIV-GRAVID": {
"absolute": {
"2003": 0,
"2022": null
},
"relative": {
"2003": 0,
"2022": null
},
"sums": {
"absolute": 0,
"relative": 0.0
}
},
"FAMILJELIV-KANSLIGA": {
"absolute": {
"2003": 0,
"2022": null,
"2005": 2,
"2006": 1,
"2007": 0,
"2010": 19,
"2011": 0
},
"relative": {
"2003": 0,
"2022": null,
"2005": 0.09943604350744534,
"2006": 0.019300387584593355,
"2007": 0.0,
"2010": 0.24860003507092282,
"2011": 0.0
},
"sums": {
"absolute": 22,
"relative": 0.3673364661629615
}
},
"FAMILJELIV-MEDLEM-ALLMANNA": {
"absolute": {
"2006": 3,
"2022": null,
"2007": 0
},
"relative": {
"2006": 0.12792361425145818,
"2022": null,
"2007": 0.0
},
"sums": {
"absolute": 3,
"relative": 0.12792361425145818
}
},
"FAMILJELIV-MEDLEM-FORALDRAR": {
"absolute": {
"2006": 0,
"2022": null,
"2007": 14,
"2008": 8,
"2009": 19,
"2010": 14,
"2011": 15,
"2012": 0
},
"relative": {
"2006": 0,
"2022": null,
"2007": 0.174895853891404,
"2008": 0.09901139106251897,
"2009": 0.31026756870920214,
"2010": 0.4643249983126761,
"2011": 1.7332031813291033,
"2012": 0.0
},
"sums": {
"absolute": 70,
"relative": 2.7817029933049042
}
},
"FAMILJELIV-MEDLEM-PLANERARBARN": {
"absolute": {
"2005": 0,
"2021": null
},
"relative": {
"2005": 0,
"2021": null
},
"sums": {
"absolute": 0,
"relative": 0.0
}
},
"FAMILJELIV-MEDLEM-VANTARBARN": {
"absolute": {
"2003": 0,
"2023": null,
"2006": 6,
"2007": 0
},
"relative": {
"2003": 0,
"2023": null,
"2006": 0.14075465042808413,
"2007": 0.0
},
"sums": {
"absolute": 6,
"relative": 0.14075465042808413
}
},
"FAMILJELIV-PAPPAGRUPP": {
"absolute": {
"2004": 0,
"2023": null
},
"relative": {
"2004": 0,
"2023": null
},
"sums": {
"absolute": 0,
"relative": 0.0
}
},
"FAMILJELIV-PLANERARBARN": {
"absolute": {
"2003": 0,
"2022": null,
"2005": 1,
"2006": 0
},
"relative": {
"2003": 0,
"2022": null,
"2005": 0.04432984882989591,
"2006": 0.0
},
"sums": {
"absolute": 1,
"relative": 0.04432984882989591
}
},
"FAMILJELIV-SEXSAMLEVNAD": {
"absolute": {
"2004": 0,
"2022": null
},
"relative": {
"2004": 0,
"2022": null
},
"sums": {
"absolute": 0,
"relative": 0.0
}
},
"FAMILJELIV-SVARTATTFABARN": {
"absolute": {
"2003": 0,
"2022": null
},
"relative": {
"2003": 0,
"2022": null
},
"sums": {
"absolute": 0,
"relative": 0.0
}
}
},
"combined": {
"absolute": {
"2003": 0,
"2023": null,
"2004": 4,
"2005": 16,
"2006": 14,
"2007": 27,
"2008": 8,
"2009": 33,
"2010": 39,
"2011": 16,
"2012": 0
},
"relative": {
"2003": 0,
"2023": null,
"2004": 0.04146891824231709,
"2005": 0.0688528638655893,
"2006": 0.029841676943998103,
"2007": 0.042522355510260464,
"2008": 0.012846402665780141,
"2009": 0.05562515320410331,
"2010": 0.09463892086140802,
"2011": 0.04435786405462427,
"2012": 0.0
},
"sums": {
"absolute": 157,
"relative": 0.0351551282293524
}
},
"time": 1075.533579826355
}
