 
 
 
 
 
 
 
 
 
 
 
 
 
 
 
 
 
 
 
 
 
 
 
 
 
 
 
 
 
 
 
 
 
 
 
 
 
 
 
 
 
 
 
 
 
 
 
 
 
 
 
 
 
 
 
 
 
 
 
 
 
 
 
 
 
 
 
 
 
 
 
 
 
 
 
 
 
 
 
 
 
 
 
 
 
 
 
 
 
 
 
 
 
 
 
 
 
 
 
 
 
 
 
 
 
 
 
 
 
 
 
 
 
 
 
 
 
 
 
 
 
 
 
 
 
 
 
 
 
 
 
 
 
 
 
 
 
 
 
 
 
 
 
 
 
 
 
 
 
 
 
 
 
 
 
 
 
 
 
 
 
 
 
 
 
 
 
 
 
 
 
 
 
 
 
 
 
 
 
 
 
 
 
 
 
 
 
 
 
 
 
 
 
 
 
 
 
 
 
 
 
 
 
 
 
 
 
 
 
{
"corpora": {
"FAMILJELIV-ADOPTION": {
"absolute": {
"2003": 0,
"2023": null
},
"relative": {
"2003": 0,
"2023": null
},
"sums": {
"absolute": 0,
"relative": 0.0
}
},
"FAMILJELIV-ALLMANNA-EKONOMI": {
"absolute": {
"2003": 0,
"2023": null,
"2006": 2,
"2007": 2,
"2008": 2,
"2009": 39,
"2010": 4,
"2011": 0
},
"relative": {
"2003": 0,
"2023": null,
"2006": 0.5442354580285615,
"2007": 0.3743226631410463,
"2008": 0.26341396083455865,
"2009": 5.301228729669278,
"2010": 0.742571454402307,
"2011": 0.0
},
"sums": {
"absolute": 49,
"relative": 7.225772266075752
}
},
"FAMILJELIV-ALLMANNA-FAMILJELIV": {
"absolute": {
"2003": 0,
"2023": null,
"2006": 1,
"2007": 6,
"2008": 5,
"2009": 2,
"2010": 0
},
"relative": {
"2003": 0,
"2023": null,
"2006": 0.06687073832784637,
"2007": 0.5798396704655184,
"2008": 0.650637221081583,
"2009": 0.2615644509847182,
"2010": 0.0
},
"sums": {
"absolute": 14,
"relative": 1.558912080859666
}
},
"FAMILJELIV-ALLMANNA-FRITID": {
"absolute": {
"2004": 0,
"2023": null,
"2006": 1,
"2007": 0,
"2010": 9,
"2011": 0
},
"relative": {
"2004": 0,
"2023": null,
"2006": 0.22040165556907598,
"2007": 0.0,
"2010": 3.0095744595473066,
"2011": 0.0
},
"sums": {
"absolute": 10,
"relative": 3.229976115116383
}
},
"FAMILJELIV-ALLMANNA-HUSDJUR": {
"absolute": {
"2003": 0,
"2023": null,
"2006": 3,
"2007": 0
},
"relative": {
"2003": 0,
"2023": null,
"2006": 0.5001979950397032,
"2007": 0.0
},
"sums": {
"absolute": 3,
"relative": 0.5001979950397032
}
},
"FAMILJELIV-ALLMANNA-HUSHEM": {
"absolute": {
"2004": 0,
"2023": null,
"2006": 7,
"2007": 6,
"2008": 2,
"2009": 6,
"2010": 7,
"2011": 0
},
"relative": {
"2004": 0,
"2023": null,
"2006": 0.7193247308261167,
"2007": 0.4767040680733409,
"2008": 0.15756144049286477,
"2009": 0.6487242513235596,
"2010": 1.2777709832812796,
"2011": 0.0
},
"sums": {
"absolute": 28,
"relative": 3.280085473997161
}
},
"FAMILJELIV-ALLMANNA-KROPP": {
"absolute": {
"2003": 0,
"2023": null,
"2006": 6,
"2007": 11,
"2008": 15,
"2009": 0,
"2010": 15,
"2011": 0
},
"relative": {
"2003": 0,
"2023": null,
"2006": 0.3231013942794468,
"2007": 0.6042121496517046,
"2008": 0.9021336000922342,
"2009": 0.0,
"2010": 1.187948970464025,
"2011": 0.0
},
"sums": {
"absolute": 47,
"relative": 3.0173961144874104
}
},
"FAMILJELIV-ALLMANNA-NOJE": {
"absolute": {
"2003": 0,
"2023": null,
"2008": 1,
"2009": 1,
"2010": 0
},
"relative": {
"2003": 0,
"2023": null,
"2008": 0.07784078989719956,
"2009": 0.08017663232808406,
"2010": 0.0
},
"sums": {
"absolute": 2,
"relative": 0.15801742222528362
}
},
"FAMILJELIV-ALLMANNA-SAMHALLE": {
"absolute": {
"2003": 0,
"2022": null,
"2008": 5,
"2009": 0
},
"relative": {
"2003": 0,
"2022": null,
"2008": 0.14192812192193385,
"2009": 0.0
},
"sums": {
"absolute": 5,
"relative": 0.14192812192193385
}
},
"FAMILJELIV-ALLMANNA-SANDLADAN": {
"absolute": {
"2005": 0,
"2022": null
},
"relative": {
"2005": 0,
"2022": null
},
"sums": {
"absolute": 0,
"relative": 0.0
}
},
"FAMILJELIV-ANGLARUM": {
"absolute": {
"2006": 0,
"2022": null,
"2008": 1,
"2009": 0
},
"relative": {
"2006": 0,
"2022": null,
"2008": 0.14441966042605245,
"2009": 0.0
},
"sums": {
"absolute": 1,
"relative": 0.14441966042605245
}
},
"FAMILJELIV-EXPERT": {
"absolute": {
"2009": 0,
"2023": null
},
"relative": {
"2009": 0,
"2023": null
},
"sums": {
"absolute": 0,
"relative": 0.0
}
},
"FAMILJELIV-FORALDER": {
"absolute": {
"2003": 0,
"2022": null,
"2005": 1,
"2006": 86,
"2007": 118,
"2008": 206,
"2009": 76,
"2010": 27,
"2011": 6,
"2012": 0
},
"relative": {
"2003": 0,
"2022": null,
"2005": 0.01630639374677195,
"2006": 0.8634639757005976,
"2007": 1.3763211297776934,
"2008": 2.330063097316906,
"2009": 0.9383525117770648,
"2010": 0.4514615541109195,
"2011": 0.12240177746965171,
"2012": 0.0
},
"sums": {
"absolute": 520,
"relative": 6.098370439899604
}
},
"FAMILJELIV-GRAVID": {
"absolute": {
"2003": 0,
"2022": null,
"2005": 24,
"2006": 22,
"2007": 53,
"2008": 25,
"2009": 15,
"2010": 0
},
"relative": {
"2003": 0,
"2022": null,
"2005": 0.605895117131644,
"2006": 0.4347294703206732,
"2007": 1.0989471712871728,
"2008": 0.5349418220811745,
"2009": 0.29408061596635815,
"2010": 0.0
},
"sums": {
"absolute": 139,
"relative": 2.9685941967870226
}
},
"FAMILJELIV-KANSLIGA": {
"absolute": {
"2003": 0,
"2022": null,
"2006": 3,
"2007": 17,
"2008": 18,
"2009": 0,
"2010": 2,
"2011": 0
},
"relative": {
"2003": 0,
"2022": null,
"2006": 0.05790116275378007,
"2007": 0.2066095865146652,
"2008": 0.2097417125194094,
"2009": 0.0,
"2010": 0.026168424744307667,
"2011": 0.0
},
"sums": {
"absolute": 40,
"relative": 0.5004208865321624
}
},
"FAMILJELIV-MEDLEM-ALLMANNA": {
"absolute": {
"2006": 27,
"2022": null,
"2007": 48,
"2008": 275,
"2009": 58,
"2010": 18,
"2011": 5,
"2012": 0
},
"relative": {
"2006": 1.1513125282631236,
"2022": null,
"2007": 0.6532038184390048,
"2008": 3.82938792887526,
"2009": 0.8891852294559348,
"2010": 0.6258606235511978,
"2011": 0.47410279838228536,
"2012": 0.0
},
"sums": {
"absolute": 431,
"relative": 7.623052926966805
}
},
"FAMILJELIV-MEDLEM-FORALDRAR": {
"absolute": {
"2006": 3,
"2022": null,
"2007": 315,
"2008": 643,
"2009": 94,
"2010": 1,
"2011": 0
},
"relative": {
"2006": 0.14459268193301908,
"2022": null,
"2007": 3.9351567125565903,
"2008": 7.958040556649961,
"2009": 1.5350079715086844,
"2010": 0.033166071308048294,
"2011": 0.0
},
"sums": {
"absolute": 1056,
"relative": 13.605963993956305
}
},
"FAMILJELIV-MEDLEM-PLANERARBARN": {
"absolute": {
"2005": 0,
"2021": null,
"2006": 2,
"2007": 0
},
"relative": {
"2005": 0,
"2021": null,
"2006": 0.11741412301689014,
"2007": 0.0
},
"sums": {
"absolute": 2,
"relative": 0.11741412301689014
}
},
"FAMILJELIV-MEDLEM-VANTARBARN": {
"absolute": {
"2003": 0,
"2022": null,
"2005": 4,
"2006": 38,
"2007": 373,
"2008": 0
},
"relative": {
"2003": 0,
"2022": null,
"2005": 0.19294526509425278,
"2006": 0.8914512848029912,
"2007": 6.601979422108033,
"2008": 0.0
},
"sums": {
"absolute": 415,
"relative": 7.686375972005277
}
},
"FAMILJELIV-PAPPAGRUPP": {
"absolute": {
"2004": 0,
"2023": null
},
"relative": {
"2004": 0,
"2023": null
},
"sums": {
"absolute": 0,
"relative": 0.0
}
},
"FAMILJELIV-PLANERARBARN": {
"absolute": {
"2003": 0,
"2022": null,
"2006": 32,
"2007": 4,
"2008": 0
},
"relative": {
"2003": 0,
"2022": null,
"2006": 1.4174141016048494,
"2007": 0.3242956986553565,
"2008": 0.0
},
"sums": {
"absolute": 36,
"relative": 1.7417098002602058
}
},
"FAMILJELIV-SEXSAMLEVNAD": {
"absolute": {
"2004": 0,
"2022": null
},
"relative": {
"2004": 0,
"2022": null
},
"sums": {
"absolute": 0,
"relative": 0.0
}
},
"FAMILJELIV-SVARTATTFABARN": {
"absolute": {
"2003": 0,
"2022": null
},
"relative": {
"2003": 0,
"2022": null
},
"sums": {
"absolute": 0,
"relative": 0.0
}
}
},
"combined": {
"absolute": {
"2003": 0,
"2023": null,
"2005": 29,
"2006": 233,
"2007": 953,
"2008": 1198,
"2009": 291,
"2010": 83,
"2011": 11,
"2012": 0
},
"relative": {
"2003": 0,
"2023": null,
"2005": 0.12479591027449463,
"2006": 0.4966510277652672,
"2007": 1.500881924045708,
"2008": 1.9237502850859824,
"2009": 0.49051277001451143,
"2010": 0.20138519384464068,
"2011": 0.03049602080019357,
"2012": 0.0
},
"sums": {
"absolute": 2798,
"relative": 0.6265173534328293
}
},
"time": 1047.4245116710663
}
