 
 
 
 
 
 
 
 
 
 
 
 
 
 
 
 
 
 
 
 
 
 
 
 
 
 
 
 
 
 
 
 
 
 
 
 
 
 
 
 
 
 
 
 
 
 
 
 
 
 
 
 
 
 
 
 
 
 
 
 
 
 
 
 
 
 
 
 
 
 
 
 
 
 
 
 
 
 
 
 
 
 
 
 
 
 
 
 
 
 
 
 
 
 
 
 
 
 
 
 
 
 
 
 
 
 
 
 
 
 
 
 
 
 
 
 
 
 
 
 
 
 
 
 
 
 
 
 
 
 
 
 
 
 
 
 
 
 
 
 
 
 
 
 
 
 
 
 
 
 
 
 
 
 
 
 
 
 
 
 
 
 
 
 
 
 
 
 
 
 
 
 
 
 
 
 
 
 
 
 
 
 
 
 
 
 
 
 
 
 
 
 
 
 
 
{
"corpora": {
"FAMILJELIV-ADOPTION": {
"absolute": {
"2003": 0,
"2023": null
},
"relative": {
"2003": 0,
"2023": null
},
"sums": {
"absolute": 0,
"relative": 0.0
}
},
"FAMILJELIV-ALLMANNA-EKONOMI": {
"absolute": {
"2003": 0,
"2023": null,
"2007": 1,
"2008": 0,
"2010": 2,
"2011": 0
},
"relative": {
"2003": 0,
"2023": null,
"2007": 0.18716133157052314,
"2008": 0.0,
"2010": 0.3712857272011535,
"2011": 0.0
},
"sums": {
"absolute": 3,
"relative": 0.5584470587716767
}
},
"FAMILJELIV-ALLMANNA-FAMILJELIV": {
"absolute": {
"2003": 0,
"2023": null,
"2009": 1,
"2010": 2,
"2011": 0
},
"relative": {
"2003": 0,
"2023": null,
"2009": 0.1307822254923591,
"2010": 0.31802953985578,
"2011": 0.0
},
"sums": {
"absolute": 3,
"relative": 0.44881176534813905
}
},
"FAMILJELIV-ALLMANNA-FRITID": {
"absolute": {
"2004": 0,
"2023": null
},
"relative": {
"2004": 0,
"2023": null
},
"sums": {
"absolute": 0,
"relative": 0.0
}
},
"FAMILJELIV-ALLMANNA-HUSDJUR": {
"absolute": {
"2003": 0,
"2023": null
},
"relative": {
"2003": 0,
"2023": null
},
"sums": {
"absolute": 0,
"relative": 0.0
}
},
"FAMILJELIV-ALLMANNA-HUSHEM": {
"absolute": {
"2004": 0,
"2023": null,
"2006": 1,
"2007": 0,
"2009": 4,
"2010": 1,
"2011": 0
},
"relative": {
"2004": 0,
"2023": null,
"2006": 0.10276067583230239,
"2007": 0.0,
"2009": 0.43248283421570644,
"2010": 0.18253871189732562,
"2011": 0.0
},
"sums": {
"absolute": 6,
"relative": 0.7177822219453345
}
},
"FAMILJELIV-ALLMANNA-KROPP": {
"absolute": {
"2003": 0,
"2023": null,
"2006": 1,
"2007": 1,
"2008": 0,
"2009": 5,
"2010": 3,
"2011": 0
},
"relative": {
"2003": 0,
"2023": null,
"2006": 0.053850232379907784,
"2007": 0.05492837724106406,
"2008": 0.0,
"2009": 0.24929746727235313,
"2010": 0.23758979409280495,
"2011": 0.0
},
"sums": {
"absolute": 10,
"relative": 0.59566587098613
}
},
"FAMILJELIV-ALLMANNA-NOJE": {
"absolute": {
"2003": 0,
"2023": null,
"2006": 1,
"2007": 4,
"2008": 0,
"2010": 1,
"2011": 0
},
"relative": {
"2003": 0,
"2023": null,
"2006": 0.07787547602358164,
"2007": 0.3142869175556272,
"2008": 0.0,
"2010": 0.16019774810025494,
"2011": 0.0
},
"sums": {
"absolute": 6,
"relative": 0.5523601416794638
}
},
"FAMILJELIV-ALLMANNA-SAMHALLE": {
"absolute": {
"2003": 0,
"2022": null,
"2006": 4,
"2007": 0,
"2010": 1,
"2011": 0
},
"relative": {
"2003": 0,
"2022": null,
"2006": 0.11881683149729644,
"2007": 0.0,
"2010": 0.033391636243268616,
"2011": 0.0
},
"sums": {
"absolute": 5,
"relative": 0.15220846774056507
}
},
"FAMILJELIV-ALLMANNA-SANDLADAN": {
"absolute": {
"2005": 0,
"2022": null
},
"relative": {
"2005": 0,
"2022": null
},
"sums": {
"absolute": 0,
"relative": 0.0
}
},
"FAMILJELIV-ANGLARUM": {
"absolute": {
"2006": 0,
"2022": null
},
"relative": {
"2006": 0,
"2022": null
},
"sums": {
"absolute": 0,
"relative": 0.0
}
},
"FAMILJELIV-EXPERT": {
"absolute": {
"2009": 0,
"2023": null
},
"relative": {
"2009": 0,
"2023": null
},
"sums": {
"absolute": 0,
"relative": 0.0
}
},
"FAMILJELIV-FORALDER": {
"absolute": {
"2003": 0,
"2022": null,
"2005": 36,
"2006": 193,
"2007": 67,
"2008": 50,
"2009": 53,
"2010": 19,
"2011": 0
},
"relative": {
"2003": 0,
"2022": null,
"2005": 0.5870301748837901,
"2006": 1.9377738059327367,
"2007": 0.781470471992419,
"2008": 0.5655492954652686,
"2009": 0.6543774095287426,
"2010": 0.317695167707684,
"2011": 0.0
},
"sums": {
"absolute": 418,
"relative": 4.843896325510641
}
},
"FAMILJELIV-GRAVID": {
"absolute": {
"2003": 0,
"2022": null,
"2005": 3,
"2006": 43,
"2007": 24,
"2008": 2,
"2009": 1,
"2010": 1,
"2011": 0
},
"relative": {
"2003": 0,
"2022": null,
"2005": 0.0757368896414555,
"2006": 0.849698510172225,
"2007": 0.4976364549224933,
"2008": 0.04279534576649396,
"2009": 0.019605374397757207,
"2010": 0.027135458117492246,
"2011": 0.0
},
"sums": {
"absolute": 74,
"relative": 1.5126080330179172
}
},
"FAMILJELIV-KANSLIGA": {
"absolute": {
"2003": 0,
"2022": null,
"2006": 1,
"2007": 0,
"2008": 1,
"2009": 8,
"2010": 0
},
"relative": {
"2003": 0,
"2022": null,
"2006": 0.019300387584593355,
"2007": 0.0,
"2008": 0.011652317362189411,
"2009": 0.08339017937623687,
"2010": 0.0
},
"sums": {
"absolute": 10,
"relative": 0.11434288432301964
}
},
"FAMILJELIV-MEDLEM-ALLMANNA": {
"absolute": {
"2006": 1,
"2022": null,
"2007": 55,
"2008": 1,
"2009": 1,
"2010": 1,
"2011": 0
},
"relative": {
"2006": 0.04264120475048606,
"2022": null,
"2007": 0.7484627086280263,
"2008": 0.013925047014091854,
"2009": 0.015330779818205775,
"2010": 0.03477003464173321,
"2011": 0.0
},
"sums": {
"absolute": 59,
"relative": 0.8551297748525432
}
},
"FAMILJELIV-MEDLEM-FORALDRAR": {
"absolute": {
"2006": 1,
"2022": null,
"2007": 28,
"2008": 0
},
"relative": {
"2006": 0.04819756064433969,
"2022": null,
"2007": 0.349791707782808,
"2008": 0.0
},
"sums": {
"absolute": 29,
"relative": 0.39798926842714766
}
},
"FAMILJELIV-MEDLEM-PLANERARBARN": {
"absolute": {
"2005": 0,
"2021": null
},
"relative": {
"2005": 0,
"2021": null
},
"sums": {
"absolute": 0,
"relative": 0.0
}
},
"FAMILJELIV-MEDLEM-VANTARBARN": {
"absolute": {
"2003": 0,
"2022": null,
"2006": 6,
"2007": 9,
"2008": 0
},
"relative": {
"2003": 0,
"2022": null,
"2006": 0.14075546602152494,
"2007": 0.15929709061386674,
"2008": 0.0
},
"sums": {
"absolute": 15,
"relative": 0.30005255663539165
}
},
"FAMILJELIV-PAPPAGRUPP": {
"absolute": {
"2004": 0,
"2023": null
},
"relative": {
"2004": 0,
"2023": null
},
"sums": {
"absolute": 0,
"relative": 0.0
}
},
"FAMILJELIV-PLANERARBARN": {
"absolute": {
"2003": 0,
"2022": null,
"2006": 1,
"2007": 0
},
"relative": {
"2003": 0,
"2022": null,
"2006": 0.04429419067515154,
"2007": 0.0
},
"sums": {
"absolute": 1,
"relative": 0.04429419067515154
}
},
"FAMILJELIV-SEXSAMLEVNAD": {
"absolute": {
"2004": 0,
"2022": null
},
"relative": {
"2004": 0,
"2022": null
},
"sums": {
"absolute": 0,
"relative": 0.0
}
},
"FAMILJELIV-SVARTATTFABARN": {
"absolute": {
"2003": 0,
"2022": null
},
"relative": {
"2003": 0,
"2022": null
},
"sums": {
"absolute": 0,
"relative": 0.0
}
}
},
"combined": {
"absolute": {
"2003": 0,
"2023": null,
"2005": 39,
"2006": 253,
"2007": 189,
"2008": 54,
"2009": 73,
"2010": 31,
"2011": 0
},
"relative": {
"2003": 0,
"2023": null,
"2005": 0.16782898278294106,
"2006": 0.5392820172730154,
"2007": 0.29765654107517187,
"2008": 0.08671328497048668,
"2009": 0.123049595227008,
"2010": 0.07521615673715495,
"2011": 0.0
},
"sums": {
"absolute": 639,
"relative": 0.14308241202415223
}
},
"time": 979.433269739151
}
