 
 
 
 
 
 
 
 
 
 
 
 
 
 
 
 
 
 
 
 
 
 
 
 
 
 
 
 
 
 
 
 
 
 
 
 
 
 
 
 
 
 
 
 
 
 
 
 
 
 
 
 
 
 
 
 
 
 
 
 
 
 
 
 
 
 
 
 
 
 
 
 
 
 
 
 
 
 
 
 
 
 
 
 
 
 
 
 
 
 
 
 
 
 
 
 
 
 
 
 
 
 
 
 
 
 
 
 
 
 
 
 
 
 
 
 
 
 
 
 
 
 
 
 
 
 
 
 
 
 
 
 
 
 
 
 
 
 
 
 
 
 
 
 
 
 
 
 
 
 
 
 
 
 
 
 
 
 
 
 
 
 
 
 
 
 
 
 
 
 
 
 
 
 
 
 
 
 
 
 
 
 
 
 
 
 
 
 
 
 
 
 
 
 
 
 
 
 
 
 
 
 
 
 
 
 
 
 
 
 
 
 
 
 
 
 
 
 
 
{
"corpora": {
"FAMILJELIV-ADOPTION": {
"absolute": {
"2003": 0,
"2023": null
},
"relative": {
"2003": 0,
"2023": null
},
"sums": {
"absolute": 0,
"relative": 0.0
}
},
"FAMILJELIV-ALLMANNA-EKONOMI": {
"absolute": {
"2003": 0,
"2023": null,
"2009": 1,
"2010": 0,
"2011": 1,
"2012": 0
},
"relative": {
"2003": 0,
"2023": null,
"2009": 0.13592894178639173,
"2010": 0.0,
"2011": 0.24423925090844792,
"2012": 0.0
},
"sums": {
"absolute": 2,
"relative": 0.38016819269483965
}
},
"FAMILJELIV-ALLMANNA-FAMILJELIV": {
"absolute": {
"2003": 0,
"2023": null,
"2008": 2,
"2009": 0,
"2011": 1,
"2012": 0
},
"relative": {
"2003": 0,
"2023": null,
"2008": 0.26025488843263317,
"2009": 0.0,
"2011": 0.5457058678114848,
"2012": 0.0
},
"sums": {
"absolute": 3,
"relative": 0.805960756244118
}
},
"FAMILJELIV-ALLMANNA-FRITID": {
"absolute": {
"2004": 0,
"2023": null,
"2008": 1,
"2009": 0,
"2011": 1,
"2012": 0
},
"relative": {
"2004": 0,
"2023": null,
"2008": 0.18578116427940966,
"2009": 0.0,
"2011": 0.3917365524676269,
"2012": 0.0
},
"sums": {
"absolute": 2,
"relative": 0.5775177167470366
}
},
"FAMILJELIV-ALLMANNA-HUSDJUR": {
"absolute": {
"2003": 0,
"2023": null,
"2008": 1,
"2009": 0
},
"relative": {
"2003": 0,
"2023": null,
"2008": 0.13288369036080314,
"2009": 0.0
},
"sums": {
"absolute": 1,
"relative": 0.13288369036080314
}
},
"FAMILJELIV-ALLMANNA-HUSHEM": {
"absolute": {
"2004": 0,
"2023": null,
"2008": 1,
"2009": 2,
"2010": 0
},
"relative": {
"2004": 0,
"2023": null,
"2008": 0.07878072024643239,
"2009": 0.21624141710785322,
"2010": 0.0
},
"sums": {
"absolute": 3,
"relative": 0.2950221373542856
}
},
"FAMILJELIV-ALLMANNA-KROPP": {
"absolute": {
"2003": 0,
"2023": null,
"2007": 5,
"2008": 0,
"2009": 1,
"2010": 0
},
"relative": {
"2003": 0,
"2023": null,
"2007": 0.2746418862053203,
"2008": 0.0,
"2009": 0.04985949345447063,
"2010": 0.0
},
"sums": {
"absolute": 6,
"relative": 0.324501379659791
}
},
"FAMILJELIV-ALLMANNA-NOJE": {
"absolute": {
"2003": 0,
"2023": null,
"2008": 1,
"2009": 1,
"2010": 0
},
"relative": {
"2003": 0,
"2023": null,
"2008": 0.07784078989719956,
"2009": 0.08017663232808406,
"2010": 0.0
},
"sums": {
"absolute": 2,
"relative": 0.15801742222528362
}
},
"FAMILJELIV-ALLMANNA-SAMHALLE": {
"absolute": {
"2003": 0,
"2022": null,
"2007": 3,
"2008": 0
},
"relative": {
"2003": 0,
"2022": null,
"2007": 0.07918854756219904,
"2008": 0.0
},
"sums": {
"absolute": 3,
"relative": 0.07918854756219904
}
},
"FAMILJELIV-ALLMANNA-SANDLADAN": {
"absolute": {
"2005": 0,
"2022": null,
"2009": 2,
"2010": 0
},
"relative": {
"2005": 0,
"2022": null,
"2009": 0.39466764544242733,
"2010": 0.0
},
"sums": {
"absolute": 2,
"relative": 0.39466764544242733
}
},
"FAMILJELIV-ANGLARUM": {
"absolute": {
"2006": 0,
"2022": null
},
"relative": {
"2006": 0,
"2022": null
},
"sums": {
"absolute": 0,
"relative": 0.0
}
},
"FAMILJELIV-EXPERT": {
"absolute": {
"2009": 0,
"2023": null
},
"relative": {
"2009": 0,
"2023": null
},
"sums": {
"absolute": 0,
"relative": 0.0
}
},
"FAMILJELIV-FORALDER": {
"absolute": {
"2003": 0,
"2022": null,
"2007": 2,
"2008": 3,
"2009": 6,
"2010": 4,
"2011": 3,
"2012": 2,
"2013": 0
},
"relative": {
"2003": 0,
"2022": null,
"2007": 0.023327476775893106,
"2008": 0.033932957727916116,
"2009": 0.07408046145608406,
"2010": 0.06688319320161769,
"2011": 0.061200888734825855,
"2012": 0.07092613574907751,
"2013": 0.0
},
"sums": {
"absolute": 20,
"relative": 0.33035111364541436
}
},
"FAMILJELIV-GRAVID": {
"absolute": {
"2003": 0,
"2022": null,
"2007": 1,
"2008": 0,
"2012": 1,
"2013": 0
},
"relative": {
"2003": 0,
"2022": null,
"2007": 0.020734852288437224,
"2008": 0.0,
"2012": 0.024236870033153373,
"2013": 0.0
},
"sums": {
"absolute": 2,
"relative": 0.04497172232159059
}
},
"FAMILJELIV-KANSLIGA": {
"absolute": {
"2003": 0,
"2022": null,
"2007": 1,
"2008": 4,
"2009": 2,
"2010": 2,
"2011": 5,
"2012": 3,
"2013": 0
},
"relative": {
"2003": 0,
"2022": null,
"2007": 0.012153505089097953,
"2008": 0.046609269448757644,
"2009": 0.020847544844059217,
"2010": 0.026168424744307667,
"2011": 0.052334173753873864,
"2012": 0.029495287552655357,
"2013": 0.0
},
"sums": {
"absolute": 17,
"relative": 0.1876082054327517
}
},
"FAMILJELIV-MEDLEM-ALLMANNA": {
"absolute": {
"2006": 0,
"2022": null,
"2007": 9,
"2008": 14,
"2009": 6,
"2010": 3,
"2011": 0
},
"relative": {
"2006": 0,
"2022": null,
"2007": 0.1224757159573134,
"2008": 0.19495065819728596,
"2009": 0.09198467890923463,
"2010": 0.10431010392519964,
"2011": 0.0
},
"sums": {
"absolute": 32,
"relative": 0.5137211569890336
}
},
"FAMILJELIV-MEDLEM-FORALDRAR": {
"absolute": {
"2006": 0,
"2022": null
},
"relative": {
"2006": 0,
"2022": null
},
"sums": {
"absolute": 0,
"relative": 0.0
}
},
"FAMILJELIV-MEDLEM-PLANERARBARN": {
"absolute": {
"2005": 0,
"2021": null,
"2007": 1,
"2008": 2,
"2009": 0
},
"relative": {
"2005": 0,
"2021": null,
"2007": 0.02629663099397189,
"2008": 0.08092583034352853,
"2009": 0.0
},
"sums": {
"absolute": 3,
"relative": 0.10722246133750042
}
},
"FAMILJELIV-MEDLEM-VANTARBARN": {
"absolute": {
"2003": 0,
"2022": null,
"2007": 1,
"2008": 14,
"2009": 0
},
"relative": {
"2003": 0,
"2022": null,
"2007": 0.017699676734874083,
"2008": 0.266775017975396,
"2009": 0.0
},
"sums": {
"absolute": 15,
"relative": 0.2844746947102701
}
},
"FAMILJELIV-PAPPAGRUPP": {
"absolute": {
"2004": 0,
"2023": null
},
"relative": {
"2004": 0,
"2023": null
},
"sums": {
"absolute": 0,
"relative": 0.0
}
},
"FAMILJELIV-PLANERARBARN": {
"absolute": {
"2003": 0,
"2022": null
},
"relative": {
"2003": 0,
"2022": null
},
"sums": {
"absolute": 0,
"relative": 0.0
}
},
"FAMILJELIV-SEXSAMLEVNAD": {
"absolute": {
"2004": 0,
"2022": null,
"2007": 1,
"2008": 0
},
"relative": {
"2004": 0,
"2022": null,
"2007": 0.07860343701388688,
"2008": 0.0
},
"sums": {
"absolute": 1,
"relative": 0.07860343701388688
}
},
"FAMILJELIV-SVARTATTFABARN": {
"absolute": {
"2003": 0,
"2022": null
},
"relative": {
"2003": 0,
"2022": null
},
"sums": {
"absolute": 0,
"relative": 0.0
}
}
},
"combined": {
"absolute": {
"2003": 0,
"2023": null,
"2007": 24,
"2008": 43,
"2009": 21,
"2010": 9,
"2011": 11,
"2012": 6,
"2013": 0
},
"relative": {
"2003": 0,
"2023": null,
"2007": 0.037797656009545634,
"2008": 0.06904946766168385,
"2009": 0.03539782876393381,
"2010": 0.02183694873014176,
"2011": 0.03049602080019357,
"2012": 0.02065831913799803,
"2013": 0.0
},
"sums": {
"absolute": 114,
"relative": 0.02552643970383936
}
},
"time": 1096.4928696155548
}
