 
 
 
 
 
 
 
 
 
 
 
 
 
 
 
 
 
 
 
 
 
 
 
 
 
 
 
 
 
 
 
 
 
 
 
 
 
 
 
 
 
 
 
 
 
 
 
 
 
 
 
 
 
 
 
 
 
 
 
 
 
 
 
 
 
 
 
 
 
 
 
 
 
 
 
 
 
 
 
 
 
 
 
 
 
 
 
 
 
 
 
 
 
 
 
 
 
 
 
 
 
 
 
 
 
 
 
 
 
 
 
 
 
 
 
 
 
 
 
 
 
 
 
 
 
 
 
 
 
 
 
 
 
 
 
 
 
 
 
 
 
 
 
 
 
 
 
 
 
 
 
 
 
 
 
 
 
 
 
 
 
 
 
 
 
 
 
 
 
 
 
 
 
 
 
 
 
 
 
 
 
 
 
 
 
 
 
 
 
 
 
 
 
 
 
 
 
 
 
 
 
 
 
 
 
 
 
 
 
 
 
 
 
 
 
 
 
 
 
 
 
 
 
 
 
 
{
"corpora": {
"FAMILJELIV-ADOPTION": {
"absolute": {
"2003": 0,
"2023": null
},
"relative": {
"2003": 0,
"2023": null
},
"sums": {
"absolute": 0,
"relative": 0.0
}
},
"FAMILJELIV-ALLMANNA-EKONOMI": {
"absolute": {
"2003": 0,
"2023": null,
"2009": 31,
"2010": 16,
"2011": 1,
"2012": 1,
"2013": 4,
"2014": 0
},
"relative": {
"2003": 0,
"2023": null,
"2009": 4.2137971953781435,
"2010": 2.970285817609228,
"2011": 0.24423925090844792,
"2012": 0.3444981746764215,
"2013": 1.4826906981175019,
"2014": 0.0
},
"sums": {
"absolute": 53,
"relative": 9.255511136689742
}
},
"FAMILJELIV-ALLMANNA-FAMILJELIV": {
"absolute": {
"2003": 0,
"2023": null,
"2009": 38,
"2010": 14,
"2011": 0
},
"relative": {
"2003": 0,
"2023": null,
"2009": 4.969724568709646,
"2010": 2.2262067789904596,
"2011": 0.0
},
"sums": {
"absolute": 52,
"relative": 7.195931347700105
}
},
"FAMILJELIV-ALLMANNA-FRITID": {
"absolute": {
"2004": 0,
"2023": null,
"2010": 2,
"2011": 0
},
"relative": {
"2004": 0,
"2023": null,
"2010": 0.6687943243438458,
"2011": 0.0
},
"sums": {
"absolute": 2,
"relative": 0.6687943243438458
}
},
"FAMILJELIV-ALLMANNA-HUSDJUR": {
"absolute": {
"2003": 0,
"2023": null,
"2009": 1,
"2010": 1,
"2011": 0
},
"relative": {
"2003": 0,
"2023": null,
"2009": 0.15640745832093153,
"2010": 0.2413696472358469,
"2011": 0.0
},
"sums": {
"absolute": 2,
"relative": 0.3977771055567784
}
},
"FAMILJELIV-ALLMANNA-HUSHEM": {
"absolute": {
"2004": 0,
"2023": null,
"2009": 110,
"2010": 13,
"2011": 2,
"2012": 2,
"2013": 0
},
"relative": {
"2004": 0,
"2023": null,
"2009": 11.893277940931927,
"2010": 2.373003254665233,
"2011": 0.4370742077702179,
"2012": 0.560511724784259,
"2013": 0.0
},
"sums": {
"absolute": 127,
"relative": 15.263867128151638
}
},
"FAMILJELIV-ALLMANNA-KROPP": {
"absolute": {
"2003": 0,
"2023": null,
"2009": 90,
"2010": 45,
"2011": 5,
"2012": 8,
"2013": 0,
"2014": 4,
"2015": 0
},
"relative": {
"2003": 0,
"2023": null,
"2009": 4.487354410902357,
"2010": 3.563846911392074,
"2011": 0.391467726030529,
"2012": 0.8508371812444855,
"2013": 0.0,
"2014": 1.0026773993255491,
"2015": 0.0
},
"sums": {
"absolute": 152,
"relative": 10.296183628894994
}
},
"FAMILJELIV-ALLMANNA-NOJE": {
"absolute": {
"2003": 0,
"2023": null,
"2009": 55,
"2010": 16,
"2011": 5,
"2012": 2,
"2013": 1,
"2014": 0
},
"relative": {
"2003": 0,
"2023": null,
"2009": 4.4097147780446235,
"2010": 2.563163969604079,
"2011": 0.7517275450713284,
"2012": 0.45528259846169117,
"2013": 0.39935639723022376,
"2014": 0.0
},
"sums": {
"absolute": 79,
"relative": 8.579245288411945
}
},
"FAMILJELIV-ALLMANNA-SAMHALLE": {
"absolute": {
"2003": 0,
"2022": null,
"2009": 229,
"2010": 103,
"2011": 12,
"2012": 13,
"2013": 19,
"2014": 4,
"2015": 0
},
"relative": {
"2003": 0,
"2022": null,
"2009": 5.657197637732135,
"2010": 3.439338533056668,
"2011": 0.38286099772044563,
"2012": 0.5621012486171229,
"2013": 1.2222898841873902,
"2014": 0.29897390660384027,
"2015": 0.0
},
"sums": {
"absolute": 380,
"relative": 11.562762207917602
}
},
"FAMILJELIV-ALLMANNA-SANDLADAN": {
"absolute": {
"2005": 0,
"2022": null,
"2009": 11,
"2010": 1,
"2011": 0,
"2012": 2,
"2013": 0
},
"relative": {
"2005": 0,
"2022": null,
"2009": 2.1706720499333505,
"2010": 0.19222193175352537,
"2011": 0.0,
"2012": 0.47052656863559295,
"2013": 0.0
},
"sums": {
"absolute": 14,
"relative": 2.8334205503224688
}
},
"FAMILJELIV-ANGLARUM": {
"absolute": {
"2006": 0,
"2022": null
},
"relative": {
"2006": 0,
"2022": null
},
"sums": {
"absolute": 0,
"relative": 0.0
}
},
"FAMILJELIV-EXPERT": {
"absolute": {
"2009": 0,
"2023": null
},
"relative": {
"2009": 0,
"2023": null
},
"sums": {
"absolute": 0,
"relative": 0.0
}
},
"FAMILJELIV-FORALDER": {
"absolute": {
"2003": 0,
"2022": null,
"2009": 4,
"2010": 0,
"2011": 27,
"2012": 15,
"2013": 12,
"2014": 5,
"2015": 0
},
"relative": {
"2003": 0,
"2022": null,
"2009": 0.049386974304056044,
"2010": 0.0,
"2011": 0.5508079986134327,
"2012": 0.5319460181180814,
"2013": 0.7137414864023325,
"2014": 0.5248950367395032,
"2015": 0.0
},
"sums": {
"absolute": 63,
"relative": 2.370777514177406
}
},
"FAMILJELIV-GRAVID": {
"absolute": {
"2003": 0,
"2022": null,
"2010": 22,
"2011": 42,
"2012": 4,
"2013": 17,
"2014": 0
},
"relative": {
"2003": 0,
"2022": null,
"2010": 0.5969800785848295,
"2011": 0.9122165341418758,
"2012": 0.09694748013261349,
"2013": 0.6195806058878744,
"2014": 0.0
},
"sums": {
"absolute": 85,
"relative": 2.225724698747193
}
},
"FAMILJELIV-KANSLIGA": {
"absolute": {
"2003": 0,
"2022": null,
"2009": 79,
"2010": 21,
"2011": 14,
"2012": 34,
"2013": 61,
"2014": 7,
"2015": 0
},
"relative": {
"2003": 0,
"2022": null,
"2009": 0.8234780213403391,
"2010": 0.2747684598152305,
"2011": 0.14653568651084684,
"2012": 0.3342799255967607,
"2013": 0.7005824205816323,
"2014": 0.12165542515503638,
"2015": 0.0
},
"sums": {
"absolute": 216,
"relative": 2.401299938999846
}
},
"FAMILJELIV-MEDLEM-ALLMANNA": {
"absolute": {
"2006": 0,
"2022": null,
"2009": 1,
"2010": 0
},
"relative": {
"2006": 0,
"2022": null,
"2009": 0.015330779818205775,
"2010": 0.0
},
"sums": {
"absolute": 1,
"relative": 0.015330779818205775
}
},
"FAMILJELIV-MEDLEM-FORALDRAR": {
"absolute": {
"2006": 0,
"2022": null
},
"relative": {
"2006": 0,
"2022": null
},
"sums": {
"absolute": 0,
"relative": 0.0
}
},
"FAMILJELIV-MEDLEM-PLANERARBARN": {
"absolute": {
"2005": 0,
"2021": null,
"2009": 20,
"2010": 2,
"2011": 0
},
"relative": {
"2005": 0,
"2021": null,
"2009": 0.8592109779668233,
"2010": 0.10055607003951501,
"2011": 0.0
},
"sums": {
"absolute": 22,
"relative": 0.9597670480063384
}
},
"FAMILJELIV-MEDLEM-VANTARBARN": {
"absolute": {
"2003": 0,
"2023": null
},
"relative": {
"2003": 0,
"2023": null
},
"sums": {
"absolute": 0,
"relative": 0.0
}
},
"FAMILJELIV-PAPPAGRUPP": {
"absolute": {
"2004": 0,
"2023": null
},
"relative": {
"2004": 0,
"2023": null
},
"sums": {
"absolute": 0,
"relative": 0.0
}
},
"FAMILJELIV-PLANERARBARN": {
"absolute": {
"2003": 0,
"2022": null,
"2009": 28,
"2010": 10,
"2011": 1,
"2012": 3,
"2013": 2,
"2014": 1,
"2015": 0
},
"relative": {
"2003": 0,
"2022": null,
"2009": 1.7768030743769767,
"2010": 0.8183166767701499,
"2011": 0.05844249124443817,
"2012": 0.17166767998283325,
"2013": 0.16971799827125245,
"2014": 0.11754142365467082,
"2015": 0.0
},
"sums": {
"absolute": 45,
"relative": 3.112489344300322
}
},
"FAMILJELIV-SEXSAMLEVNAD": {
"absolute": {
"2004": 0,
"2022": null,
"2009": 2,
"2010": 0,
"2012": 1,
"2013": 5,
"2014": 0
},
"relative": {
"2004": 0,
"2022": null,
"2009": 0.13763671971506997,
"2010": 0.0,
"2012": 0.06738417788506537,
"2013": 0.33974114578516795,
"2014": 0.0
},
"sums": {
"absolute": 8,
"relative": 0.5447620433853033
}
},
"FAMILJELIV-SVARTATTFABARN": {
"absolute": {
"2003": 0,
"2022": null,
"2013": 1,
"2014": 0
},
"relative": {
"2003": 0,
"2022": null,
"2013": 0.11536632094841268,
"2014": 0.0
},
"sums": {
"absolute": 1,
"relative": 0.11536632094841268
}
}
},
"combined": {
"absolute": {
"2003": 0,
"2023": null,
"2009": 699,
"2010": 266,
"2011": 109,
"2012": 85,
"2013": 122,
"2014": 21,
"2015": 0
},
"relative": {
"2003": 0,
"2023": null,
"2009": 1.1782418815050972,
"2010": 0.6454859730547317,
"2011": 0.30218794887212785,
"2012": 0.2926601750829512,
"2013": 0.5872234577018708,
"2014": 0.15159308085866652,
"2015": 0.0
},
"sums": {
"absolute": 1302,
"relative": 0.2915412544880053
}
},
"time": 1133.1704578399658
}
