 
 
 
 
 
 
 
 
 
 
 
 
 
 
 
 
 
 
 
 
 
 
 
 
 
 
 
 
 
 
 
 
 
 
 
 
 
 
 
 
 
 
 
 
 
 
 
 
 
 
 
 
 
 
 
 
 
 
 
 
 
 
 
 
 
 
 
 
 
 
 
 
 
 
 
 
 
 
 
 
 
 
 
 
 
 
 
 
 
 
 
 
 
 
 
 
 
 
 
 
 
 
 
 
 
 
 
 
 
 
 
 
 
 
 
 
 
 
 
 
 
 
 
 
 
 
 
 
 
 
 
 
 
 
 
 
 
 
 
 
 
 
 
 
 
 
 
 
 
 
 
 
 
 
 
 
 
 
 
 
 
 
 
 
 
 
 
 
 
 
 
 
 
 
 
 
 
 
 
 
 
 
 
 
 
 
 
 
 
 
 
 
 
 
{
"corpora": {
"FAMILJELIV-ADOPTION": {
"absolute": {
"2003": 0,
"2023": null
},
"relative": {
"2003": 0,
"2023": null
},
"sums": {
"absolute": 0,
"relative": 0.0
}
},
"FAMILJELIV-ALLMANNA-EKONOMI": {
"absolute": {
"2003": 0,
"2023": null,
"2015": 1,
"2016": 0
},
"relative": {
"2003": 0,
"2023": null,
"2015": 0.8508067775267898,
"2016": 0.0
},
"sums": {
"absolute": 1,
"relative": 0.8508067775267898
}
},
"FAMILJELIV-ALLMANNA-FAMILJELIV": {
"absolute": {
"2003": 0,
"2023": null
},
"relative": {
"2003": 0,
"2023": null
},
"sums": {
"absolute": 0,
"relative": 0.0
}
},
"FAMILJELIV-ALLMANNA-FRITID": {
"absolute": {
"2004": 0,
"2023": null
},
"relative": {
"2004": 0,
"2023": null
},
"sums": {
"absolute": 0,
"relative": 0.0
}
},
"FAMILJELIV-ALLMANNA-HUSDJUR": {
"absolute": {
"2003": 0,
"2023": null
},
"relative": {
"2003": 0,
"2023": null
},
"sums": {
"absolute": 0,
"relative": 0.0
}
},
"FAMILJELIV-ALLMANNA-HUSHEM": {
"absolute": {
"2004": 0,
"2023": null
},
"relative": {
"2004": 0,
"2023": null
},
"sums": {
"absolute": 0,
"relative": 0.0
}
},
"FAMILJELIV-ALLMANNA-KROPP": {
"absolute": {
"2003": 0,
"2023": null,
"2014": 1,
"2015": 0,
"2018": 1,
"2019": 0,
"2022": 1
},
"relative": {
"2003": 0,
"2023": null,
"2014": 0.2506693498313873,
"2015": 0.0,
"2018": 0.7018479656936715,
"2019": 0.0,
"2022": 1.806851218450119
},
"sums": {
"absolute": 3,
"relative": 2.759368533975178
}
},
"FAMILJELIV-ALLMANNA-NOJE": {
"absolute": {
"2003": 0,
"2023": null,
"2021": 1,
"2022": 0
},
"relative": {
"2003": 0,
"2023": null,
"2021": 4.738303497815642,
"2022": 0.0
},
"sums": {
"absolute": 1,
"relative": 4.738303497815642
}
},
"FAMILJELIV-ALLMANNA-SAMHALLE": {
"absolute": {
"2003": 0,
"2022": null,
"2015": 1,
"2016": 1,
"2017": 3,
"2018": 1,
"2019": 0,
"2020": 3,
"2021": 1
},
"relative": {
"2003": 0,
"2022": null,
"2015": 0.10910797357797669,
"2016": 0.2646578780842898,
"2017": 0.7846838090435332,
"2018": 0.3473466881187981,
"2019": 0.0,
"2020": 1.6453303878263101,
"2021": 0.5290537820203188
},
"sums": {
"absolute": 10,
"relative": 3.680180518671227
}
},
"FAMILJELIV-ALLMANNA-SANDLADAN": {
"absolute": {
"2005": 0,
"2022": null,
"2015": 1,
"2016": 0
},
"relative": {
"2005": 0,
"2022": null,
"2015": 3.1256055860823038,
"2016": 0.0
},
"sums": {
"absolute": 1,
"relative": 3.1256055860823038
}
},
"FAMILJELIV-ANGLARUM": {
"absolute": {
"2006": 0,
"2022": null
},
"relative": {
"2006": 0,
"2022": null
},
"sums": {
"absolute": 0,
"relative": 0.0
}
},
"FAMILJELIV-EXPERT": {
"absolute": {
"2009": 0,
"2023": null
},
"relative": {
"2009": 0,
"2023": null
},
"sums": {
"absolute": 0,
"relative": 0.0
}
},
"FAMILJELIV-FORALDER": {
"absolute": {
"2003": 0,
"2022": null,
"2016": 2,
"2017": 0
},
"relative": {
"2003": 0,
"2022": null,
"2016": 0.5165632119693895,
"2017": 0.0
},
"sums": {
"absolute": 2,
"relative": 0.5165632119693895
}
},
"FAMILJELIV-GRAVID": {
"absolute": {
"2003": 0,
"2022": null
},
"relative": {
"2003": 0,
"2022": null
},
"sums": {
"absolute": 0,
"relative": 0.0
}
},
"FAMILJELIV-KANSLIGA": {
"absolute": {
"2003": 0,
"2022": null,
"2014": 8,
"2015": 3,
"2016": 5,
"2017": 9,
"2018": 10,
"2019": 11,
"2020": 10,
"2021": 12
},
"relative": {
"2003": 0,
"2022": null,
"2014": 0.13903477160575584,
"2015": 0.08368140380798923,
"2016": 0.1669139608272296,
"2017": 0.290147191347785,
"2018": 0.33336431399024685,
"2019": 0.4331035023662807,
"2020": 0.4052635631583,
"2021": 0.48795523173400585
},
"sums": {
"absolute": 68,
"relative": 2.339463938837593
}
},
"FAMILJELIV-MEDLEM-ALLMANNA": {
"absolute": {
"2006": 0,
"2022": null
},
"relative": {
"2006": 0,
"2022": null
},
"sums": {
"absolute": 0,
"relative": 0.0
}
},
"FAMILJELIV-MEDLEM-FORALDRAR": {
"absolute": {
"2006": 0,
"2022": null
},
"relative": {
"2006": 0,
"2022": null
},
"sums": {
"absolute": 0,
"relative": 0.0
}
},
"FAMILJELIV-MEDLEM-PLANERARBARN": {
"absolute": {
"2005": 0,
"2021": null
},
"relative": {
"2005": 0,
"2021": null
},
"sums": {
"absolute": 0,
"relative": 0.0
}
},
"FAMILJELIV-MEDLEM-VANTARBARN": {
"absolute": {
"2003": 0,
"2022": null
},
"relative": {
"2003": 0,
"2022": null
},
"sums": {
"absolute": 0,
"relative": 0.0
}
},
"FAMILJELIV-PAPPAGRUPP": {
"absolute": {
"2004": 0,
"2023": null
},
"relative": {
"2004": 0,
"2023": null
},
"sums": {
"absolute": 0,
"relative": 0.0
}
},
"FAMILJELIV-PLANERARBARN": {
"absolute": {
"2003": 0,
"2022": null,
"2020": 1,
"2021": 0
},
"relative": {
"2003": 0,
"2022": null,
"2020": 0.39738773200489264,
"2021": 0.0
},
"sums": {
"absolute": 1,
"relative": 0.39738773200489264
}
},
"FAMILJELIV-SEXSAMLEVNAD": {
"absolute": {
"2004": 0,
"2022": null,
"2014": 3,
"2015": 0,
"2016": 6,
"2017": 0,
"2018": 4,
"2019": 0,
"2020": 7,
"2021": 1
},
"relative": {
"2004": 0,
"2022": null,
"2014": 0.26925761904821743,
"2015": 0.0,
"2016": 0.9861777328957334,
"2017": 0.0,
"2018": 0.5686471557193322,
"2019": 0.0,
"2020": 1.3549096894624415,
"2021": 0.20848878778572605
},
"sums": {
"absolute": 21,
"relative": 3.3874809849114507
}
},
"FAMILJELIV-SVARTATTFABARN": {
"absolute": {
"2003": 0,
"2022": null
},
"relative": {
"2003": 0,
"2022": null
},
"sums": {
"absolute": 0,
"relative": 0.0
}
}
},
"combined": {
"absolute": {
"2003": 0,
"2023": null,
"2014": 12,
"2015": 6,
"2016": 14,
"2017": 12,
"2018": 16,
"2019": 11,
"2020": 21,
"2021": 15,
"2022": 1
},
"relative": {
"2003": 0,
"2023": null,
"2014": 0.08663089253585053,
"2015": 0.06757984761735533,
"2016": 0.21896537982172715,
"2017": 0.19499677597205525,
"2018": 0.2830695066558487,
"2019": 0.24042714724119138,
"2020": 0.5037214702353622,
"2021": 0.3685919460841394,
"2022": 0.5918515068243438
},
"sums": {
"absolute": 108,
"relative": 0.024182942877321503
}
},
"time": 973.758154630661
}
