 
 
 
 
 
 
 
 
 
 
 
 
 
 
 
 
 
 
 
 
 
 
 
 
 
 
 
 
 
 
 
 
 
 
 
 
 
 
 
 
 
 
 
 
 
 
 
 
 
 
 
 
 
 
 
 
 
 
 
 
 
 
 
 
 
 
 
 
 
 
 
 
 
 
 
 
 
 
 
 
 
 
 
 
 
 
 
 
 
 
 
 
 
 
 
 
 
 
 
 
 
 
 
 
 
 
 
 
 
 
 
 
 
 
 
 
 
 
 
 
 
 
 
 
 
 
 
 
 
 
 
 
 
 
 
 
 
 
 
 
 
 
 
 
 
 
 
 
 
 
 
 
 
 
 
 
 
 
 
 
 
 
 
 
 
 
 
 
 
 
 
 
 
 
 
 
 
 
 
 
 
 
 
 
 
 
 
 
 
 
 
 
 
 
 
 
 
 
 
 
 
 
 
 
 
 
 
 
{
"corpora": {
"FAMILJELIV-ADOPTION": {
"absolute": {
"2003": 0,
"2023": null
},
"relative": {
"2003": 0,
"2023": null
},
"sums": {
"absolute": 0,
"relative": 0.0
}
},
"FAMILJELIV-ALLMANNA-EKONOMI": {
"absolute": {
"2003": 0,
"2023": null,
"2006": 1,
"2007": 0,
"2008": 1,
"2009": 0,
"2010": 2,
"2011": 0,
"2012": 1,
"2013": 0
},
"relative": {
"2003": 0,
"2023": null,
"2006": 0.2721177290142808,
"2007": 0.0,
"2008": 0.13170698041727932,
"2009": 0.0,
"2010": 0.3712857272011535,
"2011": 0.0,
"2012": 0.3444981746764215,
"2013": 0.0
},
"sums": {
"absolute": 5,
"relative": 1.1196086113091352
}
},
"FAMILJELIV-ALLMANNA-FAMILJELIV": {
"absolute": {
"2003": 0,
"2023": null,
"2009": 1,
"2010": 2,
"2011": 0
},
"relative": {
"2003": 0,
"2023": null,
"2009": 0.1307822254923591,
"2010": 0.31802953985578,
"2011": 0.0
},
"sums": {
"absolute": 3,
"relative": 0.44881176534813905
}
},
"FAMILJELIV-ALLMANNA-FRITID": {
"absolute": {
"2004": 0,
"2023": null,
"2007": 1,
"2008": 0,
"2009": 1,
"2010": 0,
"2011": 1,
"2012": 0
},
"relative": {
"2004": 0,
"2023": null,
"2007": 0.18950534556678775,
"2008": 0.0,
"2009": 0.23273149743867352,
"2010": 0.0,
"2011": 0.3917365524676269,
"2012": 0.0
},
"sums": {
"absolute": 3,
"relative": 0.8139733954730881
}
},
"FAMILJELIV-ALLMANNA-HUSDJUR": {
"absolute": {
"2003": 0,
"2023": null,
"2006": 1,
"2007": 0,
"2008": 1,
"2009": 0
},
"relative": {
"2003": 0,
"2023": null,
"2006": 0.16673266501323442,
"2007": 0.0,
"2008": 0.13288369036080314,
"2009": 0.0
},
"sums": {
"absolute": 2,
"relative": 0.2996163553740375
}
},
"FAMILJELIV-ALLMANNA-HUSHEM": {
"absolute": {
"2004": 0,
"2023": null,
"2007": 1,
"2008": 0
},
"relative": {
"2004": 0,
"2023": null,
"2007": 0.0794506780122235,
"2008": 0.0
},
"sums": {
"absolute": 1,
"relative": 0.0794506780122235
}
},
"FAMILJELIV-ALLMANNA-KROPP": {
"absolute": {
"2003": 0,
"2023": null,
"2008": 1,
"2009": 5,
"2010": 1,
"2011": 0
},
"relative": {
"2003": 0,
"2023": null,
"2008": 0.060142240006148935,
"2009": 0.24929746727235313,
"2010": 0.07919659803093498,
"2011": 0.0
},
"sums": {
"absolute": 7,
"relative": 0.38863630530943705
}
},
"FAMILJELIV-ALLMANNA-NOJE": {
"absolute": {
"2003": 0,
"2023": null,
"2007": 1,
"2008": 0,
"2010": 3,
"2011": 0
},
"relative": {
"2003": 0,
"2023": null,
"2007": 0.0785717293889068,
"2008": 0.0,
"2010": 0.48059324430076483,
"2011": 0.0
},
"sums": {
"absolute": 4,
"relative": 0.5591649736896717
}
},
"FAMILJELIV-ALLMANNA-SAMHALLE": {
"absolute": {
"2003": 0,
"2022": null,
"2006": 3,
"2007": 5,
"2008": 36,
"2009": 48,
"2010": 20,
"2011": 0
},
"relative": {
"2003": 0,
"2022": null,
"2006": 0.08911262362297233,
"2007": 0.13198091260366507,
"2008": 1.0218824778379236,
"2009": 1.1857881511403603,
"2010": 0.6678327248653725,
"2011": 0.0
},
"sums": {
"absolute": 112,
"relative": 3.096596890070294
}
},
"FAMILJELIV-ALLMANNA-SANDLADAN": {
"absolute": {
"2005": 0,
"2022": null,
"2006": 1,
"2007": 0,
"2009": 1,
"2010": 0
},
"relative": {
"2005": 0,
"2022": null,
"2006": 0.1561397750775312,
"2007": 0.0,
"2009": 0.19733382272121366,
"2010": 0.0
},
"sums": {
"absolute": 2,
"relative": 0.3534735977987449
}
},
"FAMILJELIV-ANGLARUM": {
"absolute": {
"2006": 0,
"2022": null
},
"relative": {
"2006": 0,
"2022": null
},
"sums": {
"absolute": 0,
"relative": 0.0
}
},
"FAMILJELIV-EXPERT": {
"absolute": {
"2009": 0,
"2023": null
},
"relative": {
"2009": 0,
"2023": null
},
"sums": {
"absolute": 0,
"relative": 0.0
}
},
"FAMILJELIV-FORALDER": {
"absolute": {
"2003": 0,
"2022": null,
"2007": 9,
"2008": 37,
"2009": 158,
"2010": 23,
"2011": 3,
"2012": 1,
"2013": 0
},
"relative": {
"2003": 0,
"2022": null,
"2007": 0.10497364549151897,
"2008": 0.41850647864429874,
"2009": 1.9507854850102138,
"2010": 0.38457836090930175,
"2011": 0.061200888734825855,
"2012": 0.035463067874538755,
"2013": 0.0
},
"sums": {
"absolute": 231,
"relative": 2.9555079266646977
}
},
"FAMILJELIV-GRAVID": {
"absolute": {
"2003": 0,
"2022": null,
"2006": 1,
"2007": 0
},
"relative": {
"2003": 0,
"2022": null,
"2006": 0.01976043046912151,
"2007": 0.0
},
"sums": {
"absolute": 1,
"relative": 0.01976043046912151
}
},
"FAMILJELIV-KANSLIGA": {
"absolute": {
"2003": 0,
"2022": null,
"2006": 4,
"2007": 18,
"2008": 31,
"2009": 76,
"2010": 62,
"2011": 77,
"2012": 29,
"2013": 0
},
"relative": {
"2003": 0,
"2022": null,
"2006": 0.07720155033837342,
"2007": 0.21876309160376314,
"2008": 0.36122183822787174,
"2009": 0.7922067040742502,
"2010": 0.8112211670735376,
"2011": 0.8059462758096575,
"2012": 0.2851211130090017,
"2013": 0.0
},
"sums": {
"absolute": 297,
"relative": 3.3516817401364554
}
},
"FAMILJELIV-MEDLEM-ALLMANNA": {
"absolute": {
"2006": 0,
"2022": null,
"2012": 2,
"2013": 0
},
"relative": {
"2006": 0,
"2022": null,
"2012": 0.41031709510268083,
"2013": 0.0
},
"sums": {
"absolute": 2,
"relative": 0.41031709510268083
}
},
"FAMILJELIV-MEDLEM-FORALDRAR": {
"absolute": {
"2006": 0,
"2022": null,
"2007": 1,
"2008": 0
},
"relative": {
"2006": 0,
"2022": null,
"2007": 0.012492560992243143,
"2008": 0.0
},
"sums": {
"absolute": 1,
"relative": 0.012492560992243143
}
},
"FAMILJELIV-MEDLEM-PLANERARBARN": {
"absolute": {
"2005": 0,
"2021": null
},
"relative": {
"2005": 0,
"2021": null
},
"sums": {
"absolute": 0,
"relative": 0.0
}
},
"FAMILJELIV-MEDLEM-VANTARBARN": {
"absolute": {
"2003": 0,
"2022": null,
"2006": 1,
"2007": 0
},
"relative": {
"2003": 0,
"2022": null,
"2006": 0.02345924433692082,
"2007": 0.0
},
"sums": {
"absolute": 1,
"relative": 0.02345924433692082
}
},
"FAMILJELIV-PAPPAGRUPP": {
"absolute": {
"2004": 0,
"2023": null
},
"relative": {
"2004": 0,
"2023": null
},
"sums": {
"absolute": 0,
"relative": 0.0
}
},
"FAMILJELIV-PLANERARBARN": {
"absolute": {
"2003": 0,
"2022": null
},
"relative": {
"2003": 0,
"2022": null
},
"sums": {
"absolute": 0,
"relative": 0.0
}
},
"FAMILJELIV-SEXSAMLEVNAD": {
"absolute": {
"2004": 0,
"2022": null,
"2006": 1,
"2007": 0,
"2011": 1,
"2012": 0
},
"relative": {
"2004": 0,
"2022": null,
"2006": 0.1431589218644331,
"2007": 0.0,
"2011": 0.07232436552184669,
"2012": 0.0
},
"sums": {
"absolute": 2,
"relative": 0.2154832873862798
}
},
"FAMILJELIV-SVARTATTFABARN": {
"absolute": {
"2003": 0,
"2022": null
},
"relative": {
"2003": 0,
"2022": null
},
"sums": {
"absolute": 0,
"relative": 0.0
}
}
},
"combined": {
"absolute": {
"2003": 0,
"2023": null,
"2006": 13,
"2007": 36,
"2008": 107,
"2009": 290,
"2010": 113,
"2011": 82,
"2012": 33,
"2013": 0
},
"relative": {
"2003": 0,
"2023": null,
"2006": 0.027710143180036367,
"2007": 0.056696484014318455,
"2008": 0.17182076836744584,
"2009": 0.48882715912099073,
"2010": 0.2741750229451132,
"2011": 0.22733397323780663,
"2012": 0.11362075525898915,
"2013": 0.0
},
"sums": {
"absolute": 674,
"relative": 0.1509194768455064
}
},
"time": 1042.930641412735
}
