 
 
 
 
 
 
 
 
 
 
 
 
 
 
 
 
 
 
 
 
 
 
 
 
 
 
 
 
 
 
 
 
 
 
 
 
 
 
 
 
 
 
 
 
 
 
 
 
 
 
 
 
 
 
 
 
 
 
 
 
 
 
 
 
 
 
 
 
 
 
 
 
 
 
 
 
 
 
 
 
 
 
 
 
 
 
 
 
 
 
 
 
 
 
 
 
 
 
 
 
 
 
 
 
 
 
 
 
 
 
 
 
 
 
 
 
 
 
 
 
 
 
 
 
 
 
 
 
 
 
 
 
 
 
 
 
 
 
 
 
 
 
 
 
 
 
 
 
 
 
 
 
 
 
 
 
 
 
 
 
 
 
 
 
 
 
 
 
 
 
 
 
 
 
 
 
 
 
 
 
 
 
 
 
 
 
 
 
 
 
 
 
 
 
 
 
 
 
 
 
 
 
 
 
 
 
 
 
 
 
 
 
 
 
 
 
 
 
 
 
 
 
 
 
 
 
{
"corpora": {
"FAMILJELIV-ADOPTION": {
"absolute": {
"2003": 0,
"2023": null
},
"relative": {
"2003": 0,
"2023": null
},
"sums": {
"absolute": 0,
"relative": 0.0
}
},
"FAMILJELIV-ALLMANNA-EKONOMI": {
"absolute": {
"2003": 0,
"2023": null,
"2008": 1,
"2009": 0
},
"relative": {
"2003": 0,
"2023": null,
"2008": 0.13170698041727932,
"2009": 0.0
},
"sums": {
"absolute": 1,
"relative": 0.13170698041727932
}
},
"FAMILJELIV-ALLMANNA-FAMILJELIV": {
"absolute": {
"2003": 0,
"2023": null,
"2009": 4,
"2010": 0
},
"relative": {
"2003": 0,
"2023": null,
"2009": 0.5231289019694364,
"2010": 0.0
},
"sums": {
"absolute": 4,
"relative": 0.5231289019694364
}
},
"FAMILJELIV-ALLMANNA-FRITID": {
"absolute": {
"2004": 0,
"2023": null,
"2008": 1,
"2009": 0
},
"relative": {
"2004": 0,
"2023": null,
"2008": 0.18578116427940966,
"2009": 0.0
},
"sums": {
"absolute": 1,
"relative": 0.18578116427940966
}
},
"FAMILJELIV-ALLMANNA-HUSDJUR": {
"absolute": {
"2003": 0,
"2023": null,
"2012": 1,
"2013": 0
},
"relative": {
"2003": 0,
"2023": null,
"2012": 0.3501157832895338,
"2013": 0.0
},
"sums": {
"absolute": 1,
"relative": 0.3501157832895338
}
},
"FAMILJELIV-ALLMANNA-HUSHEM": {
"absolute": {
"2004": 0,
"2023": null,
"2008": 2,
"2009": 0
},
"relative": {
"2004": 0,
"2023": null,
"2008": 0.15756144049286477,
"2009": 0.0
},
"sums": {
"absolute": 2,
"relative": 0.15756144049286477
}
},
"FAMILJELIV-ALLMANNA-KROPP": {
"absolute": {
"2003": 0,
"2023": null,
"2008": 1,
"2009": 1,
"2010": 0
},
"relative": {
"2003": 0,
"2023": null,
"2008": 0.060142240006148935,
"2009": 0.04985949345447063,
"2010": 0.0
},
"sums": {
"absolute": 2,
"relative": 0.11000173346061956
}
},
"FAMILJELIV-ALLMANNA-NOJE": {
"absolute": {
"2003": 0,
"2023": null,
"2006": 1,
"2007": 5,
"2008": 3,
"2009": 0,
"2010": 1,
"2011": 0,
"2013": 1,
"2014": 0
},
"relative": {
"2003": 0,
"2023": null,
"2006": 0.07787547602358164,
"2007": 0.392858646944534,
"2008": 0.23352236969159867,
"2009": 0.0,
"2010": 0.16019774810025494,
"2011": 0.0,
"2013": 0.39935639723022376,
"2014": 0.0
},
"sums": {
"absolute": 11,
"relative": 1.263810637990193
}
},
"FAMILJELIV-ALLMANNA-SAMHALLE": {
"absolute": {
"2003": 0,
"2022": null,
"2006": 4,
"2007": 14,
"2008": 0
},
"relative": {
"2003": 0,
"2022": null,
"2006": 0.11881683149729644,
"2007": 0.36954655529026215,
"2008": 0.0
},
"sums": {
"absolute": 18,
"relative": 0.4883633867875586
}
},
"FAMILJELIV-ALLMANNA-SANDLADAN": {
"absolute": {
"2005": 0,
"2022": null,
"2007": 8,
"2008": 0,
"2009": 1,
"2010": 0
},
"relative": {
"2005": 0,
"2022": null,
"2007": 1.1864509085915211,
"2008": 0.0,
"2009": 0.19733382272121366,
"2010": 0.0
},
"sums": {
"absolute": 9,
"relative": 1.3837847313127347
}
},
"FAMILJELIV-ANGLARUM": {
"absolute": {
"2006": 0,
"2022": null,
"2008": 2,
"2009": 0
},
"relative": {
"2006": 0,
"2022": null,
"2008": 0.2888393208521049,
"2009": 0.0
},
"sums": {
"absolute": 2,
"relative": 0.2888393208521049
}
},
"FAMILJELIV-EXPERT": {
"absolute": {
"2009": 0,
"2023": null
},
"relative": {
"2009": 0,
"2023": null
},
"sums": {
"absolute": 0,
"relative": 0.0
}
},
"FAMILJELIV-FORALDER": {
"absolute": {
"2003": 0,
"2022": null,
"2006": 5,
"2007": 32,
"2008": 16,
"2009": 7,
"2010": 0,
"2011": 1,
"2012": 0
},
"relative": {
"2003": 0,
"2022": null,
"2006": 0.05020139393608125,
"2007": 0.3732396284142897,
"2008": 0.18097577454888591,
"2009": 0.08642720503209808,
"2010": 0.0,
"2011": 0.02040029624494195,
"2012": 0.0
},
"sums": {
"absolute": 61,
"relative": 0.711244298176297
}
},
"FAMILJELIV-GRAVID": {
"absolute": {
"2003": 0,
"2022": null,
"2006": 1,
"2007": 1,
"2008": 1,
"2009": 0
},
"relative": {
"2003": 0,
"2022": null,
"2006": 0.01976043046912151,
"2007": 0.020734852288437224,
"2008": 0.02139767288324698,
"2009": 0.0
},
"sums": {
"absolute": 3,
"relative": 0.061892955640805714
}
},
"FAMILJELIV-KANSLIGA": {
"absolute": {
"2003": 0,
"2022": null,
"2006": 1,
"2007": 12,
"2008": 17,
"2009": 4,
"2010": 1,
"2011": 1,
"2012": 1,
"2013": 1,
"2014": 0
},
"relative": {
"2003": 0,
"2022": null,
"2006": 0.019300387584593355,
"2007": 0.14584206106917544,
"2008": 0.19808939515722002,
"2009": 0.041695089688118435,
"2010": 0.013084212372153833,
"2011": 0.010466834750774773,
"2012": 0.009831762517551785,
"2013": 0.011484957714452987,
"2014": 0.0
},
"sums": {
"absolute": 38,
"relative": 0.4497947008540406
}
},
"FAMILJELIV-MEDLEM-ALLMANNA": {
"absolute": {
"2006": 1,
"2022": null,
"2007": 6,
"2008": 3,
"2009": 0,
"2010": 1,
"2011": 0
},
"relative": {
"2006": 0.04264120475048606,
"2022": null,
"2007": 0.0816504773048756,
"2008": 0.04177514104227557,
"2009": 0.0,
"2010": 0.03477003464173321,
"2011": 0.0
},
"sums": {
"absolute": 11,
"relative": 0.20083685773937043
}
},
"FAMILJELIV-MEDLEM-FORALDRAR": {
"absolute": {
"2006": 0,
"2022": null
},
"relative": {
"2006": 0,
"2022": null
},
"sums": {
"absolute": 0,
"relative": 0.0
}
},
"FAMILJELIV-MEDLEM-PLANERARBARN": {
"absolute": {
"2005": 0,
"2021": null
},
"relative": {
"2005": 0,
"2021": null
},
"sums": {
"absolute": 0,
"relative": 0.0
}
},
"FAMILJELIV-MEDLEM-VANTARBARN": {
"absolute": {
"2003": 0,
"2023": null
},
"relative": {
"2003": 0,
"2023": null
},
"sums": {
"absolute": 0,
"relative": 0.0
}
},
"FAMILJELIV-PAPPAGRUPP": {
"absolute": {
"2004": 0,
"2023": null
},
"relative": {
"2004": 0,
"2023": null
},
"sums": {
"absolute": 0,
"relative": 0.0
}
},
"FAMILJELIV-PLANERARBARN": {
"absolute": {
"2003": 0,
"2022": null,
"2007": 1,
"2008": 0
},
"relative": {
"2003": 0,
"2022": null,
"2007": 0.08107392466383913,
"2008": 0.0
},
"sums": {
"absolute": 1,
"relative": 0.08107392466383913
}
},
"FAMILJELIV-SEXSAMLEVNAD": {
"absolute": {
"2004": 0,
"2022": null
},
"relative": {
"2004": 0,
"2022": null
},
"sums": {
"absolute": 0,
"relative": 0.0
}
},
"FAMILJELIV-SVARTATTFABARN": {
"absolute": {
"2003": 0,
"2022": null
},
"relative": {
"2003": 0,
"2022": null
},
"sums": {
"absolute": 0,
"relative": 0.0
}
}
},
"combined": {
"absolute": {
"2003": 0,
"2023": null,
"2006": 13,
"2007": 79,
"2008": 47,
"2009": 17,
"2010": 3,
"2011": 2,
"2012": 2,
"2013": 2,
"2014": 0
},
"relative": {
"2003": 0,
"2023": null,
"2006": 0.027710128590855383,
"2007": 0.12441726241891025,
"2008": 0.07547261566145833,
"2009": 0.02865538195362897,
"2010": 0.0072799169893390785,
"2011": 0.005544733006828033,
"2012": 0.006886121766657677,
"2013": 0.009626614060686408,
"2014": 0.0
},
"sums": {
"absolute": 165,
"relative": 0.03694647234294998
}
},
"time": 1134.6871671676636
}
