 
 
 
 
 
 
 
 
 
 
 
 
 
 
 
 
 
 
 
 
 
 
 
 
 
 
 
 
 
 
 
 
 
 
 
 
 
 
 
 
 
 
 
 
 
 
 
 
 
 
 
 
 
 
 
 
 
 
 
 
 
 
 
 
 
 
 
 
 
 
 
 
 
 
 
 
 
 
 
 
 
 
 
 
 
 
 
 
 
 
 
 
 
 
 
 
 
 
 
 
 
 
 
 
 
 
 
 
 
 
 
 
 
 
 
 
 
 
 
 
 
 
 
 
 
 
 
 
 
 
 
 
 
 
 
 
 
 
 
 
 
 
 
 
 
 
 
 
 
 
 
 
 
 
 
 
 
 
 
 
 
 
 
 
 
 
 
 
 
 
 
 
 
 
 
 
 
 
 
 
 
 
 
 
 
 
 
 
 
 
 
 
 
 
 
 
 
 
 
 
 
 
{
"corpora": {
"FAMILJELIV-ADOPTION": {
"absolute": {
"2003": 0,
"2023": null
},
"relative": {
"2003": 0,
"2023": null
},
"sums": {
"absolute": 0,
"relative": 0.0
}
},
"FAMILJELIV-ALLMANNA-EKONOMI": {
"absolute": {
"2003": 0,
"2023": null
},
"relative": {
"2003": 0,
"2023": null
},
"sums": {
"absolute": 0,
"relative": 0.0
}
},
"FAMILJELIV-ALLMANNA-FAMILJELIV": {
"absolute": {
"2003": 0,
"2023": null,
"2008": 1,
"2009": 1,
"2010": 0,
"2013": 1,
"2014": 0
},
"relative": {
"2003": 0,
"2023": null,
"2008": 0.13012744421631658,
"2009": 0.1307822254923591,
"2010": 0.0,
"2013": 1.1475680737381342,
"2014": 0.0
},
"sums": {
"absolute": 3,
"relative": 1.4084777434468099
}
},
"FAMILJELIV-ALLMANNA-FRITID": {
"absolute": {
"2004": 0,
"2023": null
},
"relative": {
"2004": 0,
"2023": null
},
"sums": {
"absolute": 0,
"relative": 0.0
}
},
"FAMILJELIV-ALLMANNA-HUSDJUR": {
"absolute": {
"2003": 0,
"2023": null,
"2011": 1,
"2012": 0
},
"relative": {
"2003": 0,
"2023": null,
"2011": 0.2467692963718991,
"2012": 0.0
},
"sums": {
"absolute": 1,
"relative": 0.2467692963718991
}
},
"FAMILJELIV-ALLMANNA-HUSHEM": {
"absolute": {
"2004": 0,
"2023": null
},
"relative": {
"2004": 0,
"2023": null
},
"sums": {
"absolute": 0,
"relative": 0.0
}
},
"FAMILJELIV-ALLMANNA-KROPP": {
"absolute": {
"2003": 0,
"2023": null,
"2009": 1,
"2010": 0
},
"relative": {
"2003": 0,
"2023": null,
"2009": 0.04985949345447063,
"2010": 0.0
},
"sums": {
"absolute": 1,
"relative": 0.04985949345447063
}
},
"FAMILJELIV-ALLMANNA-NOJE": {
"absolute": {
"2003": 0,
"2023": null
},
"relative": {
"2003": 0,
"2023": null
},
"sums": {
"absolute": 0,
"relative": 0.0
}
},
"FAMILJELIV-ALLMANNA-SAMHALLE": {
"absolute": {
"2003": 0,
"2022": null,
"2007": 5,
"2008": 9,
"2009": 5,
"2010": 24,
"2011": 9,
"2012": 0,
"2013": 4,
"2014": 0
},
"relative": {
"2003": 0,
"2022": null,
"2007": 0.13198091260366507,
"2008": 0.2554706194594809,
"2009": 0.12351959907712086,
"2010": 0.801399269838447,
"2011": 0.28714574829033424,
"2012": 0.0,
"2013": 0.2573241861447137,
"2014": 0.0
},
"sums": {
"absolute": 56,
"relative": 1.856840335413762
}
},
"FAMILJELIV-ALLMANNA-SANDLADAN": {
"absolute": {
"2005": 0,
"2022": null,
"2009": 1,
"2010": 0,
"2011": 5,
"2012": 0
},
"relative": {
"2005": 0,
"2022": null,
"2009": 0.19733382272121366,
"2010": 0.0,
"2011": 0.9544895561661743,
"2012": 0.0
},
"sums": {
"absolute": 6,
"relative": 1.151823378887388
}
},
"FAMILJELIV-ANGLARUM": {
"absolute": {
"2006": 0,
"2022": null
},
"relative": {
"2006": 0,
"2022": null
},
"sums": {
"absolute": 0,
"relative": 0.0
}
},
"FAMILJELIV-EXPERT": {
"absolute": {
"2009": 0,
"2023": null
},
"relative": {
"2009": 0,
"2023": null
},
"sums": {
"absolute": 0,
"relative": 0.0
}
},
"FAMILJELIV-FORALDER": {
"absolute": {
"2003": 0,
"2022": null,
"2007": 5,
"2008": 6,
"2009": 4,
"2010": 2,
"2011": 3,
"2012": 0,
"2013": 3,
"2014": 0
},
"relative": {
"2003": 0,
"2022": null,
"2007": 0.05831869193973276,
"2008": 0.06786591545583223,
"2009": 0.049386974304056044,
"2010": 0.033441596600808844,
"2011": 0.061200888734825855,
"2012": 0.0,
"2013": 0.17843537160058312,
"2014": 0.0
},
"sums": {
"absolute": 23,
"relative": 0.44864943863583884
}
},
"FAMILJELIV-GRAVID": {
"absolute": {
"2003": 0,
"2022": null
},
"relative": {
"2003": 0,
"2022": null
},
"sums": {
"absolute": 0,
"relative": 0.0
}
},
"FAMILJELIV-KANSLIGA": {
"absolute": {
"2003": 0,
"2022": null,
"2008": 1,
"2009": 20,
"2010": 3,
"2011": 5,
"2012": 0,
"2013": 5,
"2014": 0
},
"relative": {
"2003": 0,
"2022": null,
"2008": 0.011652317362189411,
"2009": 0.20847544844059218,
"2010": 0.0392526371164615,
"2011": 0.052334173753873864,
"2012": 0.0,
"2013": 0.05742478857226494,
"2014": 0.0
},
"sums": {
"absolute": 34,
"relative": 0.36913936524538193
}
},
"FAMILJELIV-MEDLEM-ALLMANNA": {
"absolute": {
"2006": 0,
"2022": null,
"2010": 3,
"2011": 0
},
"relative": {
"2006": 0,
"2022": null,
"2010": 0.10431010392519964,
"2011": 0.0
},
"sums": {
"absolute": 3,
"relative": 0.10431010392519964
}
},
"FAMILJELIV-MEDLEM-FORALDRAR": {
"absolute": {
"2006": 0,
"2022": null,
"2007": 4,
"2008": 0,
"2009": 1,
"2010": 0
},
"relative": {
"2006": 0,
"2022": null,
"2007": 0.04997024396897257,
"2008": 0.0,
"2009": 0.01632987203732643,
"2010": 0.0
},
"sums": {
"absolute": 5,
"relative": 0.06630011600629901
}
},
"FAMILJELIV-MEDLEM-PLANERARBARN": {
"absolute": {
"2005": 0,
"2021": null
},
"relative": {
"2005": 0,
"2021": null
},
"sums": {
"absolute": 0,
"relative": 0.0
}
},
"FAMILJELIV-MEDLEM-VANTARBARN": {
"absolute": {
"2003": 0,
"2022": null,
"2012": 1,
"2013": 0
},
"relative": {
"2003": 0,
"2022": null,
"2012": 0.10919340795028468,
"2013": 0.0
},
"sums": {
"absolute": 1,
"relative": 0.10919340795028468
}
},
"FAMILJELIV-PAPPAGRUPP": {
"absolute": {
"2004": 0,
"2023": null
},
"relative": {
"2004": 0,
"2023": null
},
"sums": {
"absolute": 0,
"relative": 0.0
}
},
"FAMILJELIV-PLANERARBARN": {
"absolute": {
"2003": 0,
"2022": null
},
"relative": {
"2003": 0,
"2022": null
},
"sums": {
"absolute": 0,
"relative": 0.0
}
},
"FAMILJELIV-SEXSAMLEVNAD": {
"absolute": {
"2004": 0,
"2022": null,
"2009": 2,
"2010": 0
},
"relative": {
"2004": 0,
"2022": null,
"2009": 0.13763671971506997,
"2010": 0.0
},
"sums": {
"absolute": 2,
"relative": 0.13763671971506997
}
},
"FAMILJELIV-SVARTATTFABARN": {
"absolute": {
"2003": 0,
"2022": null
},
"relative": {
"2003": 0,
"2022": null
},
"sums": {
"absolute": 0,
"relative": 0.0
}
}
},
"combined": {
"absolute": {
"2003": 0,
"2023": null,
"2007": 14,
"2008": 17,
"2009": 35,
"2010": 32,
"2011": 23,
"2012": 1,
"2013": 13,
"2014": 0
},
"relative": {
"2003": 0,
"2023": null,
"2007": 0.022048632672234954,
"2008": 0.027298626749968028,
"2009": 0.058996381273223014,
"2010": 0.07764248437383736,
"2011": 0.06376440712767746,
"2012": 0.0034430531896663384,
"2013": 0.06257304801692051,
"2014": 0.0
},
"sums": {
"absolute": 135,
"relative": 0.030228678596651876
}
},
"time": 1010.9338910579681
}
