 
 
 
 
 
 
 
 
 
 
 
 
 
 
 
 
 
 
 
 
 
 
 
 
 
 
 
 
 
 
 
 
 
 
 
 
 
 
 
 
 
 
 
 
 
 
 
 
 
 
 
 
 
 
 
 
 
 
 
 
 
 
 
 
 
 
 
 
 
 
 
 
 
 
 
 
 
 
 
 
 
 
 
 
 
 
 
 
 
 
 
 
 
 
 
 
 
 
 
 
 
 
 
 
 
 
 
 
 
 
 
 
 
 
 
 
 
 
 
 
 
 
 
 
 
 
 
 
 
 
 
 
 
 
 
 
 
 
 
 
 
 
 
 
 
 
 
 
 
 
 
 
 
 
 
 
 
 
 
 
 
 
 
 
 
 
 
 
 
 
 
 
 
 
 
 
 
 
 
 
 
 
 
 
 
 
 
 
 
 
 
 
 
 
 
 
 
 
 
 
 
 
 
 
 
 
 
 
 
 
 
 
 
 
 
 
 
 
 
 
 
{
"corpora": {
"FAMILJELIV-ADOPTION": {
"absolute": {
"2003": 0,
"2023": null
},
"relative": {
"2003": 0,
"2023": null
},
"sums": {
"absolute": 0,
"relative": 0.0
}
},
"FAMILJELIV-ALLMANNA-EKONOMI": {
"absolute": {
"2003": 0,
"2023": null,
"2006": 4,
"2007": 0
},
"relative": {
"2003": 0,
"2023": null,
"2006": 1.088470916057123,
"2007": 0.0
},
"sums": {
"absolute": 4,
"relative": 1.088470916057123
}
},
"FAMILJELIV-ALLMANNA-FAMILJELIV": {
"absolute": {
"2003": 0,
"2023": null,
"2005": 1,
"2006": 2,
"2007": 3,
"2008": 0
},
"relative": {
"2003": 0,
"2023": null,
"2005": 0.12097184912487756,
"2006": 0.13374147665569275,
"2007": 0.2899198352327592,
"2008": 0.0
},
"sums": {
"absolute": 6,
"relative": 0.5446331610133295
}
},
"FAMILJELIV-ALLMANNA-FRITID": {
"absolute": {
"2004": 0,
"2023": null,
"2005": 54,
"2006": 84,
"2007": 1,
"2008": 0
},
"relative": {
"2004": 0,
"2023": null,
"2005": 35.90053159379745,
"2006": 18.51373906780238,
"2007": 0.18950534556678775,
"2008": 0.0
},
"sums": {
"absolute": 139,
"relative": 54.603776007166616
}
},
"FAMILJELIV-ALLMANNA-HUSDJUR": {
"absolute": {
"2003": 0,
"2023": null,
"2007": 31,
"2008": 0
},
"relative": {
"2003": 0,
"2023": null,
"2007": 3.455238609861652,
"2008": 0.0
},
"sums": {
"absolute": 31,
"relative": 3.455238609861652
}
},
"FAMILJELIV-ALLMANNA-HUSHEM": {
"absolute": {
"2004": 0,
"2023": null,
"2006": 2,
"2007": 16,
"2008": 0
},
"relative": {
"2004": 0,
"2023": null,
"2006": 0.20552135166460478,
"2007": 1.271210848195576,
"2008": 0.0
},
"sums": {
"absolute": 18,
"relative": 1.4767321998601808
}
},
"FAMILJELIV-ALLMANNA-KROPP": {
"absolute": {
"2003": 0,
"2023": null,
"2005": 8,
"2006": 8,
"2007": 4,
"2008": 0
},
"relative": {
"2003": 0,
"2023": null,
"2005": 0.9798950042502946,
"2006": 0.43080185903926227,
"2007": 0.21971350896425623,
"2008": 0.0
},
"sums": {
"absolute": 20,
"relative": 1.630410372253813
}
},
"FAMILJELIV-ALLMANNA-NOJE": {
"absolute": {
"2003": 0,
"2023": null,
"2006": 31,
"2007": 4,
"2008": 0,
"2010": 1,
"2011": 0
},
"relative": {
"2003": 0,
"2023": null,
"2006": 2.4141397567310308,
"2007": 0.3142869175556272,
"2008": 0.0,
"2010": 0.16019774810025494,
"2011": 0.0
},
"sums": {
"absolute": 36,
"relative": 2.8886244223869126
}
},
"FAMILJELIV-ALLMANNA-SAMHALLE": {
"absolute": {
"2003": 0,
"2022": null,
"2005": 5,
"2006": 13,
"2007": 12,
"2008": 0
},
"relative": {
"2003": 0,
"2022": null,
"2005": 0.3835966404606228,
"2006": 0.3861547023662134,
"2007": 0.31675419024879614,
"2008": 0.0
},
"sums": {
"absolute": 30,
"relative": 1.0865055330756324
}
},
"FAMILJELIV-ALLMANNA-SANDLADAN": {
"absolute": {
"2005": 0,
"2022": null,
"2006": 4,
"2007": 15,
"2008": 0
},
"relative": {
"2005": 0,
"2022": null,
"2006": 0.6245591003101248,
"2007": 2.224595453609102,
"2008": 0.0
},
"sums": {
"absolute": 19,
"relative": 2.849154553919227
}
},
"FAMILJELIV-ANGLARUM": {
"absolute": {
"2006": 0,
"2022": null
},
"relative": {
"2006": 0,
"2022": null
},
"sums": {
"absolute": 0,
"relative": 0.0
}
},
"FAMILJELIV-EXPERT": {
"absolute": {
"2009": 0,
"2023": null
},
"relative": {
"2009": 0,
"2023": null
},
"sums": {
"absolute": 0,
"relative": 0.0
}
},
"FAMILJELIV-FORALDER": {
"absolute": {
"2003": 0,
"2022": null,
"2005": 1,
"2006": 6,
"2007": 5,
"2008": 1,
"2009": 0,
"2011": 2,
"2012": 0
},
"relative": {
"2003": 0,
"2022": null,
"2005": 0.01630639374677195,
"2006": 0.06024167272329751,
"2007": 0.05831869193973276,
"2008": 0.01131098590930537,
"2009": 0.0,
"2011": 0.0408005924898839,
"2012": 0.0
},
"sums": {
"absolute": 15,
"relative": 0.1869783368089915
}
},
"FAMILJELIV-GRAVID": {
"absolute": {
"2003": 0,
"2022": null,
"2006": 1,
"2007": 20,
"2008": 1,
"2009": 0,
"2010": 1,
"2011": 6,
"2012": 0
},
"relative": {
"2003": 0,
"2022": null,
"2006": 0.01976043046912151,
"2007": 0.41469704576874444,
"2008": 0.02139767288324698,
"2009": 0.0,
"2010": 0.027135458117492246,
"2011": 0.13031664773455368,
"2012": 0.0
},
"sums": {
"absolute": 29,
"relative": 0.6133072549731589
}
},
"FAMILJELIV-KANSLIGA": {
"absolute": {
"2003": 0,
"2022": null,
"2006": 21,
"2007": 7,
"2008": 0,
"2010": 2,
"2011": 0
},
"relative": {
"2003": 0,
"2022": null,
"2006": 0.4053081392764605,
"2007": 0.08507453562368568,
"2008": 0.0,
"2010": 0.026168424744307667,
"2011": 0.0
},
"sums": {
"absolute": 30,
"relative": 0.5165510996444538
}
},
"FAMILJELIV-MEDLEM-ALLMANNA": {
"absolute": {
"2006": 44,
"2022": null,
"2007": 67,
"2008": 1,
"2009": 0,
"2010": 1,
"2011": 0
},
"relative": {
"2006": 1.8762130090213864,
"2022": null,
"2007": 0.9117636632377775,
"2008": 0.013925047014091854,
"2009": 0.0,
"2010": 0.03477003464173321,
"2011": 0.0
},
"sums": {
"absolute": 113,
"relative": 2.8366717539149886
}
},
"FAMILJELIV-MEDLEM-FORALDRAR": {
"absolute": {
"2006": 0,
"2022": null,
"2008": 1,
"2009": 0
},
"relative": {
"2006": 0,
"2022": null,
"2008": 0.01237642388281487,
"2009": 0.0
},
"sums": {
"absolute": 1,
"relative": 0.01237642388281487
}
},
"FAMILJELIV-MEDLEM-PLANERARBARN": {
"absolute": {
"2005": 0,
"2021": null,
"2006": 49,
"2007": 31,
"2008": 0
},
"relative": {
"2005": 0,
"2021": null,
"2006": 2.8766460139138084,
"2007": 0.8151955608131287,
"2008": 0.0
},
"sums": {
"absolute": 80,
"relative": 3.6918415747269373
}
},
"FAMILJELIV-MEDLEM-VANTARBARN": {
"absolute": {
"2003": 0,
"2023": null,
"2007": 79,
"2008": 2,
"2009": 0
},
"relative": {
"2003": 0,
"2023": null,
"2007": 1.3982716901718792,
"2008": 0.03811036754819885,
"2009": 0.0
},
"sums": {
"absolute": 81,
"relative": 1.436382057720078
}
},
"FAMILJELIV-PAPPAGRUPP": {
"absolute": {
"2004": 0,
"2023": null
},
"relative": {
"2004": 0,
"2023": null
},
"sums": {
"absolute": 0,
"relative": 0.0
}
},
"FAMILJELIV-PLANERARBARN": {
"absolute": {
"2003": 0,
"2022": null,
"2005": 3,
"2006": 15,
"2007": 21,
"2008": 0,
"2009": 1,
"2010": 1,
"2011": 0
},
"relative": {
"2003": 0,
"2022": null,
"2005": 0.13298954648968772,
"2006": 0.6644128601272732,
"2007": 1.7025524179406217,
"2008": 0.0,
"2009": 0.06345725265632059,
"2010": 0.081831667677015,
"2011": 0.0
},
"sums": {
"absolute": 41,
"relative": 2.6452437448909185
}
},
"FAMILJELIV-SEXSAMLEVNAD": {
"absolute": {
"2004": 0,
"2022": null,
"2005": 2,
"2006": 9,
"2007": 6,
"2008": 0,
"2016": 1,
"2017": 0
},
"relative": {
"2004": 0,
"2022": null,
"2005": 0.6930765808037194,
"2006": 1.2884302967798977,
"2007": 0.47162062208332123,
"2008": 0.0,
"2016": 0.16436295548262225,
"2017": 0.0
},
"sums": {
"absolute": 18,
"relative": 2.617490455149561
}
},
"FAMILJELIV-SVARTATTFABARN": {
"absolute": {
"2003": 0,
"2022": null,
"2005": 7,
"2006": 0
},
"relative": {
"2003": 0,
"2022": null,
"2005": 0.6193822034150257,
"2006": 0.0
},
"sums": {
"absolute": 7,
"relative": 0.6193822034150257
}
}
},
"combined": {
"absolute": {
"2003": 0,
"2023": null,
"2005": 81,
"2006": 293,
"2007": 322,
"2008": 6,
"2009": 1,
"2010": 6,
"2011": 8,
"2012": 0,
"2016": 1,
"2017": 0
},
"relative": {
"2003": 0,
"2023": null,
"2005": 0.34856762331954577,
"2006": 0.6245436674708175,
"2007": 0.5071184620112543,
"2008": 0.009634801999335106,
"2009": 0.0016856107031546455,
"2010": 0.014559833978678157,
"2011": 0.022178932027312134,
"2012": 0.0,
"2016": 0.01564006406983526,
"2017": 0.0
},
"sums": {
"absolute": 718,
"relative": 0.16077313419538233
}
},
"time": 1108.1768403053284
}
