 
 
 
 
 
 
 
 
 
 
 
 
 
 
 
 
 
 
 
 
 
 
 
 
 
 
 
 
 
 
 
 
 
 
 
 
 
 
 
 
 
 
 
 
 
 
 
 
 
 
 
 
 
 
 
 
 
 
 
 
 
 
 
 
 
 
 
 
 
 
 
 
 
 
 
 
 
 
 
 
 
 
 
 
 
 
 
 
 
 
 
 
 
 
 
 
 
 
 
 
 
 
 
 
 
 
 
 
 
 
 
 
 
 
 
 
 
 
 
 
 
 
 
 
 
 
 
 
 
 
 
 
 
 
 
 
 
 
 
 
 
 
 
 
 
 
 
 
 
 
 
 
 
 
 
 
 
 
 
 
 
 
 
 
 
 
 
 
 
 
 
 
 
 
 
 
 
 
 
 
 
 
 
 
 
 
 
 
 
 
 
 
 
{
"corpora": {
"FAMILJELIV-ADOPTION": {
"absolute": {
"2003": 0,
"2023": null
},
"relative": {
"2003": 0,
"2023": null
},
"sums": {
"absolute": 0,
"relative": 0.0
}
},
"FAMILJELIV-ALLMANNA-EKONOMI": {
"absolute": {
"2003": 0,
"2023": null,
"2008": 8,
"2009": 6,
"2010": 3,
"2011": 14,
"2012": 12,
"2013": 0
},
"relative": {
"2003": 0,
"2023": null,
"2008": 1.0536558433382346,
"2009": 0.8155736507183504,
"2010": 0.5569285908017303,
"2011": 3.4193495127182705,
"2012": 4.133978096117058,
"2013": 0.0
},
"sums": {
"absolute": 43,
"relative": 9.979485693693643
}
},
"FAMILJELIV-ALLMANNA-FAMILJELIV": {
"absolute": {
"2003": 0,
"2023": null,
"2008": 4,
"2009": 1,
"2010": 3,
"2011": 0
},
"relative": {
"2003": 0,
"2023": null,
"2008": 0.5205097768652663,
"2009": 0.1307822254923591,
"2010": 0.47704430978366996,
"2011": 0.0
},
"sums": {
"absolute": 8,
"relative": 1.1283363121412955
}
},
"FAMILJELIV-ALLMANNA-FRITID": {
"absolute": {
"2004": 0,
"2023": null,
"2008": 6,
"2009": 4,
"2010": 2,
"2011": 3,
"2012": 0,
"2013": 1,
"2014": 0
},
"relative": {
"2004": 0,
"2023": null,
"2008": 1.114686985676458,
"2009": 0.9309259897546941,
"2010": 0.6687943243438458,
"2011": 1.1752096574028805,
"2012": 0.0,
"2013": 0.8603223627893372,
"2014": 0.0
},
"sums": {
"absolute": 16,
"relative": 4.749939319967216
}
},
"FAMILJELIV-ALLMANNA-HUSDJUR": {
"absolute": {
"2003": 0,
"2023": null,
"2008": 2,
"2009": 0,
"2010": 9,
"2011": 3,
"2012": 0
},
"relative": {
"2003": 0,
"2023": null,
"2008": 0.26576738072160627,
"2009": 0.0,
"2010": 2.1723268251226218,
"2011": 0.7403078891156972,
"2012": 0.0
},
"sums": {
"absolute": 14,
"relative": 3.178402094959925
}
},
"FAMILJELIV-ALLMANNA-HUSHEM": {
"absolute": {
"2004": 0,
"2023": null,
"2008": 20,
"2009": 4,
"2010": 1,
"2011": 10,
"2012": 2,
"2013": 0
},
"relative": {
"2004": 0,
"2023": null,
"2008": 1.575614404928648,
"2009": 0.43248283421570644,
"2010": 0.18253871189732562,
"2011": 2.1853710388510894,
"2012": 0.560511724784259,
"2013": 0.0
},
"sums": {
"absolute": 37,
"relative": 4.936518714677028
}
},
"FAMILJELIV-ALLMANNA-KROPP": {
"absolute": {
"2003": 0,
"2023": null,
"2009": 17,
"2010": 4,
"2011": 15,
"2012": 0
},
"relative": {
"2003": 0,
"2023": null,
"2009": 0.8476113887260007,
"2010": 0.31678639212373993,
"2011": 1.174403178091587,
"2012": 0.0
},
"sums": {
"absolute": 36,
"relative": 2.3388009589413272
}
},
"FAMILJELIV-ALLMANNA-NOJE": {
"absolute": {
"2003": 0,
"2023": null,
"2008": 9,
"2009": 5,
"2010": 4,
"2011": 5,
"2012": 0
},
"relative": {
"2003": 0,
"2023": null,
"2008": 0.700567109074796,
"2009": 0.4008831616404203,
"2010": 0.6407909924010198,
"2011": 0.7517275450713284,
"2012": 0.0
},
"sums": {
"absolute": 23,
"relative": 2.4939688081875646
}
},
"FAMILJELIV-ALLMANNA-SAMHALLE": {
"absolute": {
"2003": 0,
"2022": null,
"2008": 3,
"2009": 5,
"2010": 0,
"2011": 8,
"2012": 0,
"2013": 2,
"2014": 0
},
"relative": {
"2003": 0,
"2022": null,
"2008": 0.08515687315316031,
"2009": 0.12351959907712086,
"2010": 0.0,
"2011": 0.25524066514696375,
"2012": 0.0,
"2013": 0.12866209307235685,
"2014": 0.0
},
"sums": {
"absolute": 18,
"relative": 0.5925792304496018
}
},
"FAMILJELIV-ALLMANNA-SANDLADAN": {
"absolute": {
"2005": 0,
"2022": null,
"2011": 2,
"2012": 0
},
"relative": {
"2005": 0,
"2022": null,
"2011": 0.38179582246646976,
"2012": 0.0
},
"sums": {
"absolute": 2,
"relative": 0.38179582246646976
}
},
"FAMILJELIV-ANGLARUM": {
"absolute": {
"2006": 0,
"2022": null
},
"relative": {
"2006": 0,
"2022": null
},
"sums": {
"absolute": 0,
"relative": 0.0
}
},
"FAMILJELIV-EXPERT": {
"absolute": {
"2009": 0,
"2023": null
},
"relative": {
"2009": 0,
"2023": null
},
"sums": {
"absolute": 0,
"relative": 0.0
}
},
"FAMILJELIV-FORALDER": {
"absolute": {
"2003": 0,
"2022": null,
"2008": 6,
"2009": 1,
"2010": 0,
"2011": 6,
"2012": 8,
"2013": 10,
"2014": 0
},
"relative": {
"2003": 0,
"2022": null,
"2008": 0.06786591545583223,
"2009": 0.012346743576014011,
"2010": 0.0,
"2011": 0.12240177746965171,
"2012": 0.28370454299631004,
"2013": 0.5947845720019438,
"2014": 0.0
},
"sums": {
"absolute": 31,
"relative": 1.0811035514997518
}
},
"FAMILJELIV-GRAVID": {
"absolute": {
"2003": 0,
"2022": null,
"2008": 1,
"2009": 1,
"2010": 34,
"2011": 19,
"2012": 34,
"2013": 5,
"2014": 0
},
"relative": {
"2003": 0,
"2022": null,
"2008": 0.02139767288324698,
"2009": 0.019605374397757207,
"2010": 0.9226055759947364,
"2011": 0.4126693844927533,
"2012": 0.8240535811272146,
"2013": 0.1822295899670219,
"2014": 0.0
},
"sums": {
"absolute": 94,
"relative": 2.3825611788627303
}
},
"FAMILJELIV-KANSLIGA": {
"absolute": {
"2003": 0,
"2022": null,
"2007": 2,
"2008": 18,
"2009": 4,
"2010": 9,
"2011": 7,
"2012": 3,
"2013": 1,
"2014": 0
},
"relative": {
"2003": 0,
"2022": null,
"2007": 0.024307010178195906,
"2008": 0.2097417125194094,
"2009": 0.041695089688118435,
"2010": 0.1177579113493845,
"2011": 0.07326784325542342,
"2012": 0.029495287552655357,
"2013": 0.011484957714452987,
"2014": 0.0
},
"sums": {
"absolute": 44,
"relative": 0.5077498122576399
}
},
"FAMILJELIV-MEDLEM-ALLMANNA": {
"absolute": {
"2006": 0,
"2022": null,
"2008": 2,
"2009": 119,
"2010": 430,
"2011": 92,
"2012": 8,
"2013": 0
},
"relative": {
"2006": 0,
"2022": null,
"2008": 0.027850094028183708,
"2009": 1.824362798366487,
"2010": 14.951114895945281,
"2011": 8.723491490234052,
"2012": 1.6412683804107233,
"2013": 0.0
},
"sums": {
"absolute": 651,
"relative": 27.168087658984724
}
},
"FAMILJELIV-MEDLEM-FORALDRAR": {
"absolute": {
"2006": 0,
"2022": null,
"2011": 41,
"2012": 23,
"2013": 0
},
"relative": {
"2006": 0,
"2022": null,
"2011": 4.737422028966216,
"2012": 8.401353859910712,
"2013": 0.0
},
"sums": {
"absolute": 64,
"relative": 13.138775888876928
}
},
"FAMILJELIV-MEDLEM-PLANERARBARN": {
"absolute": {
"2005": 0,
"2021": null,
"2008": 28,
"2009": 49,
"2010": 57,
"2011": 1,
"2012": 0
},
"relative": {
"2005": 0,
"2021": null,
"2008": 1.1329616248093994,
"2009": 2.105066896018717,
"2010": 2.865847996126178,
"2011": 0.12676141321736187,
"2012": 0.0
},
"sums": {
"absolute": 135,
"relative": 6.230637930171656
}
},
"FAMILJELIV-MEDLEM-VANTARBARN": {
"absolute": {
"2003": 0,
"2023": null,
"2010": 170,
"2011": 150,
"2012": 30,
"2013": 25,
"2014": 0
},
"relative": {
"2003": 0,
"2023": null,
"2010": 3.8952799357819567,
"2011": 7.281573899576999,
"2012": 3.27603439967161,
"2013": 13.011603227293973,
"2014": 0.0
},
"sums": {
"absolute": 375,
"relative": 27.46449146232454
}
},
"FAMILJELIV-PAPPAGRUPP": {
"absolute": {
"2004": 0,
"2023": null
},
"relative": {
"2004": 0,
"2023": null
},
"sums": {
"absolute": 0,
"relative": 0.0
}
},
"FAMILJELIV-PLANERARBARN": {
"absolute": {
"2003": 0,
"2022": null,
"2008": 18,
"2009": 13,
"2010": 4,
"2011": 0
},
"relative": {
"2003": 0,
"2022": null,
"2008": 1.555581577938742,
"2009": 0.8249442845321677,
"2010": 0.32732667070806,
"2011": 0.0
},
"sums": {
"absolute": 35,
"relative": 2.70785253317897
}
},
"FAMILJELIV-SEXSAMLEVNAD": {
"absolute": {
"2004": 0,
"2022": null,
"2008": 4,
"2009": 0
},
"relative": {
"2004": 0,
"2022": null,
"2008": 0.2766949206767543,
"2009": 0.0
},
"sums": {
"absolute": 4,
"relative": 0.2766949206767543
}
},
"FAMILJELIV-SVARTATTFABARN": {
"absolute": {
"2003": 0,
"2022": null,
"2009": 31,
"2010": 18,
"2011": 0,
"2012": 3,
"2013": 0
},
"relative": {
"2003": 0,
"2022": null,
"2009": 1.5250185191361783,
"2010": 1.7464638957399865,
"2011": 0.0,
"2012": 0.24207915003751015,
"2013": 0.0
},
"sums": {
"absolute": 52,
"relative": 3.513561564913675
}
}
},
"combined": {
"absolute": {
"2003": 0,
"2023": null,
"2007": 2,
"2008": 129,
"2009": 260,
"2010": 748,
"2011": 376,
"2012": 123,
"2013": 44,
"2014": 0
},
"relative": {
"2003": 0,
"2023": null,
"2007": 0.003149804111871145,
"2008": 0.20714824298570475,
"2009": 0.4382587828202078,
"2010": 1.8151259693418769,
"2011": 1.0424098052836703,
"2012": 0.4234964886494471,
"2013": 0.21178550933510093,
"2014": 0.0
},
"sums": {
"absolute": 1682,
"relative": 0.37663009988389007
}
},
"time": 968.9966790676117
}
