 
 
 
 
 
 
 
 
 
 
 
 
 
 
 
 
 
 
 
 
 
 
 
 
 
 
 
 
 
 
 
 
 
 
 
 
 
 
 
 
 
 
 
 
 
 
 
 
 
 
 
 
 
 
 
 
 
 
 
 
 
 
 
 
 
 
 
 
 
 
 
 
 
 
 
 
 
 
 
 
 
 
 
 
 
 
 
 
 
 
 
 
 
 
 
 
 
 
 
 
 
 
 
 
 
 
 
 
 
 
 
 
 
 
 
 
 
 
 
 
 
 
 
 
 
 
 
 
 
 
 
 
 
 
 
 
 
 
 
 
 
 
 
 
 
 
 
 
 
 
 
 
 
 
 
 
 
 
 
 
 
 
 
 
 
 
 
 
 
 
 
 
 
 
 
 
 
 
 
 
 
 
 
 
 
 
 
 
 
 
 
 
 
 
 
 
 
 
 
 
 
 
 
 
 
{
"corpora": {
"FAMILJELIV-ADOPTION": {
"absolute": {
"2003": 0,
"2023": null
},
"relative": {
"2003": 0,
"2023": null
},
"sums": {
"absolute": 0,
"relative": 0.0
}
},
"FAMILJELIV-ALLMANNA-EKONOMI": {
"absolute": {
"2003": 0,
"2023": null,
"2006": 1,
"2007": 0
},
"relative": {
"2003": 0,
"2023": null,
"2006": 0.2721177290142808,
"2007": 0.0
},
"sums": {
"absolute": 1,
"relative": 0.2721177290142808
}
},
"FAMILJELIV-ALLMANNA-FAMILJELIV": {
"absolute": {
"2003": 0,
"2023": null,
"2007": 4,
"2008": 0,
"2010": 2,
"2011": 0
},
"relative": {
"2003": 0,
"2023": null,
"2007": 0.38655978031034566,
"2008": 0.0,
"2010": 0.31802953985578,
"2011": 0.0
},
"sums": {
"absolute": 6,
"relative": 0.7045893201661256
}
},
"FAMILJELIV-ALLMANNA-FRITID": {
"absolute": {
"2004": 0,
"2023": null,
"2009": 2,
"2010": 0,
"2011": 1,
"2012": 0
},
"relative": {
"2004": 0,
"2023": null,
"2009": 0.46546299487734705,
"2010": 0.0,
"2011": 0.3917365524676269,
"2012": 0.0
},
"sums": {
"absolute": 3,
"relative": 0.8571995473449739
}
},
"FAMILJELIV-ALLMANNA-HUSDJUR": {
"absolute": {
"2003": 0,
"2023": null,
"2005": 5,
"2006": 2,
"2007": 1,
"2008": 0,
"2009": 1,
"2010": 0
},
"relative": {
"2003": 0,
"2023": null,
"2005": 1.993912187309706,
"2006": 0.33346533002646883,
"2007": 0.11145930999553717,
"2008": 0.0,
"2009": 0.15640745832093153,
"2010": 0.0
},
"sums": {
"absolute": 9,
"relative": 2.595244285652644
}
},
"FAMILJELIV-ALLMANNA-HUSHEM": {
"absolute": {
"2004": 0,
"2023": null,
"2010": 1,
"2011": 0
},
"relative": {
"2004": 0,
"2023": null,
"2010": 0.18253871189732562,
"2011": 0.0
},
"sums": {
"absolute": 1,
"relative": 0.18253871189732562
}
},
"FAMILJELIV-ALLMANNA-KROPP": {
"absolute": {
"2003": 0,
"2023": null,
"2005": 3,
"2006": 5,
"2007": 12,
"2008": 1,
"2009": 5,
"2010": 5,
"2011": 0
},
"relative": {
"2003": 0,
"2023": null,
"2005": 0.3674606265938605,
"2006": 0.26925116189953896,
"2007": 0.6591405268927687,
"2008": 0.060142240006148935,
"2009": 0.24929746727235313,
"2010": 0.3959829901546749,
"2011": 0.0
},
"sums": {
"absolute": 31,
"relative": 2.0012750128193453
}
},
"FAMILJELIV-ALLMANNA-NOJE": {
"absolute": {
"2003": 0,
"2023": null,
"2006": 11,
"2007": 4,
"2008": 0,
"2009": 1,
"2010": 11,
"2011": 1,
"2012": 0
},
"relative": {
"2003": 0,
"2023": null,
"2006": 0.8566302362593979,
"2007": 0.3142869175556272,
"2008": 0.0,
"2009": 0.08017663232808406,
"2010": 1.7621752291028046,
"2011": 0.1503455090142657,
"2012": 0.0
},
"sums": {
"absolute": 28,
"relative": 3.1636145242601796
}
},
"FAMILJELIV-ALLMANNA-SAMHALLE": {
"absolute": {
"2003": 0,
"2022": null,
"2006": 30,
"2007": 24,
"2008": 2,
"2009": 24,
"2010": 13,
"2011": 5,
"2012": 0
},
"relative": {
"2003": 0,
"2022": null,
"2006": 0.8911262362297233,
"2007": 0.6335083804975923,
"2008": 0.05677124876877354,
"2009": 0.5928940755701801,
"2010": 0.4340912711624921,
"2011": 0.15952541571685233,
"2012": 0.0
},
"sums": {
"absolute": 98,
"relative": 2.7679166279456138
}
},
"FAMILJELIV-ALLMANNA-SANDLADAN": {
"absolute": {
"2005": 0,
"2022": null,
"2006": 7,
"2007": 5,
"2008": 0,
"2009": 13,
"2010": 3,
"2011": 2,
"2012": 0
},
"relative": {
"2005": 0,
"2022": null,
"2006": 1.0929784255427184,
"2007": 0.7415318178697007,
"2008": 0.0,
"2009": 2.565339695375778,
"2010": 0.576665795260576,
"2011": 0.38179582246646976,
"2012": 0.0
},
"sums": {
"absolute": 30,
"relative": 5.358311556515242
}
},
"FAMILJELIV-ANGLARUM": {
"absolute": {
"2006": 0,
"2022": null
},
"relative": {
"2006": 0,
"2022": null
},
"sums": {
"absolute": 0,
"relative": 0.0
}
},
"FAMILJELIV-EXPERT": {
"absolute": {
"2009": 0,
"2023": null
},
"relative": {
"2009": 0,
"2023": null
},
"sums": {
"absolute": 0,
"relative": 0.0
}
},
"FAMILJELIV-FORALDER": {
"absolute": {
"2003": 0,
"2022": null,
"2005": 13,
"2006": 291,
"2007": 502,
"2008": 76,
"2009": 105,
"2010": 111,
"2011": 7,
"2012": 0
},
"relative": {
"2003": 0,
"2022": null,
"2005": 0.2119831187080353,
"2006": 2.921721127079929,
"2007": 5.855196670749169,
"2008": 0.8596349291072082,
"2009": 1.296408075481471,
"2010": 1.8560086113448913,
"2011": 0.14280207371459366,
"2012": 0.0
},
"sums": {
"absolute": 1105,
"relative": 13.143754606185299
}
},
"FAMILJELIV-GRAVID": {
"absolute": {
"2003": 0,
"2022": null,
"2005": 1,
"2006": 6,
"2007": 30,
"2008": 5,
"2009": 2,
"2010": 11,
"2011": 0
},
"relative": {
"2003": 0,
"2022": null,
"2005": 0.025245629880485166,
"2006": 0.11856258281472906,
"2007": 0.6220455686531167,
"2008": 0.1069883644162349,
"2009": 0.039210748795514415,
"2010": 0.29849003929241474,
"2011": 0.0
},
"sums": {
"absolute": 55,
"relative": 1.2105429338524951
}
},
"FAMILJELIV-KANSLIGA": {
"absolute": {
"2003": 0,
"2022": null,
"2006": 12,
"2007": 9,
"2008": 1,
"2009": 12,
"2010": 24,
"2011": 2,
"2012": 0
},
"relative": {
"2003": 0,
"2022": null,
"2006": 0.2316046510151203,
"2007": 0.10938154580188157,
"2008": 0.011652317362189411,
"2009": 0.1250852690643553,
"2010": 0.314021096931692,
"2011": 0.020933669501549547,
"2012": 0.0
},
"sums": {
"absolute": 60,
"relative": 0.8126785496767881
}
},
"FAMILJELIV-MEDLEM-ALLMANNA": {
"absolute": {
"2006": 0,
"2022": null,
"2007": 7,
"2008": 2,
"2009": 1,
"2010": 0
},
"relative": {
"2006": 0,
"2022": null,
"2007": 0.09525889018902153,
"2008": 0.027850094028183708,
"2009": 0.015330779818205775,
"2010": 0.0
},
"sums": {
"absolute": 10,
"relative": 0.13843976403541103
}
},
"FAMILJELIV-MEDLEM-FORALDRAR": {
"absolute": {
"2006": 6,
"2022": null,
"2007": 20,
"2008": 2,
"2009": 0
},
"relative": {
"2006": 0.28918536386603816,
"2022": null,
"2007": 0.24985121984486286,
"2008": 0.02475284776562974,
"2009": 0.0
},
"sums": {
"absolute": 28,
"relative": 0.5637894314765307
}
},
"FAMILJELIV-MEDLEM-PLANERARBARN": {
"absolute": {
"2005": 0,
"2021": null,
"2007": 4,
"2008": 3,
"2009": 0
},
"relative": {
"2005": 0,
"2021": null,
"2007": 0.10518652397588756,
"2008": 0.12138874551529279,
"2009": 0.0
},
"sums": {
"absolute": 7,
"relative": 0.22657526949118034
}
},
"FAMILJELIV-MEDLEM-VANTARBARN": {
"absolute": {
"2003": 0,
"2022": null
},
"relative": {
"2003": 0,
"2022": null
},
"sums": {
"absolute": 0,
"relative": 0.0
}
},
"FAMILJELIV-PAPPAGRUPP": {
"absolute": {
"2004": 0,
"2023": null
},
"relative": {
"2004": 0,
"2023": null
},
"sums": {
"absolute": 0,
"relative": 0.0
}
},
"FAMILJELIV-PLANERARBARN": {
"absolute": {
"2003": 0,
"2022": null,
"2007": 2,
"2008": 0
},
"relative": {
"2003": 0,
"2022": null,
"2007": 0.16214784932767826,
"2008": 0.0
},
"sums": {
"absolute": 2,
"relative": 0.16214784932767826
}
},
"FAMILJELIV-SEXSAMLEVNAD": {
"absolute": {
"2004": 0,
"2022": null,
"2006": 3,
"2007": 11,
"2008": 0,
"2009": 15,
"2010": 1,
"2011": 1,
"2012": 0
},
"relative": {
"2004": 0,
"2022": null,
"2006": 0.4294767655932992,
"2007": 0.8646378071527556,
"2008": 0.0,
"2009": 1.0322753978630248,
"2010": 0.09338139736109774,
"2011": 0.07232436552184669,
"2012": 0.0
},
"sums": {
"absolute": 31,
"relative": 2.492095733492024
}
},
"FAMILJELIV-SVARTATTFABARN": {
"absolute": {
"2003": 0,
"2022": null
},
"relative": {
"2003": 0,
"2022": null
},
"sums": {
"absolute": 0,
"relative": 0.0
}
}
},
"combined": {
"absolute": {
"2003": 0,
"2023": null,
"2005": 22,
"2006": 374,
"2007": 635,
"2008": 92,
"2009": 181,
"2010": 182,
"2011": 19,
"2012": 0
},
"relative": {
"2003": 0,
"2023": null,
"2005": 0.09467275951858213,
"2006": 0.7971995037948925,
"2007": 1.0000629819192282,
"2008": 0.14773374476453288,
"2009": 0.30509557172723906,
"2010": 0.44159162987620004,
"2011": 0.052674945018516175,
"2012": 0.0
},
"sums": {
"absolute": 1505,
"relative": 0.3369937873182302
}
},
"time": 1028.8789081573486
}
