 
{
"corpora": {
"FAMILJELIV-ADOPTION": {
"absolute": {
"2003": 0,
"2023": null
},
"relative": {
"2003": 0,
"2023": null
},
"sums": {
"absolute": 0,
"relative": 0.0
}
},
"FAMILJELIV-ALLMANNA-EKONOMI": {
"absolute": {
"2003": 0,
"2023": null,
"2006": 2,
"2007": 0,
"2010": 1,
"2011": 0
},
"relative": {
"2003": 0,
"2023": null,
"2006": 0.5442354580285615,
"2007": 0.0,
"2010": 0.18564286360057675,
"2011": 0.0
},
"sums": {
"absolute": 3,
"relative": 0.7298783216291382
}
},
"FAMILJELIV-ALLMANNA-FAMILJELIV": {
"absolute": {
"2003": 0,
"2023": null,
"2006": 1,
"2007": 0
},
"relative": {
"2003": 0,
"2023": null,
"2006": 0.06687073832784637,
"2007": 0.0
},
"sums": {
"absolute": 1,
"relative": 0.06687073832784637
}
},
"FAMILJELIV-ALLMANNA-FRITID": {
"absolute": {
"2004": 0,
"2023": null
},
"relative": {
"2004": 0,
"2023": null
},
"sums": {
"absolute": 0,
"relative": 0.0
}
},
"FAMILJELIV-ALLMANNA-HUSDJUR": {
"absolute": {
"2003": 0,
"2023": null,
"2006": 3,
"2007": 0
},
"relative": {
"2003": 0,
"2023": null,
"2006": 0.5001979950397032,
"2007": 0.0
},
"sums": {
"absolute": 3,
"relative": 0.5001979950397032
}
},
"FAMILJELIV-ALLMANNA-HUSHEM": {
"absolute": {
"2004": 0,
"2023": null,
"2008": 1,
"2009": 0
},
"relative": {
"2004": 0,
"2023": null,
"2008": 0.07878072024643239,
"2009": 0.0
},
"sums": {
"absolute": 1,
"relative": 0.07878072024643239
}
},
"FAMILJELIV-ALLMANNA-KROPP": {
"absolute": {
"2003": 0,
"2023": null,
"2010": 1,
"2011": 0
},
"relative": {
"2003": 0,
"2023": null,
"2010": 0.07919659803093498,
"2011": 0.0
},
"sums": {
"absolute": 1,
"relative": 0.07919659803093498
}
},
"FAMILJELIV-ALLMANNA-NOJE": {
"absolute": {
"2003": 0,
"2023": null
},
"relative": {
"2003": 0,
"2023": null
},
"sums": {
"absolute": 0,
"relative": 0.0
}
},
"FAMILJELIV-ALLMANNA-SAMHALLE": {
"absolute": {
"2003": 0,
"2022": null,
"2005": 1,
"2006": 3,
"2007": 0
},
"relative": {
"2003": 0,
"2022": null,
"2005": 0.07671932809212458,
"2006": 0.08911262362297233,
"2007": 0.0
},
"sums": {
"absolute": 4,
"relative": 0.1658319517150969
}
},
"FAMILJELIV-ALLMANNA-SANDLADAN": {
"absolute": {
"2005": 0,
"2022": null,
"2006": 1,
"2007": 0
},
"relative": {
"2005": 0,
"2022": null,
"2006": 0.1561397750775312,
"2007": 0.0
},
"sums": {
"absolute": 1,
"relative": 0.1561397750775312
}
},
"FAMILJELIV-ANGLARUM": {
"absolute": {
"2006": 0,
"2022": null
},
"relative": {
"2006": 0,
"2022": null
},
"sums": {
"absolute": 0,
"relative": 0.0
}
},
"FAMILJELIV-EXPERT": {
"absolute": {
"2009": 0,
"2023": null
},
"relative": {
"2009": 0,
"2023": null
},
"sums": {
"absolute": 0,
"relative": 0.0
}
},
"FAMILJELIV-FORALDER": {
"absolute": {
"2003": 0,
"2022": null,
"2006": 7,
"2007": 3,
"2008": 8,
"2009": 15,
"2010": 7,
"2011": 0
},
"relative": {
"2003": 0,
"2022": null,
"2006": 0.07028195151051377,
"2007": 0.034991215163839656,
"2008": 0.09048788727444296,
"2009": 0.18520115364021014,
"2010": 0.11704558810283097,
"2011": 0.0
},
"sums": {
"absolute": 40,
"relative": 0.4980077956918375
}
},
"FAMILJELIV-GRAVID": {
"absolute": {
"2003": 0,
"2022": null,
"2006": 6,
"2007": 0
},
"relative": {
"2003": 0,
"2022": null,
"2006": 0.11856258281472906,
"2007": 0.0
},
"sums": {
"absolute": 6,
"relative": 0.11856258281472906
}
},
"FAMILJELIV-KANSLIGA": {
"absolute": {
"2003": 0,
"2022": null,
"2006": 2,
"2007": 0,
"2008": 1,
"2009": 2,
"2010": 1,
"2011": 0
},
"relative": {
"2003": 0,
"2022": null,
"2006": 0.03860077516918671,
"2007": 0.0,
"2008": 0.011652317362189411,
"2009": 0.020847544844059217,
"2010": 0.013084212372153833,
"2011": 0.0
},
"sums": {
"absolute": 6,
"relative": 0.08418484974758918
}
},
"FAMILJELIV-MEDLEM-ALLMANNA": {
"absolute": {
"2006": 1,
"2022": null,
"2007": 1,
"2008": 1,
"2009": 0,
"2010": 1,
"2011": 0
},
"relative": {
"2006": 0.04264120475048606,
"2022": null,
"2007": 0.013608412884145934,
"2008": 0.013925047014091854,
"2009": 0.0,
"2010": 0.03477003464173321,
"2011": 0.0
},
"sums": {
"absolute": 4,
"relative": 0.10494469929045705
}
},
"FAMILJELIV-MEDLEM-FORALDRAR": {
"absolute": {
"2006": 2,
"2022": null,
"2007": 2,
"2008": 6,
"2009": 7,
"2010": 1,
"2011": 0
},
"relative": {
"2006": 0.09639512128867939,
"2022": null,
"2007": 0.024985121984486287,
"2008": 0.07425854329688922,
"2009": 0.114309104261285,
"2010": 0.033166071308048294,
"2011": 0.0
},
"sums": {
"absolute": 18,
"relative": 0.34311396213938816
}
},
"FAMILJELIV-MEDLEM-PLANERARBARN": {
"absolute": {
"2005": 0,
"2021": null
},
"relative": {
"2005": 0,
"2021": null
},
"sums": {
"absolute": 0,
"relative": 0.0
}
},
"FAMILJELIV-MEDLEM-VANTARBARN": {
"absolute": {
"2003": 0,
"2023": null,
"2007": 1,
"2008": 0
},
"relative": {
"2003": 0,
"2023": null,
"2007": 0.017699641647745307,
"2008": 0.0
},
"sums": {
"absolute": 1,
"relative": 0.017699641647745307
}
},
"FAMILJELIV-PAPPAGRUPP": {
"absolute": {
"2004": 0,
"2023": null
},
"relative": {
"2004": 0,
"2023": null
},
"sums": {
"absolute": 0,
"relative": 0.0
}
},
"FAMILJELIV-PLANERARBARN": {
"absolute": {
"2003": 0,
"2022": null
},
"relative": {
"2003": 0,
"2022": null
},
"sums": {
"absolute": 0,
"relative": 0.0
}
},
"FAMILJELIV-SEXSAMLEVNAD": {
"absolute": {
"2004": 0,
"2022": null
},
"relative": {
"2004": 0,
"2022": null
},
"sums": {
"absolute": 0,
"relative": 0.0
}
},
"FAMILJELIV-SVARTATTFABARN": {
"absolute": {
"2003": 0,
"2022": null
},
"relative": {
"2003": 0,
"2022": null
},
"sums": {
"absolute": 0,
"relative": 0.0
}
}
},
"combined": {
"absolute": {
"2003": 0,
"2023": null,
"2005": 1,
"2006": 28,
"2007": 7,
"2008": 17,
"2009": 24,
"2010": 12,
"2011": 0
},
"relative": {
"2003": 0,
"2023": null,
"2005": 0.004303303991599331,
"2006": 0.059683353887996206,
"2007": 0.011024314391549009,
"2008": 0.0272986056647828,
"2009": 0.040454656875711495,
"2010": 0.029119667957356314,
"2011": 0.0
},
"sums": {
"absolute": 89,
"relative": 0.01992870326377302
}
},
"time": 6.634773015975952
}
