 
 
 
 
 
 
 
 
 
 
 
 
 
 
 
 
 
 
 
 
 
 
 
 
 
 
 
 
 
 
 
 
 
 
 
 
 
 
 
 
 
 
 
 
 
 
 
 
 
 
 
 
 
 
 
 
 
 
 
 
 
 
 
 
 
 
 
 
 
 
 
 
 
 
 
 
 
 
 
 
 
 
 
 
 
 
 
 
 
 
 
 
 
 
 
 
 
 
 
 
 
 
 
 
 
 
 
 
 
 
 
 
 
 
 
 
 
 
 
 
 
 
 
 
 
 
 
 
 
 
 
 
 
 
 
 
 
 
 
 
 
 
 
 
 
 
 
 
 
 
 
 
 
 
 
 
 
 
 
 
 
 
 
 
 
 
 
 
 
 
 
 
 
 
 
 
 
 
 
 
 
 
 
 
 
 
 
 
 
 
 
 
{
"corpora": {
"FAMILJELIV-ADOPTION": {
"absolute": {
"2003": 0,
"2023": null
},
"relative": {
"2003": 0,
"2023": null
},
"sums": {
"absolute": 0,
"relative": 0.0
}
},
"FAMILJELIV-ALLMANNA-EKONOMI": {
"absolute": {
"2003": 0,
"2023": null,
"2005": 2,
"2006": 0
},
"relative": {
"2003": 0,
"2023": null,
"2005": 1.1719674755586182,
"2006": 0.0
},
"sums": {
"absolute": 2,
"relative": 1.1719674755586182
}
},
"FAMILJELIV-ALLMANNA-FAMILJELIV": {
"absolute": {
"2003": 0,
"2023": null,
"2004": 4,
"2005": 87,
"2006": 0
},
"relative": {
"2003": 0,
"2023": null,
"2004": 3.6191038013256778,
"2005": 10.524550873864346,
"2006": 0.0
},
"sums": {
"absolute": 91,
"relative": 14.143654675190025
}
},
"FAMILJELIV-ALLMANNA-FRITID": {
"absolute": {
"2004": 0,
"2023": null
},
"relative": {
"2004": 0,
"2023": null
},
"sums": {
"absolute": 0,
"relative": 0.0
}
},
"FAMILJELIV-ALLMANNA-HUSDJUR": {
"absolute": {
"2003": 0,
"2023": null,
"2004": 1,
"2005": 2,
"2006": 0
},
"relative": {
"2003": 0,
"2023": null,
"2004": 1.1428911030499191,
"2005": 0.7975648749238824,
"2006": 0.0
},
"sums": {
"absolute": 3,
"relative": 1.9404559779738015
}
},
"FAMILJELIV-ALLMANNA-HUSHEM": {
"absolute": {
"2004": 0,
"2023": null,
"2005": 20,
"2006": 0
},
"relative": {
"2004": 0,
"2023": null,
"2005": 5.420987080432541,
"2006": 0.0
},
"sums": {
"absolute": 20,
"relative": 5.420987080432541
}
},
"FAMILJELIV-ALLMANNA-KROPP": {
"absolute": {
"2003": 0,
"2023": null,
"2004": 2,
"2005": 8,
"2006": 0
},
"relative": {
"2003": 0,
"2023": null,
"2004": 0.7630686960224281,
"2005": 0.9798950042502946,
"2006": 0.0
},
"sums": {
"absolute": 10,
"relative": 1.7429637002727227
}
},
"FAMILJELIV-ALLMANNA-NOJE": {
"absolute": {
"2003": 0,
"2023": null,
"2004": 2,
"2005": 33,
"2006": 0
},
"relative": {
"2003": 0,
"2023": null,
"2004": 0.47164516436362336,
"2005": 3.198375457876523,
"2006": 0.0
},
"sums": {
"absolute": 35,
"relative": 3.670020622240146
}
},
"FAMILJELIV-ALLMANNA-SAMHALLE": {
"absolute": {
"2003": 0,
"2022": null,
"2004": 16,
"2005": 179,
"2006": 0
},
"relative": {
"2003": 0,
"2022": null,
"2004": 3.7901659879505885,
"2005": 13.732759728490297,
"2006": 0.0
},
"sums": {
"absolute": 195,
"relative": 17.522925716440884
}
},
"FAMILJELIV-ALLMANNA-SANDLADAN": {
"absolute": {
"2005": 0,
"2022": null
},
"relative": {
"2005": 0,
"2022": null
},
"sums": {
"absolute": 0,
"relative": 0.0
}
},
"FAMILJELIV-ANGLARUM": {
"absolute": {
"2006": 0,
"2022": null
},
"relative": {
"2006": 0,
"2022": null
},
"sums": {
"absolute": 0,
"relative": 0.0
}
},
"FAMILJELIV-EXPERT": {
"absolute": {
"2009": 0,
"2023": null
},
"relative": {
"2009": 0,
"2023": null
},
"sums": {
"absolute": 0,
"relative": 0.0
}
},
"FAMILJELIV-FORALDER": {
"absolute": {
"2003": 0,
"2022": null,
"2004": 33,
"2005": 150,
"2006": 0,
"2009": 2,
"2010": 0
},
"relative": {
"2003": 0,
"2022": null,
"2004": 2.0392590741467185,
"2005": 2.445959062015792,
"2006": 0.0,
"2009": 0.024693487152028022,
"2010": 0.0
},
"sums": {
"absolute": 185,
"relative": 4.509911623314538
}
},
"FAMILJELIV-GRAVID": {
"absolute": {
"2003": 0,
"2022": null,
"2004": 12,
"2005": 1,
"2006": 0
},
"relative": {
"2003": 0,
"2022": null,
"2004": 0.4629929360396094,
"2005": 0.025245629880485166,
"2006": 0.0
},
"sums": {
"absolute": 13,
"relative": 0.48823856592009457
}
},
"FAMILJELIV-KANSLIGA": {
"absolute": {
"2003": 0,
"2022": null,
"2004": 20,
"2005": 77,
"2006": 1,
"2007": 0
},
"relative": {
"2003": 0,
"2022": null,
"2004": 1.930040285730884,
"2005": 3.8282876750366457,
"2006": 0.019300387584593355,
"2007": 0.0
},
"sums": {
"absolute": 98,
"relative": 5.777628348352123
}
},
"FAMILJELIV-MEDLEM-ALLMANNA": {
"absolute": {
"2006": 0,
"2022": null
},
"relative": {
"2006": 0,
"2022": null
},
"sums": {
"absolute": 0,
"relative": 0.0
}
},
"FAMILJELIV-MEDLEM-FORALDRAR": {
"absolute": {
"2006": 0,
"2022": null
},
"relative": {
"2006": 0,
"2022": null
},
"sums": {
"absolute": 0,
"relative": 0.0
}
},
"FAMILJELIV-MEDLEM-PLANERARBARN": {
"absolute": {
"2005": 0,
"2021": null,
"2007": 1,
"2008": 0
},
"relative": {
"2005": 0,
"2021": null,
"2007": 0.02629663099397189,
"2008": 0.0
},
"sums": {
"absolute": 1,
"relative": 0.02629663099397189
}
},
"FAMILJELIV-MEDLEM-VANTARBARN": {
"absolute": {
"2003": 0,
"2023": null,
"2007": 4,
"2008": 0
},
"relative": {
"2003": 0,
"2023": null,
"2007": 0.07079856659098123,
"2008": 0.0
},
"sums": {
"absolute": 4,
"relative": 0.07079856659098123
}
},
"FAMILJELIV-PAPPAGRUPP": {
"absolute": {
"2004": 0,
"2023": null
},
"relative": {
"2004": 0,
"2023": null
},
"sums": {
"absolute": 0,
"relative": 0.0
}
},
"FAMILJELIV-PLANERARBARN": {
"absolute": {
"2003": 0,
"2022": null,
"2006": 3,
"2007": 0
},
"relative": {
"2003": 0,
"2022": null,
"2006": 0.13288257202545464,
"2007": 0.0
},
"sums": {
"absolute": 3,
"relative": 0.13288257202545464
}
},
"FAMILJELIV-SEXSAMLEVNAD": {
"absolute": {
"2004": 0,
"2022": null,
"2005": 1,
"2006": 0
},
"relative": {
"2004": 0,
"2022": null,
"2005": 0.3465382904018597,
"2006": 0.0
},
"sums": {
"absolute": 1,
"relative": 0.3465382904018597
}
},
"FAMILJELIV-SVARTATTFABARN": {
"absolute": {
"2003": 0,
"2022": null
},
"relative": {
"2003": 0,
"2022": null
},
"sums": {
"absolute": 0,
"relative": 0.0
}
}
},
"combined": {
"absolute": {
"2003": 0,
"2023": null,
"2004": 90,
"2005": 560,
"2006": 4,
"2007": 5,
"2008": 0,
"2009": 2,
"2010": 0
},
"relative": {
"2003": 0,
"2023": null,
"2004": 0.9330506604521346,
"2005": 2.4098502352956257,
"2006": 0.008526193412570887,
"2007": 0.007874510279677864,
"2008": 0.0,
"2009": 0.003371221406309291,
"2010": 0.0
},
"sums": {
"absolute": 661,
"relative": 0.14800980738599961
}
},
"time": 964.5779294967651
}
