 
 
 
 
 
 
 
 
 
 
 
 
 
 
 
 
 
 
 
 
 
 
 
 
 
 
 
 
 
 
 
 
 
 
 
 
 
 
 
 
 
 
 
 
 
 
 
 
 
 
 
 
 
 
 
 
 
 
 
 
 
 
 
 
 
 
 
 
 
 
 
 
 
 
 
 
 
 
 
 
 
 
 
 
 
 
 
 
 
 
 
 
 
 
 
 
 
 
 
 
 
 
 
 
 
 
 
 
 
 
 
 
 
 
 
 
 
 
 
 
 
 
 
 
 
 
 
 
 
 
 
 
 
 
 
 
 
 
 
 
 
 
 
 
 
 
 
 
 
 
 
 
 
 
 
 
 
 
 
 
 
 
 
 
 
 
 
 
 
 
 
 
 
 
 
 
 
 
 
 
 
 
 
 
 
 
 
 
 
 
 
 
 
 
 
 
 
 
 
 
 
 
 
 
 
 
 
 
 
 
 
 
 
 
 
{
"corpora": {
"FAMILJELIV-ADOPTION": {
"absolute": {
"2003": 0,
"2023": null
},
"relative": {
"2003": 0,
"2023": null
},
"sums": {
"absolute": 0,
"relative": 0.0
}
},
"FAMILJELIV-ALLMANNA-EKONOMI": {
"absolute": {
"2003": 0,
"2023": null,
"2009": 1,
"2010": 0
},
"relative": {
"2003": 0,
"2023": null,
"2009": 0.13592894178639173,
"2010": 0.0
},
"sums": {
"absolute": 1,
"relative": 0.13592894178639173
}
},
"FAMILJELIV-ALLMANNA-FAMILJELIV": {
"absolute": {
"2003": 0,
"2023": null,
"2007": 1,
"2008": 0
},
"relative": {
"2003": 0,
"2023": null,
"2007": 0.09663994507758641,
"2008": 0.0
},
"sums": {
"absolute": 1,
"relative": 0.09663994507758641
}
},
"FAMILJELIV-ALLMANNA-FRITID": {
"absolute": {
"2004": 0,
"2023": null,
"2007": 1,
"2008": 1,
"2009": 1,
"2010": 0
},
"relative": {
"2004": 0,
"2023": null,
"2007": 0.18950534556678775,
"2008": 0.18578116427940966,
"2009": 0.23273149743867352,
"2010": 0.0
},
"sums": {
"absolute": 3,
"relative": 0.6080180072848709
}
},
"FAMILJELIV-ALLMANNA-HUSDJUR": {
"absolute": {
"2003": 0,
"2023": null,
"2006": 1,
"2007": 3,
"2008": 0
},
"relative": {
"2003": 0,
"2023": null,
"2006": 0.16673266501323442,
"2007": 0.3343779299866115,
"2008": 0.0
},
"sums": {
"absolute": 4,
"relative": 0.5011105949998459
}
},
"FAMILJELIV-ALLMANNA-HUSHEM": {
"absolute": {
"2004": 0,
"2023": null,
"2006": 3,
"2007": 1,
"2008": 0
},
"relative": {
"2004": 0,
"2023": null,
"2006": 0.30828202749690714,
"2007": 0.0794506780122235,
"2008": 0.0
},
"sums": {
"absolute": 4,
"relative": 0.38773270550913064
}
},
"FAMILJELIV-ALLMANNA-KROPP": {
"absolute": {
"2003": 0,
"2023": null,
"2007": 4,
"2008": 3,
"2009": 2,
"2010": 0
},
"relative": {
"2003": 0,
"2023": null,
"2007": 0.21971350896425623,
"2008": 0.18042672001844684,
"2009": 0.09971898690894127,
"2010": 0.0
},
"sums": {
"absolute": 9,
"relative": 0.49985921589164434
}
},
"FAMILJELIV-ALLMANNA-NOJE": {
"absolute": {
"2003": 0,
"2023": null
},
"relative": {
"2003": 0,
"2023": null
},
"sums": {
"absolute": 0,
"relative": 0.0
}
},
"FAMILJELIV-ALLMANNA-SAMHALLE": {
"absolute": {
"2003": 0,
"2022": null,
"2007": 2,
"2008": 0
},
"relative": {
"2003": 0,
"2022": null,
"2007": 0.052792365041466026,
"2008": 0.0
},
"sums": {
"absolute": 2,
"relative": 0.052792365041466026
}
},
"FAMILJELIV-ALLMANNA-SANDLADAN": {
"absolute": {
"2005": 0,
"2022": null,
"2007": 4,
"2008": 0
},
"relative": {
"2005": 0,
"2022": null,
"2007": 0.5932254542957606,
"2008": 0.0
},
"sums": {
"absolute": 4,
"relative": 0.5932254542957606
}
},
"FAMILJELIV-ANGLARUM": {
"absolute": {
"2006": 0,
"2022": null,
"2008": 1,
"2009": 0
},
"relative": {
"2006": 0,
"2022": null,
"2008": 0.14441966042605245,
"2009": 0.0
},
"sums": {
"absolute": 1,
"relative": 0.14441966042605245
}
},
"FAMILJELIV-EXPERT": {
"absolute": {
"2009": 0,
"2023": null
},
"relative": {
"2009": 0,
"2023": null
},
"sums": {
"absolute": 0,
"relative": 0.0
}
},
"FAMILJELIV-FORALDER": {
"absolute": {
"2003": 0,
"2022": null,
"2006": 16,
"2007": 7,
"2008": 3,
"2009": 1,
"2010": 2,
"2011": 0
},
"relative": {
"2003": 0,
"2022": null,
"2006": 0.16064446059546003,
"2007": 0.08164616871562587,
"2008": 0.033932957727916116,
"2009": 0.012346743576014011,
"2010": 0.033441596600808844,
"2011": 0.0
},
"sums": {
"absolute": 29,
"relative": 0.3220119272158249
}
},
"FAMILJELIV-GRAVID": {
"absolute": {
"2003": 0,
"2022": null,
"2005": 10,
"2006": 11,
"2007": 0,
"2009": 13,
"2010": 0
},
"relative": {
"2003": 0,
"2022": null,
"2005": 0.2524562988048517,
"2006": 0.2173647351603366,
"2007": 0.0,
"2009": 0.2548698671708437,
"2010": 0.0
},
"sums": {
"absolute": 34,
"relative": 0.7246909011360321
}
},
"FAMILJELIV-KANSLIGA": {
"absolute": {
"2003": 0,
"2022": null,
"2006": 2,
"2007": 2,
"2008": 0,
"2009": 2,
"2010": 0
},
"relative": {
"2003": 0,
"2022": null,
"2006": 0.03860077516918671,
"2007": 0.024307010178195906,
"2008": 0.0,
"2009": 0.020847544844059217,
"2010": 0.0
},
"sums": {
"absolute": 6,
"relative": 0.08375533019144184
}
},
"FAMILJELIV-MEDLEM-ALLMANNA": {
"absolute": {
"2006": 331,
"2022": null,
"2007": 33,
"2008": 5,
"2009": 10,
"2010": 0
},
"relative": {
"2006": 14.114238772410884,
"2022": null,
"2007": 0.4490776251768158,
"2008": 0.06962523507045928,
"2009": 0.15330779818205773,
"2010": 0.0
},
"sums": {
"absolute": 379,
"relative": 14.786249430840217
}
},
"FAMILJELIV-MEDLEM-FORALDRAR": {
"absolute": {
"2006": 19,
"2022": null,
"2007": 413,
"2008": 281,
"2009": 93,
"2010": 22,
"2011": 0
},
"relative": {
"2006": 0.9157536522424542,
"2022": null,
"2007": 5.159427689796418,
"2008": 3.4777751110709785,
"2009": 1.518678099471358,
"2010": 0.7296535687770626,
"2011": 0.0
},
"sums": {
"absolute": 828,
"relative": 11.80128812135827
}
},
"FAMILJELIV-MEDLEM-PLANERARBARN": {
"absolute": {
"2005": 0,
"2021": null,
"2008": 16,
"2009": 12,
"2010": 0
},
"relative": {
"2005": 0,
"2021": null,
"2008": 0.6474066427482282,
"2009": 0.515526586780094,
"2010": 0.0
},
"sums": {
"absolute": 28,
"relative": 1.1629332295283223
}
},
"FAMILJELIV-MEDLEM-VANTARBARN": {
"absolute": {
"2003": 0,
"2023": null,
"2005": 15,
"2006": 40,
"2007": 0,
"2009": 28,
"2010": 0
},
"relative": {
"2003": 0,
"2023": null,
"2005": 0.7235386015561676,
"2006": 0.9383643361872277,
"2007": 0.0,
"2009": 0.6229735144367771,
"2010": 0.0
},
"sums": {
"absolute": 83,
"relative": 2.2848764521801725
}
},
"FAMILJELIV-PAPPAGRUPP": {
"absolute": {
"2004": 0,
"2023": null
},
"relative": {
"2004": 0,
"2023": null
},
"sums": {
"absolute": 0,
"relative": 0.0
}
},
"FAMILJELIV-PLANERARBARN": {
"absolute": {
"2003": 0,
"2022": null,
"2005": 22,
"2006": 0,
"2007": 1,
"2008": 8,
"2009": 1,
"2010": 0
},
"relative": {
"2003": 0,
"2022": null,
"2005": 0.9752566742577099,
"2006": 0.0,
"2007": 0.08107392466383913,
"2008": 0.6913695901949964,
"2009": 0.06345725265632059,
"2010": 0.0
},
"sums": {
"absolute": 32,
"relative": 1.8111574417728662
}
},
"FAMILJELIV-SEXSAMLEVNAD": {
"absolute": {
"2004": 0,
"2022": null,
"2007": 1,
"2008": 0
},
"relative": {
"2004": 0,
"2022": null,
"2007": 0.07860343701388688,
"2008": 0.0
},
"sums": {
"absolute": 1,
"relative": 0.07860343701388688
}
},
"FAMILJELIV-SVARTATTFABARN": {
"absolute": {
"2003": 0,
"2022": null,
"2005": 6,
"2006": 0
},
"relative": {
"2003": 0,
"2022": null,
"2005": 0.5308990314985935,
"2006": 0.0
},
"sums": {
"absolute": 6,
"relative": 0.5308990314985935
}
}
},
"combined": {
"absolute": {
"2003": 0,
"2023": null,
"2005": 53,
"2006": 423,
"2007": 473,
"2008": 318,
"2009": 164,
"2010": 24,
"2011": 0
},
"relative": {
"2003": 0,
"2023": null,
"2005": 0.22807511155476454,
"2006": 0.9016449533793712,
"2007": 0.7449286724575259,
"2008": 0.5106445059647606,
"2009": 0.2764401553173618,
"2010": 0.05823933591471263,
"2011": 0.0
},
"sums": {
"absolute": 1455,
"relative": 0.32580071066055893
}
},
"time": 1076.3434410095215
}
