 
 
 
 
 
 
 
 
 
 
 
 
 
 
 
 
 
 
 
 
 
 
 
 
 
 
 
 
 
 
 
 
 
 
 
 
 
 
 
 
 
 
 
 
 
 
 
 
 
 
 
 
 
 
 
 
 
 
 
 
 
 
 
 
 
 
 
 
 
 
 
 
 
 
 
 
 
 
 
 
 
 
 
 
 
 
 
 
 
 
 
 
 
 
 
 
 
 
 
 
 
 
 
 
 
 
 
 
 
 
 
 
 
 
 
 
 
 
 
 
 
 
 
 
 
 
 
 
 
 
 
 
 
 
 
 
 
 
 
 
 
 
 
 
 
 
 
 
 
 
 
 
 
 
 
 
 
 
 
 
 
 
 
 
 
 
 
 
 
 
 
 
 
 
 
 
 
 
 
 
 
 
 
 
 
 
 
 
 
 
 
 
 
{
"corpora": {
"FAMILJELIV-ADOPTION": {
"absolute": {
"2003": 0,
"2023": null
},
"relative": {
"2003": 0,
"2023": null
},
"sums": {
"absolute": 0,
"relative": 0.0
}
},
"FAMILJELIV-ALLMANNA-EKONOMI": {
"absolute": {
"2003": 0,
"2023": null,
"2011": 2,
"2012": 0
},
"relative": {
"2003": 0,
"2023": null,
"2011": 0.48847850181689584,
"2012": 0.0
},
"sums": {
"absolute": 2,
"relative": 0.48847850181689584
}
},
"FAMILJELIV-ALLMANNA-FAMILJELIV": {
"absolute": {
"2003": 0,
"2023": null,
"2007": 3,
"2008": 0,
"2009": 3,
"2010": 15,
"2011": 0
},
"relative": {
"2003": 0,
"2023": null,
"2007": 0.2899198352327592,
"2008": 0.0,
"2009": 0.3923466764770773,
"2010": 2.3852215489183495,
"2011": 0.0
},
"sums": {
"absolute": 21,
"relative": 3.067488060628186
}
},
"FAMILJELIV-ALLMANNA-FRITID": {
"absolute": {
"2004": 0,
"2023": null
},
"relative": {
"2004": 0,
"2023": null
},
"sums": {
"absolute": 0,
"relative": 0.0
}
},
"FAMILJELIV-ALLMANNA-HUSDJUR": {
"absolute": {
"2003": 0,
"2023": null,
"2008": 1,
"2009": 0
},
"relative": {
"2003": 0,
"2023": null,
"2008": 0.13288369036080314,
"2009": 0.0
},
"sums": {
"absolute": 1,
"relative": 0.13288369036080314
}
},
"FAMILJELIV-ALLMANNA-HUSHEM": {
"absolute": {
"2004": 0,
"2023": null
},
"relative": {
"2004": 0,
"2023": null
},
"sums": {
"absolute": 0,
"relative": 0.0
}
},
"FAMILJELIV-ALLMANNA-KROPP": {
"absolute": {
"2003": 0,
"2023": null,
"2007": 2,
"2008": 17,
"2009": 0
},
"relative": {
"2003": 0,
"2023": null,
"2007": 0.10985675448212812,
"2008": 1.022418080104532,
"2009": 0.0
},
"sums": {
"absolute": 19,
"relative": 1.13227483458666
}
},
"FAMILJELIV-ALLMANNA-NOJE": {
"absolute": {
"2003": 0,
"2023": null,
"2007": 1,
"2008": 1,
"2009": 1,
"2010": 0
},
"relative": {
"2003": 0,
"2023": null,
"2007": 0.0785717293889068,
"2008": 0.07784078989719956,
"2009": 0.08017663232808406,
"2010": 0.0
},
"sums": {
"absolute": 3,
"relative": 0.23658915161419042
}
},
"FAMILJELIV-ALLMANNA-SAMHALLE": {
"absolute": {
"2003": 0,
"2022": null,
"2007": 43,
"2008": 95,
"2009": 50,
"2010": 5,
"2011": 11,
"2012": 3,
"2013": 0
},
"relative": {
"2003": 0,
"2022": null,
"2007": 1.1350358483915195,
"2008": 2.696634316516743,
"2009": 1.2351959907712085,
"2010": 0.16695818121634312,
"2011": 0.35095591457707515,
"2012": 0.12971567275779758,
"2013": 0.0
},
"sums": {
"absolute": 207,
"relative": 5.714495924230688
}
},
"FAMILJELIV-ALLMANNA-SANDLADAN": {
"absolute": {
"2005": 0,
"2022": null,
"2007": 2,
"2008": 0,
"2009": 13,
"2010": 1,
"2011": 5,
"2012": 0
},
"relative": {
"2005": 0,
"2022": null,
"2007": 0.2966127271478803,
"2008": 0.0,
"2009": 2.565339695375778,
"2010": 0.19222193175352537,
"2011": 0.9544895561661743,
"2012": 0.0
},
"sums": {
"absolute": 21,
"relative": 4.008663910443358
}
},
"FAMILJELIV-ANGLARUM": {
"absolute": {
"2006": 0,
"2022": null
},
"relative": {
"2006": 0,
"2022": null
},
"sums": {
"absolute": 0,
"relative": 0.0
}
},
"FAMILJELIV-EXPERT": {
"absolute": {
"2009": 0,
"2023": null
},
"relative": {
"2009": 0,
"2023": null
},
"sums": {
"absolute": 0,
"relative": 0.0
}
},
"FAMILJELIV-FORALDER": {
"absolute": {
"2003": 0,
"2022": null,
"2008": 4,
"2009": 2,
"2010": 0
},
"relative": {
"2003": 0,
"2022": null,
"2008": 0.04524394363722148,
"2009": 0.024693487152028022,
"2010": 0.0
},
"sums": {
"absolute": 6,
"relative": 0.0699374307892495
}
},
"FAMILJELIV-GRAVID": {
"absolute": {
"2003": 0,
"2022": null
},
"relative": {
"2003": 0,
"2022": null
},
"sums": {
"absolute": 0,
"relative": 0.0
}
},
"FAMILJELIV-KANSLIGA": {
"absolute": {
"2003": 0,
"2022": null,
"2007": 1,
"2008": 0,
"2009": 4,
"2010": 0
},
"relative": {
"2003": 0,
"2022": null,
"2007": 0.012153505089097953,
"2008": 0.0,
"2009": 0.041695089688118435,
"2010": 0.0
},
"sums": {
"absolute": 5,
"relative": 0.05384859477721639
}
},
"FAMILJELIV-MEDLEM-ALLMANNA": {
"absolute": {
"2006": 0,
"2022": null
},
"relative": {
"2006": 0,
"2022": null
},
"sums": {
"absolute": 0,
"relative": 0.0
}
},
"FAMILJELIV-MEDLEM-FORALDRAR": {
"absolute": {
"2006": 0,
"2022": null
},
"relative": {
"2006": 0,
"2022": null
},
"sums": {
"absolute": 0,
"relative": 0.0
}
},
"FAMILJELIV-MEDLEM-PLANERARBARN": {
"absolute": {
"2005": 0,
"2021": null
},
"relative": {
"2005": 0,
"2021": null
},
"sums": {
"absolute": 0,
"relative": 0.0
}
},
"FAMILJELIV-MEDLEM-VANTARBARN": {
"absolute": {
"2003": 0,
"2022": null
},
"relative": {
"2003": 0,
"2022": null
},
"sums": {
"absolute": 0,
"relative": 0.0
}
},
"FAMILJELIV-PAPPAGRUPP": {
"absolute": {
"2004": 0,
"2023": null
},
"relative": {
"2004": 0,
"2023": null
},
"sums": {
"absolute": 0,
"relative": 0.0
}
},
"FAMILJELIV-PLANERARBARN": {
"absolute": {
"2003": 0,
"2022": null
},
"relative": {
"2003": 0,
"2022": null
},
"sums": {
"absolute": 0,
"relative": 0.0
}
},
"FAMILJELIV-SEXSAMLEVNAD": {
"absolute": {
"2004": 0,
"2022": null,
"2007": 1,
"2008": 0
},
"relative": {
"2004": 0,
"2022": null,
"2007": 0.07860343701388688,
"2008": 0.0
},
"sums": {
"absolute": 1,
"relative": 0.07860343701388688
}
},
"FAMILJELIV-SVARTATTFABARN": {
"absolute": {
"2003": 0,
"2022": null
},
"relative": {
"2003": 0,
"2022": null
},
"sums": {
"absolute": 0,
"relative": 0.0
}
}
},
"combined": {
"absolute": {
"2003": 0,
"2023": null,
"2007": 53,
"2008": 118,
"2009": 73,
"2010": 21,
"2011": 18,
"2012": 3,
"2013": 0
},
"relative": {
"2003": 0,
"2023": null,
"2007": 0.08346982368774661,
"2008": 0.18948458567624868,
"2009": 0.123049595227008,
"2010": 0.05095288037033077,
"2011": 0.04990257949122585,
"2012": 0.010329159568999016,
"2013": 0.0
},
"sums": {
"absolute": 286,
"relative": 0.06404002613770828
}
},
"time": 969.2146728038788
}
