 
 
 
 
 
 
 
 
 
 
 
 
 
 
 
 
 
 
 
 
 
 
 
 
 
 
 
 
 
 
 
 
 
 
 
 
 
 
 
 
 
 
 
 
 
 
 
 
 
 
 
 
 
 
 
 
 
 
 
 
 
 
 
 
 
 
 
 
 
 
 
 
 
 
 
 
 
 
 
 
 
 
 
 
 
 
 
 
 
 
 
 
 
 
 
 
 
 
 
 
 
 
 
 
 
 
 
 
 
 
 
 
 
 
 
 
 
 
 
 
 
 
 
 
 
 
 
 
 
 
 
 
 
 
 
 
 
 
 
 
 
 
 
 
 
 
 
 
 
 
 
 
 
 
 
 
 
 
 
 
 
 
 
 
 
 
 
 
 
 
 
 
 
 
 
 
 
 
 
 
 
 
 
 
 
 
 
 
 
 
 
{
"corpora": {
"FAMILJELIV-ADOPTION": {
"absolute": {
"2003": 0,
"2023": null
},
"relative": {
"2003": 0,
"2023": null
},
"sums": {
"absolute": 0,
"relative": 0.0
}
},
"FAMILJELIV-ALLMANNA-EKONOMI": {
"absolute": {
"2003": 0,
"2023": null
},
"relative": {
"2003": 0,
"2023": null
},
"sums": {
"absolute": 0,
"relative": 0.0
}
},
"FAMILJELIV-ALLMANNA-FAMILJELIV": {
"absolute": {
"2003": 0,
"2023": null,
"2005": 4,
"2006": 22,
"2007": 0,
"2009": 3,
"2010": 0
},
"relative": {
"2003": 0,
"2023": null,
"2005": 0.48388739649951024,
"2006": 1.4711562432126202,
"2007": 0.0,
"2009": 0.3923466764770773,
"2010": 0.0
},
"sums": {
"absolute": 29,
"relative": 2.347390316189208
}
},
"FAMILJELIV-ALLMANNA-FRITID": {
"absolute": {
"2004": 0,
"2023": null,
"2005": 1,
"2006": 0
},
"relative": {
"2004": 0,
"2023": null,
"2005": 0.6648246591443973,
"2006": 0.0
},
"sums": {
"absolute": 1,
"relative": 0.6648246591443973
}
},
"FAMILJELIV-ALLMANNA-HUSDJUR": {
"absolute": {
"2003": 0,
"2023": null
},
"relative": {
"2003": 0,
"2023": null
},
"sums": {
"absolute": 0,
"relative": 0.0
}
},
"FAMILJELIV-ALLMANNA-HUSHEM": {
"absolute": {
"2004": 0,
"2023": null
},
"relative": {
"2004": 0,
"2023": null
},
"sums": {
"absolute": 0,
"relative": 0.0
}
},
"FAMILJELIV-ALLMANNA-KROPP": {
"absolute": {
"2003": 0,
"2023": null,
"2004": 4,
"2005": 0,
"2008": 1,
"2009": 0
},
"relative": {
"2003": 0,
"2023": null,
"2004": 1.5261373920448562,
"2005": 0.0,
"2008": 0.060142240006148935,
"2009": 0.0
},
"sums": {
"absolute": 5,
"relative": 1.586279632051005
}
},
"FAMILJELIV-ALLMANNA-NOJE": {
"absolute": {
"2003": 0,
"2023": null,
"2004": 7,
"2005": 19,
"2006": 3,
"2007": 10,
"2008": 14,
"2009": 0
},
"relative": {
"2003": 0,
"2023": null,
"2004": 1.6507580752726818,
"2005": 1.8414888999895132,
"2006": 0.23362642807074488,
"2007": 0.785717293889068,
"2008": 1.0897710585607938,
"2009": 0.0
},
"sums": {
"absolute": 53,
"relative": 5.601361755782802
}
},
"FAMILJELIV-ALLMANNA-SAMHALLE": {
"absolute": {
"2003": 0,
"2022": null,
"2004": 5,
"2005": 3,
"2006": 0,
"2008": 1,
"2009": 0
},
"relative": {
"2003": 0,
"2022": null,
"2004": 1.184426871234559,
"2005": 0.2301579842763737,
"2006": 0.0,
"2008": 0.02838562438438677,
"2009": 0.0
},
"sums": {
"absolute": 9,
"relative": 1.4429704798953193
}
},
"FAMILJELIV-ALLMANNA-SANDLADAN": {
"absolute": {
"2005": 0,
"2022": null
},
"relative": {
"2005": 0,
"2022": null
},
"sums": {
"absolute": 0,
"relative": 0.0
}
},
"FAMILJELIV-ANGLARUM": {
"absolute": {
"2006": 0,
"2022": null
},
"relative": {
"2006": 0,
"2022": null
},
"sums": {
"absolute": 0,
"relative": 0.0
}
},
"FAMILJELIV-EXPERT": {
"absolute": {
"2009": 0,
"2023": null
},
"relative": {
"2009": 0,
"2023": null
},
"sums": {
"absolute": 0,
"relative": 0.0
}
},
"FAMILJELIV-FORALDER": {
"absolute": {
"2003": 0,
"2022": null,
"2005": 78,
"2006": 223,
"2007": 72,
"2008": 1,
"2009": 0,
"2010": 1,
"2011": 0
},
"relative": {
"2003": 0,
"2022": null,
"2005": 1.2718987122482117,
"2006": 2.238982169549224,
"2007": 0.8397891639321517,
"2008": 0.01131098590930537,
"2009": 0.0,
"2010": 0.016720798300404422,
"2011": 0.0
},
"sums": {
"absolute": 375,
"relative": 4.378701829939297
}
},
"FAMILJELIV-GRAVID": {
"absolute": {
"2003": 0,
"2022": null,
"2005": 3,
"2006": 0,
"2007": 17,
"2008": 17,
"2009": 0,
"2010": 2,
"2011": 0
},
"relative": {
"2003": 0,
"2022": null,
"2005": 0.0757368896414555,
"2006": 0.0,
"2007": 0.35249248890343277,
"2008": 0.36376043901519867,
"2009": 0.0,
"2010": 0.05427091623498449,
"2011": 0.0
},
"sums": {
"absolute": 39,
"relative": 0.8462607337950715
}
},
"FAMILJELIV-KANSLIGA": {
"absolute": {
"2003": 0,
"2022": null,
"2004": 9,
"2005": 0,
"2010": 1,
"2011": 0
},
"relative": {
"2003": 0,
"2022": null,
"2004": 0.8685181285788979,
"2005": 0.0,
"2010": 0.013084212372153833,
"2011": 0.0
},
"sums": {
"absolute": 10,
"relative": 0.8816023409510517
}
},
"FAMILJELIV-MEDLEM-ALLMANNA": {
"absolute": {
"2006": 0,
"2022": null,
"2007": 13,
"2008": 50,
"2009": 45,
"2010": 0
},
"relative": {
"2006": 0,
"2022": null,
"2007": 0.17690936749389716,
"2008": 0.6962523507045928,
"2009": 0.6898850918192597,
"2010": 0.0
},
"sums": {
"absolute": 108,
"relative": 1.5630468100177497
}
},
"FAMILJELIV-MEDLEM-FORALDRAR": {
"absolute": {
"2006": 141,
"2022": null,
"2007": 619,
"2008": 480,
"2009": 158,
"2010": 199,
"2011": 70,
"2012": 2,
"2013": 0
},
"relative": {
"2006": 6.795856050851897,
"2022": null,
"2007": 7.732895254198506,
"2008": 5.940683463751137,
"2009": 2.580119781897576,
"2010": 6.600048190301611,
"2011": 8.088281512869148,
"2012": 0.7305525095574532,
"2013": 0.0
},
"sums": {
"absolute": 1669,
"relative": 38.468436763427334
}
},
"FAMILJELIV-MEDLEM-PLANERARBARN": {
"absolute": {
"2005": 0,
"2021": null
},
"relative": {
"2005": 0,
"2021": null
},
"sums": {
"absolute": 0,
"relative": 0.0
}
},
"FAMILJELIV-MEDLEM-VANTARBARN": {
"absolute": {
"2003": 0,
"2022": null,
"2005": 2,
"2006": 0
},
"relative": {
"2003": 0,
"2022": null,
"2005": 0.09647263254712639,
"2006": 0.0
},
"sums": {
"absolute": 2,
"relative": 0.09647263254712639
}
},
"FAMILJELIV-PAPPAGRUPP": {
"absolute": {
"2004": 0,
"2023": null
},
"relative": {
"2004": 0,
"2023": null
},
"sums": {
"absolute": 0,
"relative": 0.0
}
},
"FAMILJELIV-PLANERARBARN": {
"absolute": {
"2003": 0,
"2022": null,
"2004": 2,
"2005": 0,
"2006": 3,
"2007": 0
},
"relative": {
"2003": 0,
"2022": null,
"2004": 0.16094175389173257,
"2005": 0.0,
"2006": 0.13288257202545464,
"2007": 0.0
},
"sums": {
"absolute": 5,
"relative": 0.2938243259171872
}
},
"FAMILJELIV-SEXSAMLEVNAD": {
"absolute": {
"2004": 0,
"2022": null
},
"relative": {
"2004": 0,
"2022": null
},
"sums": {
"absolute": 0,
"relative": 0.0
}
},
"FAMILJELIV-SVARTATTFABARN": {
"absolute": {
"2003": 0,
"2022": null
},
"relative": {
"2003": 0,
"2022": null
},
"sums": {
"absolute": 0,
"relative": 0.0
}
}
},
"combined": {
"absolute": {
"2003": 0,
"2023": null,
"2004": 27,
"2005": 110,
"2006": 392,
"2007": 731,
"2008": 564,
"2009": 206,
"2010": 203,
"2011": 70,
"2012": 2,
"2013": 0
},
"relative": {
"2003": 0,
"2023": null,
"2004": 0.2799151981356404,
"2005": 0.4733637975929107,
"2006": 0.8355673943518658,
"2007": 1.1512536059574108,
"2008": 0.9056720874695275,
"2009": 0.3472358440652555,
"2010": 0.4925445102465308,
"2011": 0.19406558691032275,
"2012": 0.006886106379332677,
"2013": 0.0
},
"sums": {
"absolute": 2305,
"relative": 0.5161266975206117
}
},
"time": 959.9569385051727
}
