year	v1abs	v2abs
1907	7459	108
1908	5675	55
1909	5467	58
1910	6207	58
1911	6306	61
1912	6861	162
1913	6520	122
1914	6679	148
1915	7139	78
1916	6887	54
1917	7203	75
1918	7185	68
1919	7951	72
1920	8294	68
1921	8006	70
1922	8880	79
1923	10034	81
1924	10139	87
1925	10241	58
1926	8205	50
1927	8195	54
1928	8643	59
1929	9350	75
1930	9295	38
1931	9461	54
1932	9540	65
1933	9698	60
1934	10066	43
1935	10423	60
1936	11084	66
1937	10206	43
1938	11645	54
1939	12514	78
1940	9685	53
1941	9666	52
1942	9232	62
1943	12086	111
1944	15826	115
1945	18746	70
1946	16209	59
1947	14345	48
1948	14188	48
1949	14034	46
1950	14356	44
1951	13735	54
1952	14393	53
1953	13912	52
1954	14558	64
1955	15145	54
1956	15056	63
1957	15486	64
1958	15705	60
1959	16828	72
1960	18093	61
1961	17760	63
1962	16796	59
1963	16570	54
1964	16940	56
1965	20995	109
1966	22394	131
1967	22767	195
1968	22376	152
1969	24857	142
1970	25984	136
1971	23480	168
1972	23610	164
1973	23841	194
1974	21990	223
1975	22517	165
1976	23101	198
1977	24623	188
1978	21848	157
1979	22005	217
1980	25415	272
1981	22908	229
1982	22926	247
1983	22999	269
1984	24194	283
1985	25008	294
1986	24454	319
1987	24971	355
1988	25754	390
1989	27643	452
1990	27624	613
1991	23838	491
1992	24875	565
1993	24718	622
1994	27590	728
1995	29089	839
1996	23544	809
1997	25488	978
1998	26336	1207
1999	26981	1342
2000	26128	1586
2001	17012	1130
2002	16039	1326
2003	16382	1342
2004	16157	1536
2005	16408	1648
2006	16828	1923
2007	17071	1941
2008	17988	2681
2009	17545	2960
2010	16853	3251
2011	16886	3545
2012	16069	4099
2013	77325	18776
2014	224398	58662
2015	220048	62928
2016	222882	65891
2017	210024	68648
2018	212243	78925
2019	202534	78730
2020	204894	83676
2021	187013	82722
2022	176246	85084
2023	148070	74456
2024	127942	67016
2025	109528	59650
2026	40787	21949
