year	absv1	absv2
1907	142	750
1908	108	720
1909	109	579
1910	90	596
1911	124	644
1912	89	734
1913	83	683
1914	108	729
1915	114	656
1916	57	577
1917	107	708
1918	115	620
1919	100	525
1920	105	599
1921	129	636
1922	148	764
1923	133	811
1924	101	825
1925	124	865
1926	111	703
1927	89	658
1928	74	653
1929	82	700
1930	64	650
1931	67	708
1932	63	618
1933	66	772
1934	61	712
1935	78	731
1936	88	731
1937	59	680
1938	55	682
1939	58	761
1940	62	621
1941	47	603
1942	37	694
1943	57	811
1944	61	1031
1945	75	915
1946	61	746
1947	38	753
1948	64	708
1949	39	770
1950	38	795
1951	38	731
1952	32	770
1953	29	730
1954	30	748
1955	32	751
1956	27	772
1957	39	782
1958	32	770
1959	27	826
1960	26	960
1961	25	926
1962	15	967
1963	19	895
1964	24	871
1965	26	1195
1966	31	1337
1967	29	1343
1968	26	1390
1969	35	1465
1970	23	1592
1971	20	1495
1972	26	1508
1973	35	1553
1974	37	1350
1975	26	1583
1976	15	1415
1977	26	1554
1978	32	1524
1979	19	1516
1980	28	1748
1981	23	1620
1982	25	1688
1983	17	1805
1984	22	1726
1985	24	1652
1986	22	1588
1987	26	1742
1988	30	1824
1989	21	1914
1990	23	1851
1991	16	1928
1992	24	2156
1993	36	2268
1994	43	2498
1995	28	2511
1996	21	2147
1997	30	2191
1998	23	2401
1999	19	2470
2000	36	2300
2001	15	1603
2002	17	1671
2003	12	1586
2004	16	1705
2005	7	1558
2006	17	1623
2007	13	1688
2008	13	1755
2009	15	1872
2010	16	1894
2011	11	1941
2012	13	1846
2013	70	7726
2014	225	19927
2015	230	21041
2016	176	21338
2017	162	19939
2018	211	18944
2019	231	18988
2020	179	16736
2021	164	17116
2022	223	15985
2023	147	12385
2024	102	13668
2025	71	12474
2026	47	4560
