year	total	v1abs	v2abs	v1rel	v2rel
1907	180	8	172	0.044444444444444446	0.9555555555555556
1908	105	10	95	0.09523809523809523	0.9047619047619048
1909	97	22	75	0.2268041237113402	0.7731958762886598
1910	93	18	75	0.1935483870967742	0.8064516129032258
1911	115	12	103	0.10434782608695652	0.8956521739130435
1912	111	18	93	0.16216216216216217	0.8378378378378378
1913	132	19	113	0.14393939393939395	0.8560606060606061
1914	97	7	90	0.07216494845360824	0.9278350515463918
1915	122	9	113	0.07377049180327869	0.9262295081967213
1916	80	8	72	0.1	0.9
1917	85	12	73	0.1411764705882353	0.8588235294117647
1918	72	6	66	0.08333333333333333	0.9166666666666666
1919	63	8	55	0.12698412698412698	0.873015873015873
1920	79	4	75	0.05063291139240506	0.9493670886075949
1921	117	6	111	0.05128205128205128	0.9487179487179487
1922	128	22	106	0.171875	0.828125
1923	182	10	172	0.054945054945054944	0.945054945054945
1924	151	17	134	0.11258278145695365	0.8874172185430463
1925	170	13	157	0.07647058823529412	0.9235294117647059
1926	139	13	126	0.09352517985611511	0.9064748201438849
1927	146	6	140	0.0410958904109589	0.958904109589041
1928	118	10	108	0.0847457627118644	0.9152542372881356
1929	132	16	116	0.12121212121212122	0.8787878787878788
1930	137	17	120	0.12408759124087591	0.8759124087591241
1931	142	10	132	0.07042253521126761	0.9295774647887324
1932	180	12	168	0.06666666666666667	0.9333333333333333
1933	148	16	132	0.10810810810810811	0.8918918918918919
1934	229	35	194	0.15283842794759825	0.8471615720524017
1935	170	17	153	0.1	0.9
1936	165	18	147	0.10909090909090909	0.8909090909090909
1937	179	13	166	0.07262569832402235	0.9273743016759777
1938	169	10	159	0.05917159763313609	0.9408284023668639
1939	220	9	211	0.04090909090909091	0.9590909090909091
1940	157	14	143	0.08917197452229299	0.910828025477707
1941	184	13	171	0.07065217391304347	0.9293478260869565
1942	180	16	164	0.08888888888888889	0.9111111111111111
1943	198	29	169	0.14646464646464646	0.8535353535353535
1944	234	17	217	0.07264957264957266	0.9273504273504274
1945	287	20	267	0.06968641114982578	0.9303135888501742
1946	313	25	288	0.07987220447284345	0.9201277955271565
1947	313	34	279	0.10862619808306709	0.8913738019169329
1948	296	19	277	0.06418918918918919	0.9358108108108109
1949	300	16	284	0.05333333333333334	0.9466666666666667
1950	294	20	274	0.06802721088435375	0.9319727891156463
1951	308	21	287	0.06818181818181818	0.9318181818181818
1952	327	26	301	0.07951070336391437	0.9204892966360856
1953	392	26	366	0.0663265306122449	0.9336734693877551
1954	465	22	443	0.047311827956989246	0.9526881720430107
1955	425	29	396	0.06823529411764706	0.9317647058823529
1956	361	36	325	0.0997229916897507	0.9002770083102493
1957	441	41	400	0.09297052154195011	0.9070294784580499
1958	422	35	387	0.08293838862559241	0.9170616113744076
1959	431	24	407	0.05568445475638051	0.9443155452436195
1960	520	33	487	0.06346153846153846	0.9365384615384615
1961	450	30	420	0.06666666666666667	0.9333333333333333
1962	488	35	453	0.07172131147540983	0.9282786885245902
1963	498	45	453	0.09036144578313253	0.9096385542168675
1964	380	23	357	0.060526315789473685	0.9394736842105263
1965	526	34	492	0.06463878326996197	0.935361216730038
1966	590	30	560	0.05084745762711865	0.9491525423728814
1967	740	32	708	0.043243243243243246	0.9567567567567568
1968	754	49	705	0.0649867374005305	0.9350132625994695
1969	890	48	842	0.05393258426966292	0.946067415730337
1970	878	56	822	0.06378132118451026	0.9362186788154897
1971	852	66	786	0.07746478873239436	0.9225352112676056
1972	828	58	770	0.07004830917874397	0.9299516908212561
1973	964	60	904	0.06224066390041494	0.9377593360995851
1974	806	58	748	0.07196029776674938	0.9280397022332506
1975	917	101	816	0.11014176663031625	0.8898582333696837
1976	856	61	795	0.07126168224299065	0.9287383177570093
1977	979	63	916	0.06435137895812053	0.9356486210418795
1978	870	56	814	0.06436781609195402	0.9356321839080459
1979	915	63	852	0.06885245901639345	0.9311475409836065
1980	964	36	928	0.03734439834024896	0.9626556016597511
1981	881	49	832	0.05561861520998865	0.9443813847900113
1982	957	59	898	0.06165099268547544	0.9383490073145245
1983	1006	51	955	0.05069582504970179	0.9493041749502982
1984	1106	64	1042	0.05786618444846293	0.9421338155515371
1985	971	55	916	0.05664263645726056	0.9433573635427395
1986	939	48	891	0.051118210862619806	0.9488817891373802
1987	853	52	801	0.06096131301289566	0.9390386869871044
1988	846	55	791	0.06501182033096926	0.9349881796690307
1989	946	59	887	0.06236786469344609	0.9376321353065539
1990	992	76	916	0.07661290322580645	0.9233870967741935
1991	1024	57	967	0.0556640625	0.9443359375
1992	1036	61	975	0.05888030888030888	0.9411196911196911
1993	1012	54	958	0.0533596837944664	0.9466403162055336
1994	1166	79	1087	0.06775300171526587	0.9322469982847341
1995	1168	38	1130	0.032534246575342464	0.9674657534246576
1996	957	50	907	0.0522466039707419	0.9477533960292581
1997	1004	61	943	0.060756972111553786	0.9392430278884463
1998	1028	54	974	0.05252918287937743	0.9474708171206225
1999	1083	70	1013	0.06463527239150507	0.9353647276084949
2000	1028	58	970	0.05642023346303502	0.943579766536965
2001	608	32	576	0.05263157894736842	0.9473684210526315
2002	605	27	578	0.04462809917355372	0.9553719008264463
2003	565	35	530	0.061946902654867256	0.9380530973451328
2004	608	42	566	0.06907894736842106	0.930921052631579
2005	586	28	558	0.04778156996587031	0.9522184300341296
2006	628	33	595	0.052547770700636945	0.947452229299363
2007	582	24	558	0.041237113402061855	0.9587628865979382
2008	636	29	607	0.04559748427672956	0.9544025157232704
2009	473	23	450	0.048625792811839326	0.9513742071881607
2010	559	20	539	0.03577817531305903	0.964221824686941
2011	496	26	470	0.05241935483870968	0.9475806451612904
2012	489	25	464	0.05112474437627812	0.9488752556237219
2013	2338	145	2193	0.062018819503849444	0.9379811804961505
2014	5616	303	5313	0.053952991452991456	0.9460470085470085
2015	5423	382	5041	0.07044071547114143	0.9295592845288586
2016	5169	254	4915	0.04913909847165796	0.950860901528342
2017	5092	257	4835	0.050471327572663004	0.949528672427337
2018	5568	264	5304	0.04741379310344827	0.9525862068965517
2019	4537	209	4328	0.046065682168834034	0.953934317831166
2020	4394	247	4147	0.05621301775147929	0.9437869822485208
2021	4032	272	3760	0.06746031746031746	0.9325396825396826
2022	3392	150	3242	0.044221698113207544	0.9557783018867925
2023	3331	199	3132	0.059741819273491446	0.9402581807265086
2024	2360	149	2211	0.06313559322033899	0.936864406779661
2025	2751	94	2657	0.0341693929480189	0.9658306070519811
2026	989	57	932	0.057633973710819006	0.942366026289181
