 
 
 
 
 
 
 
 
 
 
 
 
 
 
 
 
 
{
"corpora": {
"WEBBNYHETER2001": {
"absolute": {
"2001": 13,
"2002": null
},
"relative": {
"2001": 21.16743276490635,
"2002": null
},
"sums": {
"absolute": 13,
"relative": 21.16743276490635
}
},
"WEBBNYHETER2002": {
"absolute": {
"2002": 919,
"2003": null
},
"relative": {
"2002": 52.73676555374493,
"2003": null
},
"sums": {
"absolute": 919,
"relative": 52.73676555374493
}
},
"WEBBNYHETER2003": {
"absolute": {
"2003": 405,
"2004": null
},
"relative": {
"2003": 33.14974649038314,
"2004": null
},
"sums": {
"absolute": 405,
"relative": 33.14974649038314
}
},
"WEBBNYHETER2004": {
"absolute": {
"2004": 503,
"2005": null
},
"relative": {
"2004": 36.43258237548115,
"2005": null
},
"sums": {
"absolute": 503,
"relative": 36.43258237548115
}
},
"WEBBNYHETER2005": {
"absolute": {
"2005": 987,
"2006": null
},
"relative": {
"2005": 33.45337683876638,
"2006": null
},
"sums": {
"absolute": 987,
"relative": 33.45337683876638
}
},
"WEBBNYHETER2006": {
"absolute": {
"2006": 986,
"2007": null
},
"relative": {
"2006": 43.698328720633484,
"2007": null
},
"sums": {
"absolute": 986,
"relative": 43.698328720633484
}
},
"WEBBNYHETER2007": {
"absolute": {
"2007": 1002,
"2008": null
},
"relative": {
"2007": 40.68136330312857,
"2008": null
},
"sums": {
"absolute": 1002,
"relative": 40.68136330312857
}
},
"WEBBNYHETER2008": {
"absolute": {
"2008": 844,
"2009": null
},
"relative": {
"2008": 30.622088452555577,
"2009": null
},
"sums": {
"absolute": 844,
"relative": 30.622088452555577
}
},
"WEBBNYHETER2009": {
"absolute": {
"2009": 689,
"2010": null
},
"relative": {
"2009": 26.613846871650455,
"2010": null
},
"sums": {
"absolute": 689,
"relative": 26.613846871650455
}
},
"WEBBNYHETER2010": {
"absolute": {
"2010": 621,
"2011": null
},
"relative": {
"2010": 26.088516024293323,
"2011": null
},
"sums": {
"absolute": 621,
"relative": 26.088516024293323
}
},
"WEBBNYHETER2011": {
"absolute": {
"2011": 823,
"2012": null
},
"relative": {
"2011": 31.33017770301679,
"2012": null
},
"sums": {
"absolute": 823,
"relative": 31.33017770301679
}
},
"WEBBNYHETER2012": {
"absolute": {
"2012": 609,
"2013": null
},
"relative": {
"2012": 24.232015219137992,
"2013": null
},
"sums": {
"absolute": 609,
"relative": 24.232015219137992
}
},
"WEBBNYHETER2013": {
"absolute": {
"2013": 503,
"2014": null
},
"relative": {
"2013": 22.20884099079159,
"2014": null
},
"sums": {
"absolute": 503,
"relative": 22.20884099079159
}
}
},
"combined": {
"absolute": {
"2001": 13,
"2014": null,
"2002": 919,
"2003": 405,
"2004": 503,
"2005": 987,
"2006": 986,
"2007": 1002,
"2008": 844,
"2009": 689,
"2010": 621,
"2011": 823,
"2012": 609,
"2013": 503
},
"relative": {
"2001": 21.16743276490635,
"2014": null,
"2002": 52.73676555374493,
"2003": 33.14974649038314,
"2004": 36.43258237548115,
"2005": 33.45337683876638,
"2006": 43.698328720633484,
"2007": 40.68136330312857,
"2008": 30.622088452555577,
"2009": 26.613846871650455,
"2010": 26.088516024293323,
"2011": 31.33017770301679,
"2012": 24.232015219137992,
"2013": 22.20884099079159
},
"sums": {
"absolute": 8904,
"relative": 32.72742990875428
}
},
"time": 88.50235104560852
}
