author	yob	ntokens
Emeli	1954	255924.0
augustibruden	1972	42772.0
Linnis	1987	11968.0
Sally	1974	70191.0
inga76	1977	92406.0
Vildrosen	1971	27137.0
Solkattan	1976	191189.0
Camarogirl	1971	100247.0
Mara	1974	71826.0
P A K	1973	29592.0
Jennie med ie	1976	655497.0
Smulan1973	1974	37431.0
noorah	1988	46631.0
JAG är BÄST	1973	741556.0
Cassidy	1983	5720.0
kvinna79	1980	70092.0
Helle68	1969	49468.0
Jola	1977	27440.0
Österbotten	1979	17122.0
Gothica	1975	46790.0
Vitsippa75	1976	22335.0
HoppetKärleken	1975	53603.0
Crollan	1968	17379.0
Vafan dåh	1985	13873.0
Liv73	1974	18433.0
gottelina	1974	4915.0
Ninnie	1980	68010.0
UmeåElin	1982	64100.0
Linakinn	1978	13518.0
mikroE	1983	26702.0
Fröken Vit i Madickenhuset	1972	26101.0
latina02	1989	8735.0
2 små prinsessor	1987	47262.0
Betty Boop	1974	46151.0
Sagomamma	1980	10913.0
MalinI	1979	155170.0
Tuttiluttan	1985	44.0
jazmine25	1982	55392.0
castillo	1988	295458.0
Kurreburre	1978	65949.0
hotten	1975	277752.0
MrsCD	1981	207420.0
Cina72	1973	3107.0
Humblebee	1968	9677.0
ballerinamuffins	1985	86777.0
MIC	1985	96518.0
Katja77	1977	17306.0
Anatha	1979	280773.0
Minisen	1976	30479.0
Paprikan	1980	9847.0
Grönögat	1989	135860.0
Carla82	1983	47045.0
wilma123	1975	2699.0
Jmelb	1980	4316.0
Equal	1979	16894.0
smulanjag	1985	22465.0
Seven Costanza	1984	154281.0
AnnaEmma01	1988	18353.0
Maria1	1984	18073.0
semlan99	1976	6385.0
optimist	1969	1487.0
Lilli77	1978	95697.0
mariahammarberg	1981	150916.0
mHalmstadsmamma	1971	36594.0
nicke nyfiken76	1981	44394.0
Lucyinthesky	1982	40896.0
Tjillevippen	1981	109624.0
NorrVimpel	1973	123997.0
werner	1976	15082.0
Kiwi10	1982	27845.0
Wednesday85	1986	100653.0
Mysen	1978	13221.0
Okara	1973	34522.0
Strawberry Mum	1984	31583.0
ava adore	1983	18999.0
Hundtok	1984	102605.0
Magic	1976	333.0
Miniluvan	1976	192699.0
TheCoopers	1976	236149.0
Amy1983	1984	72175.0
Pallas	1974	687497.0
Ninnii	1986	1325.0
idiblon	1982	456592.0
Sockiplast	1980	40927.0
Jessie74	1975	30111.0
Kina79	1980	185877.0
Nagoyam W	1984	29192.0
Linha	1972	101178.0
MammaBecca	1982	60049.0
Barnsugen	1979	7844.0
asa1971	1972	2633.0
Örnie	1963	140178.0
modestyclara	1979	423418.0
My sunshine	1986	29374.0
Nanook	1983	14121.0
Loris	1988	148440.0
Ahdela	1979	27869.0
SandraS	1984	68598.0
fotbollsfru	1977	55325.0
Eldsjäl	1988	30930.0
sandrafia	1984	38718.0
Kärnan	1979	55260.0
skånskan76	1977	6258.0
5barnsmamman	1979	153233.0
Rude Billy	1987	41012.0
Saandraa	1989	79203.0
bono	1973	191.0
bigmomma	1978	53539.0
Hia	1980	28307.0
Beckah82	1983	809644.0
cirkel	1975	108198.0
Japan87	1988	37633.0
EowynAurora	1984	58215.0
luull	1978	2541.0
SingForLife	1973	21071.0
J Anttila	1980	73300.0
Mopsan	1987	439328.0
Dilong	1963	164555.0
Elvirasmamma	1988	14406.0
Mirren	1978	145773.0
SandraD	1987	47137.0
CtJ08	1985	25036.0
slapback	1982	25418.0
Ida1990	1991	36825.0
lokisse	1961	734453.0
doriah	1980	59597.0
mandolin76	1975	22943.0
eviz08	1983	24176.0
Mejasmorsa	1983	19672.0
Alisa	1981	265238.0
Jennaz	1980	14033.0
FruEdberg	1978	14296.0
MissLillan	1961	108266.0
Snäckan84	1985	48273.0
jennifer88	1989	14672.0
Brooklyn	1987	11349.0
JoRi	1988	50790.0
Mickan	1987	4198.0
Babyface	1986	14881.0
silent	1987	7659.0
Joona	1978	35285.0
Astarte	1980	254599.0
fjonkan	1989	101166.0
Tant Groda	1983	174519.0
Challe N	1978	106630.0
oktoberbebis09	1986	11359.0
sallybuse	1960	102815.0
Moonprincess	1987	14369.0
Maya85	1985	11083.0
Multignutten	1980	94599.0
Fjärilen72	1988	58806.0
Lena	1980	288803.0
moans	1972	37786.0
Pebble	1982	27503.0
Tigermom	1978	29968.0
crossfit	1980	16807.0
BounceT	1980	65752.0
eekramaren	1980	102139.0
Tokfrjant	1989	127310.0
Muffinsmamman	1985	14055.0
Nenniz	1985	2639.0
asfaltsblomman	1973	61022.0
BTD	1976	25129.0
Gladhannapanna	1972	366114.0
aigee	1978	99016.0
annajo	1978	25557.0
Diwa	1974	60329.0
Kajsala	1961	59252.0
Sannis83	1984	40174.0
AaronElina	1983	6029.0
Llimen	1987	81864.0
Chilisen	1969	56838.0
Myssnuff	1978	44561.0
colanappen	1983	8898.0
Um muhammed	1984	54993.0
flisan16	1980	63285.0
EmmaHenke	1980	15056.0
Heureka	1975	154837.0
Monicag	1979	2554.0
ooemilyoo	1986	51523.0
janniahlholm	1991	178953.0
Lajkie	1987	219302.0
Calici	1981	9770.0
Harling1985	1986	119844.0
wiizz	1988	39870.0
Molfel	1987	12731.0
solstickan41	1967	56045.0
Lillfjompa	1988	41404.0
nonayti	1983	72034.0
MeandHim	1983	24470.0
Joje	1975	468906.0
Angelinas mamma	1988	6790.0
Mifuna	1985	15292.0
Lunas	1982	21808.0
majzzan	1981	12900.0
camave	1979	68047.0
Hedi	1966	355463.0
sara jolu	1984	16831.0
Kaosmamma	1982	88528.0
Curious	1986	10266.0
jentho	1986	35035.0
Majuni	1974	99566.0
delifi2	1975	351183.0
msmalin	1982	37946.0
versus	1987	283915.0
Makkinje	1987	18043.0
Anna81	1982	59550.0
högbergarna	1979	295590.0
Fleur	1976	24088.0
En glad tjej	1979	131589.0
lieh	1971	29157.0
challan82	1983	52244.0
Atamon	1972	320719.0
Lolion	1984	28233.0
luzorsus	1978	153328.0
kariba	1981	56534.0
Eleni	1986	89085.0
nattisss	1987	14521.0
MyStyle	1983	32943.0
FridaochSamuel	1991	37362.0
Pinje	1972	104756.0
Maline	1973	46592.0
Melike	1983	40140.0
honeybun	1984	36723.0
Annsofie83	1984	28457.0
lillaknytet	1982	31589.0
JosefinsMamma	1975	36951.0
tjejmamma79	1980	22230.0
Busfröet	1981	25622.0
Scilia	1980	49770.0
lenabolin	1982	66509.0
Mymla X	1976	24438.0
Mylla	1980	113688.0
Livshlädje	1974	120677.0
swala	1980	24657.0
pållan	1975	44545.0
korvmedbröd	1988	174955.0
Ennna	1980	20932.0
mmiaa	1984	97803.0
HelHel	1983	13059.0
bambigirl	1982	216163.0
evita	1971	39351.0
sofilosson	1986	4470.0
Chaplin	1976	40244.0
Fjällräven	1984	73158.0
Baronessan	1975	70603.0
hannis	1979	91997.0
annroll	1983	68284.0
Majamjau	1979	28320.0
Rimfolina	1980	87416.0
MiaMarias	1980	190152.0
hemljuvahem	1986	108273.0
Mika86	1987	35089.0
83an	1984	111363.0
Katrin76	1977	7380.0
Zesssan	1986	21440.0
lilja87	1988	8470.0
nea med 2	1982	4385.0
Nilla83	1984	9251.0
solskina	1971	185439.0
Egogirl	1981	56766.0
crazy hannah	1987	172453.0
J83	1985	33969.0
car	1975	356676.0
gravid	1986	14997.0
marlene83	1984	39544.0
beEMbe	1979	68432.0
bripoint	1968	37387.0
livet leker	1990	181512.0
Emma Elisabeth	1991	8099.0
Michanna	1978	16900.0
RestoreMe	1974	324.0
Midwinter	1984	64848.0
Ablan	1986	257051.0
Maac	1984	44507.0
Iorlover	1969	60640.0
mononoke hime	1975	32212.0
tessise	1981	44547.0
Panope	1980	3590.0
Lavish	1986	633818.0
Engelvinge	1978	18547.0
Kyanita	1974	183801.0
EmmaOh	1980	82175.0
Empan81	1982	50219.0
Gubbas	1976	8769.0
Gyllan	1985	63419.0
regnbågspappan	1989	83887.0
Susstuss	1984	37706.0
FreeForAll	1984	188374.0
vänlig	1973	3203.0
cocos87	1988	51677.0
Jamieolivia	1983	78853.0
Bellizzzzz	1986	9871.0
Krake	1961	116488.0
CeeJay	1973	611155.0
pluvdo	1987	220650.0
Fru Brastad	1977	70685.0
Charmeuse	1985	84083.0
Nattis	1971	15028.0
Olivia2006	1978	15960.0
Johannapanna87	1988	29334.0
junimagi	1982	33203.0
StilaM	1976	92267.0
Chilianna	1981	783.0
Terez	1984	47887.0
aprilfamilj	1987	107244.0
elinville	1981	192671.0
MartinaE	1985	32581.0
Aaglars	1971	208353.0
Bohman	1986	376871.0
Klunsen111	1976	46590.0
Tjiklex	1987	28760.0
CuteElliz	1988	151183.0
Tainted	1988	36394.0
Olivia3mars	1979	13702.0
BELLAm2	1982	19447.0
Lily of the Valley	1986	57039.0
mammasgullar	1990	103324.0
pco	1987	39959.0
fröken sol	1979	30116.0
SStina	1987	17924.0
Thesso	1991	79170.0
Fantastic 4	1978	95248.0
Lemonad	1983	15433.0
Jeanette81	1982	19990.0
Farmer boy	1957	5792.0
BaraCarolina	1979	47437.0
pisces74	1975	8921.0
Rae	1975	101207.0
Lia och bäbisen	1983	170179.0
Koalan	1980	5558.0
Juppepuppe	1980	65268.0
så mycket bättre	1987	94941.0
Chokladpinglan	1985	55020.0
Sara K	1986	85288.0
TinaLi	1984	150680.0
Smetanina	1977	162442.0
Sockerkakan	1978	152275.0
SaraSara	1976	143354.0
saltflingan	1990	634953.0
Catasita81	1982	26125.0
Fraggelgirl	1981	182542.0
Lillkillensmamma	1982	21345.0
Lorelei	1978	217465.0
mkp	1989	42549.0
TeeTee	1988	48028.0
stormfågel	1980	64582.0
Petrellie	1974	121972.0
God cares	1986	67923.0
missis	1981	21672.0
Julia08	1974	32979.0
Vicki77	1978	27206.0
Zinara	1980	34496.0
Heavy	1980	61613.0
Mornie Alantie	1987	193039.0
memba	1981	35508.0
Minimor78	1979	8867.0
hymafr	1965	253245.0
krabbis	1967	5902.0
LA Woman	1975	138133.0
Systermalin	1984	29721.0
tinaaaaaa	1987	59813.0
Miss Cee	1981	461321.0
mamma smurfen	1974	55977.0
Linaek	1964	101586.0
EXPOSED	1971	57740.0
Emmel	1973	435308.0
Jojjanna	1975	11202.0
Lilla Morran	1984	165973.0
mamma83	1984	6195.0
Rundabullar	1980	74836.0
Smulu	1979	85363.0
ModestyB	1982	180161.0
Lovi	1981	76785.0
Banana82	1983	35028.0
Zezana	1980	115524.0
Jordgubbssmak	1968	153878.0
ajkw	1990	17421.0
bonsai	1982	24370.0
orpan	1982	48397.0
Jossebell	1969	74495.0
basil	1977	23098.0
Ambrosia	1984	897.0
Butterscotch	1975	434405.0
Nessima	1989	18024.0
Raggarmunk	1981	9125.0
Gladabarnensmamma	1983	322977.0
LindizJ	1980	12665.0
Nickos	1988	17332.0
yodi	1980	186392.0
Maximumtaste	1988	21271.0
ROGG	1972	25029.0
FredrikBBB	1969	59738.0
DenNamnbitne	1990	130401.0
Lilla JJ	1978	181115.0
giftgrodan	1980	152025.0
BertilB	1967	13745.0
felicityporter	1986	63016.0
Puchahontas	1975	39476.0
Nekogirl	1986	13458.0
Anicol	1984	3885.0
Pochahontas	1974	207930.0
Grenna	1967	31673.0
Maskot	1971	103056.0
YayasMami	1989	44733.0
Titti	1982	18311.0
Habbi	1991	42754.0
emmis82	1982	5116.0
Hoppfull84	1985	66293.0
Some	1980	23367.0
Anova	1979	401081.0
Millsan	1986	11323.0
annmin	1961	27809.0
sandrablom	1988	41323.0
morotsland	1981	302020.0
mysmamma84	1985	13838.0
Mummyfied	1990	134422.0
Sofia L	1985	18238.0
Myzan	1976	73928.0
Caroline08	1989	25450.0
sockerbomben	1973	10244.0
tessum	1985	97688.0
Lowika	1981	35569.0
Rastafairy	1987	177334.0
MissSindra	1982	70503.0
lotfix	1985	10562.0
Fröken Juni	1974	154136.0
Syster C	1980	39001.0
Jojile	1986	26054.0
vickan7	1975	12901.0
hannizen	1987	37835.0
Lina86	1987	96441.0
Houdini	1966	49800.0
Jenny87	1988	45212.0
Helen 1984	1985	41711.0
Stefanie	1988	101415.0
carrobarro84	1985	157329.0
Goya	1963	32502.0
PetraMunchen	1972	183676.0
glaadamamman	1978	2216.0
Git	1978	112498.0
jådåsåatt	1984	80744.0
Spanjoren	1976	20883.0
Missermajser	1974	3275.0
Zazz82	1983	24840.0
astro	1978	237158.0
Niiskuneiti	1988	105887.0
lilla mej	1978	139855.0
Madame Mom	1974	138502.0
KevinsMamma83	1984	7217.0
mirrebusan	1985	122826.0
Tiril	1977	4633.0
FridaBjoerk	1992	8800.0
BrunoBus	1985	16184.0
Denise87	1988	12738.0
MelissaLiamLilo	1987	3591.0
Daz	1980	30093.0
mjau84	1985	6227.0
MariaE	1980	9414.0
underverket 06	1971	306141.0
AnitaAndersson	1985	14772.0
Jonna79	1980	38170.0
djevojka	1982	2528.0
Gossow	1986	39646.0
Eled	1990	29159.0
Frejan	1985	5451.0
Stumpan84	1985	151528.0
lillasmilla	1988	81070.0
Marleen	1986	149879.0
sleeping angel	1984	258261.0
FruSabbi	1985	16901.0
Micalela	1987	30107.0
Ms Trooper	1985	17661.0
Jess87	1988	43606.0
MammaMia87	1987	18222.0
GRO68	1969	17834.0
vill bli mamma 2009	1976	49494.0
Badbollen	1984	15315.0
BeccaStina	1987	96562.0
jaghetersophia	1983	89824.0
Malena C	1969	26295.0
Fembarnsmorsan	1972	44544.0
antitanten	1955	42671.0
RiNan	1984	296010.0
Presario	1987	6564.0
SusiSue	1978	71941.0
Quinnan	1990	13909.0
Lilaa	1982	95566.0
Scaniamamma	1987	20557.0
Annos85	1986	19325.0
Amulett	1976	202245.0
Angelica30	1978	26509.0
MissPearl	1981	14541.0
AnnaKlara	1971	142286.0
pumpkinpie	1984	93288.0
Maja27	1963	17225.0
FrökenPillson	1981	10431.0
Hemlighet	1985	126334.0
Bette	1967	165776.0
madde1983	1984	26411.0
korfu08	1976	131347.0
LaFontaine	1985	238991.0
Kary	1982	29284.0
Annamaja	1981	82578.0
Lia85	1986	108306.0
dicny	1980	34972.0
Musetti	1982	12945.0
Bergling	1976	9924.0
puman0507	1973	6664.0
Lippans	1979	18248.0
mandelblomma	1990	480515.0
Daimis	1977	160541.0
flixflax	1976	18289.0
Missnööjd	1975	14410.0
LuMa	1979	192629.0
Redstone	1972	15351.0
blomman 2	1965	17861.0
Tjoflöjt	1982	42885.0
mirre67	1968	115926.0
pingstlilja	1976	30621.0
Sashimi	1976	89201.0
Marre	1980	31501.0
Corpset	1982	91823.0
mika85	1986	26348.0
Steffi	1972	1898.0
Tittij	1978	124347.0
lillabebben	1980	120742.0
Trollungen08	1985	18896.0
Dynamic	1980	86309.0
Mondino	1968	203374.0
Liten måne	1984	122819.0
Charlotte1987	1988	18662.0
maamje	1980	28451.0
riboflavin	1985	73648.0
diddisen80	1981	28886.0
malin neli	1981	40894.0
Trillian80	1986	147985.0
nostalgi	1960	24394.0
JBC	1986	108488.0
ErikaFika	1987	13014.0
barnsjuk	1975	20875.0
Isabelsmamma	1986	26549.0
Tigra79	1980	260126.0
jazzy	1987	161550.0
Rosen123	1985	15321.0
Gustie	1973	117029.0
Lakrids	1977	62815.0
estrella81	1981	36943.0
FallenMadonnaWithTheBigBoobies	1975	127435.0
Jennypenny83	1984	78153.0
Disco	1980	73956.0
Pumpkin	1985	414346.0
sariat	1986	19333.0
grata	1978	9963.0
TigerLinn	1986	161521.0
Jessys	1987	134477.0
Pilu	1983	33367.0
Lucefera	1986	30339.0
Doktorn	1972	183422.0
Empo	1985	85389.0
Ellaria	1990	7210.0
Pirjo79	1980	11406.0
tokfia	1968	14517.0
Ripper500	1984	11886.0
Zephir	1986	55723.0
Colisa	1981	55399.0
Icis86	1987	26582.0
Insatt	1982	36737.0
Jeanettealice	1977	9815.0
hundpuss	1988	412964.0
mamita64	1965	416381.0
NadiaMi	1975	1142538.0
ankling	1959	24970.0
Winglur	1989	183995.0
Sofiapers	1976	10806.0
Chrille 84	1985	15734.0
Floff	1983	168705.0
Bonbon	1985	15818.0
Dorian Ertymexx	1973	2179659.0
Sadie	1984	162723.0
Min högsta önskan	1979	155451.0
Tigress77	1978	27576.0
Sigrid	1975	152420.0
pysselmajjo	1983	40148.0
Lönnsirap	1981	73132.0
biologic	1987	12900.0
Sossan	1976	3448.0
Casey	1989	21480.0
Dajo	1986	17701.0
Lucky	1980	43097.0
Fe73	1974	148882.0
grodan 82	1983	7346.0
FrökenR	1989	27782.0
Timmervik	1976	6184.0
ALJO	1987	66735.0
Piri	1967	101337.0
modesty74	1975	24579.0
Sarge	1976	26837.0
Nellabus	1978	10456.0
Tottelina	1985	66537.0
skjuter illa	1977	3378.0
chivasregal	1962	52922.0
lena1	1960	12689.0
fostermamman	1962	12665.0
ajmaj	1975	75291.0
målvakten	1984	20495.0
Rilliana	1984	47046.0
Väntar första barnet	1985	26583.0
Kajsa86	1987	22179.0
Tattyn	1978	100289.0
sockerslav	1980	23553.0
Hallonmumsan	1987	52152.0
Torparn	1975	43552.0
brokig	1984	52146.0
Annisens81	1982	27210.0
Nemone	1980	5032.0
qbtq	1985	29869.0
hot fuss	1980	147730.0
FruE	1987	7008.0
ewis1	1973	12629.0
Draqnight	1987	11369.0
mamma1970	1977	16384.0
aldrigmer	1954	26282.0
TheFamily	1980	182621.0
Lee76	1977	6338.0
raya	1989	32002.0
power	1989	8579.0
solstraalen	1982	282482.0
KinkyE	1991	5131.0
Izamoon	1982	11429.0
lillasysterjessa	1981	11020.0
Urpan	1981	10502.0
lilliz84	1985	8397.0
mazquE	1990	29911.0
jessica83	1984	7223.0
skruttis11	1982	155461.0
Madelene0	1986	30722.0
AmandaBrun	1985	317268.0
passau	1977	134960.0
IsaCMoJs	1983	187135.0
Keyrie	1986	12312.0
Lady Blue	1984	16029.0
Sazee	1990	40314.0
J1983	1984	124416.0
spaceylisie	1984	111467.0
upyours	1981	57822.0
Cacan	1982	32360.0
eyalee	1987	52047.0
allakantralla	1976	308166.0
Gravid 89	1990	146515.0
LBA	1986	12850.0
pindile	1984	98203.0
Caaarroo	1989	2783.0
Mamma till gullungen	1978	40189.0
ingra	1975	54219.0
Agent 355	1975	48410.0
Azusephre	1988	61452.0
Vildblomman	1985	38649.0
olympia71	1972	43308.0
Knasiga morsan	1985	104623.0
WhiteAngels	1980	205677.0
tusshh	1988	74944.0
new age	1980	20692.0
Lisa1977	1978	35851.0
Epona	1982	9312.0
Dalton	1986	28336.0
Fia86	1987	21094.0
Norea	1973	46333.0
tillit71	1972	44286.0
Lillatroll	1974	137707.0
Makaron	1986	10484.0
AminasmammaElin	1986	17769.0
sara1981	1982	109687.0
AAEV	1987	127650.0
Tokfia 7	1978	79996.0
GeRDiS	1984	4341.0
helenen	1972	26260.0
Dompans mamma	1983	65366.0
Trolli	1985	66110.0
Fridapida	1982	149354.0
Filemon Syklon	1965	12924.0
sursocka	1982	129762.0
Sommarkatten	1987	13361.0
emme 86	1987	165623.0
Erika Ö	1989	111183.0
Anna Lisa	1979	52557.0
Granada	1975	220169.0
Lill Z	1978	2800.0
NochA	1985	33047.0
RockingSkåne	1981	18894.0
HJ81	1982	21742.0
Konvaljen	1985	83993.0
Aniko	1976	43546.0
ForReal	1984	13857.0
minismurfen	1983	13232.0
Sven Justus	1956	55127.0
tompatiger	1976	2928.0
Lyxmamma	1973	64081.0
MissGoodie	1976	34576.0
linas fina	1984	72353.0
LHUF	1980	400024.0
Rockenrola	1984	57250.0
TessJH	1984	24501.0
Aleksandra	1962	16176.0
Maria2	1978	4251.0
Gunge	1984	4097.0
Valente	1973	15791.0
SuzR	1982	272979.0
jessican	1979	23582.0
gosmamman	1983	253428.0
Urtica	1981	30208.0
trollprinsessan	1978	48647.0
zuzzan	1984	46029.0
ShuppShupp	1985	16953.0
Saltlakrits	1984	93428.0
TessaS	1974	368745.0
Tida77	1978	98954.0
tempo21	1974	55168.0
Geshia	1981	220601.0
TheStar	1977	64426.0
mammastegeby	1985	9907.0
kixan	1982	78477.0
hally	1986	133880.0
Liona	1981	77114.0
Trojan Rudeboy	1981	7578.0
Ema86	1987	12981.0
Tonci	1986	36598.0
Spacekotten	1985	10916.0
Soti75	1976	23108.0
Koocachoo	1979	28791.0
Maja Gräddnos	1979	58097.0
Elisie	1985	29781.0
LillaLoppanT	1981	262619.0
ciissii	1990	10537.0
annawall	1976	44555.0
star67	1968	57971.0
Oktoberbebis	1981	10650.0
Karolina75	1975	26924.0
morguse	1982	5754.0
Humlansbebis	1983	53236.0
Millakilla	1980	13289.0
Lakritsglassen	1983	6101.0
FL Lisa	1983	175471.0
Lisa1976	1977	56210.0
Cecilia84	1984	12934.0
Mina72	1973	33427.0
Bettyboopan1984	1985	35000.0
Finasteunge	1987	23508.0
Snooze	1981	177454.0
Pyre på väg	1983	21448.0
juni2009	1983	12994.0
Nifesoj	1988	15462.0
2babiesmom	1983	52210.0
Vintervacker	1980	55727.0
SaraSahara	1980	13572.0
Mya1	1973	11303.0
stoltmamma87	1988	23850.0
svischan	1983	109017.0
Pillan81	1979	49086.0
aggebagge	1978	3970.0
Flamma	1984	200617.0
lindab	1982	6462.0
rosenkind	1983	132360.0
Killarnas morsa	1972	136904.0
Ronjah	1987	71560.0
lenka	1986	2594.0
TeZs	1987	84644.0
Rocktroll	1985	145319.0
S a C	1983	108860.0
MajaMaria79	1980	129460.0
fröken	1977	104413.0
nathana1	1976	24413.0
Kikkis	1973	4347.0
ZezzA80	1981	36402.0
Madicken och Lisabeth	1976	8544.0
Skutta	1986	5346.0
Lissy81	1982	18773.0
tantS	1987	11034.0
längtafia	1984	10390.0
Hellström	1979	3439.0
exiteme	1972	35030.0
Annika78	1979	5642.0
nanna74	1975	866.0
Ghettoblaster	1977	5841.0
Amme79	1980	11441.0
Sara E	1985	61313.0
Fyrklovern	1982	31023.0
menta	1977	2084.0
esther	1966	13608.0
Amicus verus est rara avis	1987	5758.0
katt tass	1981	55363.0
nobilis	1967	23917.0
marla333	1987	40267.0
CoolJen	1980	70174.0
Tummelisa06	1980	34978.0
hugger i sten	1981	13697.0
jennie88	1989	4612.0
magelita80	1981	21059.0
zetika	1985	22325.0
musli	1972	286971.0
Mamma till Lilla A	1983	8265.0
fru smurf	1979	135700.0
Kampis	1988	10879.0
Loppan75	1976	11425.0
Fossa	1989	101500.0
Linaslus	1985	61929.0
tindistar	1988	22035.0
sagorummet 3	1988	13217.0
juzze	1984	82320.0
Bubblan84	1971	42138.0
Stella79	1980	19236.0
EmmAhh	1987	114310.0
emma71	1971	6095.0
Mashenjka	1973	12815.0
camas	1984	70111.0
Chipotle	1980	39041.0
Jencie	1988	25575.0
anyXX	1983	115227.0
karusell	1977	12555.0
Damien och Adrian	1973	242455.0
Pusselbiten86	1987	93526.0
Jojo 85	1986	260799.0
joyzi	1985	16511.0
Den där Mary	1981	4028.0
tess1987	1988	50656.0
Skruttis1979	1979	325039.0
chicopico	1983	18666.0
cherryblossom	1983	7100.0
mal	1983	19024.0
LillaEllan	1987	66398.0
Klantus	1982	27414.0
karinagumman	1979	96394.0
Martinis	1984	20991.0
lilletrille	1979	19199.0
Yori	1988	10595.0
bubbelmaja	1978	170164.0
emilou77	1982	24562.0
Linnéa777	1989	16386.0
Egon26	1986	9683.0
LitenMamma	1988	12882.0
Turran	1976	122723.0
Mirali	1989	29278.0
apaqnirk	1981	14466.0
Cakemaker	1988	14681.0
april79	1980	50513.0
Väntarochlängtar	1971	110426.0
Pebblas	1985	24401.0
Dunderklumpen	1989	42106.0
principessan	1986	5237.0
Lulle	1977	15509.0
Josefine 85	1986	33833.0
Mysmonstret	1981	12193.0
MY2004	1980	33157.0
Emsingen	1977	4960.0
ellenagnes	1974	25449.0
Solglimtar	1988	56252.0
Malo	1982	40189.0
seadwarf	1982	59016.0
Horst	1976	96510.0
FridaLee	1987	97901.0
AsfaltsBlomma	1980	13105.0
maria8109	1982	67998.0
Röllekan	1978	9348.0
soffien	1986	16888.0
sebbeman	1980	4643.0
soff82	1983	27710.0
ludde1	1979	16869.0
Bong	1980	47256.0
emo	1972	20025.0
norrlandsflicka	1980	13633.0
oxle bo	1986	55090.0
clembke	1981	140164.0
Mamma TN	1989	10248.0
Izzo	1976	20302.0
Fanaya	1983	3922.0
Riskiflickan	1981	139546.0
Caladhiel	1987	4008.0
Novalie	1977	16553.0
PernillaWaxin	1987	19348.0
Beetle	1981	44698.0
gastronomer	1990	3811.0
rockmamman	1984	28906.0
Superizza	1988	26594.0
BängtRagnhild	1987	33169.0
ErikaCC	1979	15857.0
skorpiona	1981	273751.0
EmmJay	1984	8867.0
Cynric	1986	87869.0
bumse2	1974	80953.0
lingonben	1952	65045.0
Smulanpus	1982	71511.0
Atjo	1977	19278.0
bitte67	1968	66098.0
Pingeling	1983	9201.0
bili	1960	55220.0
Hayati	1991	10517.0
mamma9905	1976	10343.0
smulan 75	1976	22633.0
NinnaW	1977	7342.0
Lill Bästis	1987	33132.0
Augustimamman	1986	4657.0
lillälva	1978	82390.0
ump	1978	18846.0
Softyy	1981	24333.0
Snabeldrake	1992	7625.0
vivi85	1986	68537.0
alexix	1980	10630.0
ak73	1974	9480.0
Bonzan	1983	17625.0
abinito	1978	52467.0
Niccipicci	1976	57173.0
Sippan76	1977	7678.0
Tårtsmulan	1975	17745.0
Fresa78	1979	49191.0
Niccan88	1989	10251.0
äntligen Vi	1984	13190.0
bebis090614	1988	44070.0
Anna76	1977	34047.0
Hemera	1971	9928.0
ÄlskadeUnge	1987	104388.0
Missy M	1987	53498.0
Nina 77	1978	18655.0
Pikapika	1974	11738.0
MiniFröberg	1984	43152.0
anniebananie	1983	23973.0
Cattapult	1979	23434.0
Tess1979	1980	6717.0
VirrAnna	1985	74469.0
Majsansarne	1981	11072.0
Ssofia	1974	15395.0
Kallemero79	1980	17384.0
Losa	1972	8133.0
bmbengtsson	1981	8649.0
Hjärtefröjd	1979	38380.0
En skrutt	1981	15434.0
Humlemamma	1984	210010.0
margarita	1957	37920.0
zitis81	1982	72892.0
IsaViolia	1988	19926.0
A84	1985	20589.0
livet från ljusa sidan	1981	74006.0
Mojzan	1982	5318.0
vattenkanna	1983	11212.0
mellerud	1980	9327.0
Cerenna	1981	9898.0
Moment22	1981	19694.0
rosen76	1977	21262.0
carne	1986	7353.0
Hella78	1979	8352.0
fabler	1964	163506.0
Svart ros	1983	77682.0
linda 80	1981	8274.0
Vitros	1976	123680.0
Tröttimössan	1981	58499.0
Trissvinnaren	1974	69610.0
Näckros	1986	32632.0
skanka	1978	36004.0
Snåjtis	1983	14318.0
JCA	1979	30472.0
3 barns mor	1983	58066.0
Jungblom	1986	236094.0
StaffenAssar	1983	241163.0
Carmen1	1979	4208.0
lilyanna	1986	37306.0
AnnaA80	1981	5464.0
majlinsa	1988	50013.0
Tessie2022	1980	12856.0
nick name	1969	36958.0
GirlieGirl	1986	10384.0
Mamma till Simon	1978	51523.0
Cinnamon	1986	7528.0
Norrtjejjen	1983	27971.0
TezzyBump	1989	39665.0
nate	1980	26710.0
Salamina	1972	28047.0
Josephine	1972	6442.0
KramKalas	1984	41154.0
pernilla1972	1973	13106.0
grinchen	1982	2087.0
mmn1	1986	31438.0
Hanniz	1987	78790.0
SEM	1990	26302.0
spik	1969	16946.0
Zizzla	1968	19772.0
mymamasaid	1975	25467.0
arasall	1979	10127.0
Hettie	1980	18743.0
Marlene	1967	253895.0
Lillfjant	1979	9800.0
freija	1985	3313.0
star83	1984	10966.0
babyboom86	1987	110070.0
mamma till 2 frön	1974	40549.0
andra	1987	11378.0
anja1661	1983	87755.0
Sedek	1977	175055.0
Puman78	1979	81708.0
TvåBusar	1981	8764.0
Glaadis	1976	72022.0
dessan59	1960	27702.0
enilorac	1984	28409.0
Adoniram	1978	140640.0
Fridalusen	1981	18850.0
Jelin	1983	12962.0
LitenIsa	1983	42058.0
aijo	1985	12376.0
4an	1974	20383.0
Toria	1980	840.0
Rix	1972	31811.0
smc	1981	66588.0
Hella08	1986	6598.0
Matilda86	1987	47834.0
Jaramla	1980	169246.0
lillan kba	1974	10584.0
Clouds	1977	29237.0
elio	1985	24479.0
Mia386	1989	71732.0
Pyris	1978	242615.0
angeni	1988	185572.0
challis777	1978	65902.0
emmianttila	1990	15637.0
andypandy	1976	9848.0
LeaveMeAlone	1984	76862.0
Fruntimre	1989	14883.0
LoMsBebis	1989	27743.0
Myster	1978	25687.0
lykantrophona	1990	76238.0
Kisen82	1983	3679.0
Trulle	1984	4099.0
Vaja	1979	143516.0
Katten79	1980	5609.0
Smurfan JM	1986	70072.0
carola 79	1980	14096.0
substitutet	1985	24514.0
HWikström	1982	23333.0
isolande	1980	16968.0
Tant Herta	1965	26617.0
SamsonS	1990	10879.0
Mikah	1979	86091.0
Numminen	1976	33677.0
Lyckliga jag2	1976	18931.0
N4L	1987	3597.0
tideloo	1983	9310.0
Strommingen	1987	47773.0
Mitti	1982	70346.0
Valentina	1975	12220.0
Aamamman	1975	25187.0
mysan06	1974	9691.0
trebarnsmamma79	1980	7961.0
MissUnderstood80	1981	103309.0
Bumblebina	1978	171429.0
matuldan	1988	8970.0
Kitt	1989	10956.0
MrsElvisPresley	1991	5230.0
LindaB85	1986	6736.0
Lillajagmedstorahjärtat	1984	8306.0
Happyness	1964	23224.0
Krokodila	1980	16604.0
ango07	1978	16466.0
DianaT	1986	11562.0
crazy cat lady	1986	68462.0
Uller	1977	60928.0
Mama Me	1977	134428.0
Lina N	1979	11103.0
Lallamen	1971	58153.0
Gul13	1969	110229.0
Digestive	1982	79167.0
häxan surtant 6	1971	8203.0
tindra1	1986	13556.0
Dää	1988	29883.0
Mizca	1986	36447.0
popcornplaya	1986	96972.0
Saga 79	1980	19965.0
Underbaraälskade	1964	10962.0
Jojo77	1978	9043.0
Lillis 1977	1978	27267.0
Dudden	1969	12902.0
Annika23	1983	4899.0
Dakine	1988	145821.0
guldplutt	1971	549122.0
honeybee78	1979	15859.0
cherrypie	1972	27028.0
nattfrost	1988	114814.0
Lindadjo	1978	281015.0
deez	1984	15835.0
lilllinda	1983	42742.0
Mrs J	1977	51229.0
GöteborgsTösen	1984	41395.0
mian71	1972	21997.0
texel	1971	9517.0
Mattemamman	1974	11856.0
Mammelutten	1972	164027.0
LillaMjau	1975	18734.0
Elize87	1988	8339.0
nerja99	1985	8251.0
Mineko	1976	34004.0
Burmakatten	1975	17302.0
Elino	1971	36797.0
FrökenLarsson	1989	37080.0
yndra	1978	10959.0
fruganL	1990	479468.0
Ixam	1980	5301.0
Lillja	1988	30101.0
JoelBus	1986	9869.0
Zagis	1982	18602.0
tessan27	1978	104505.0
lillAa	1986	73522.0
mammaannika	1987	36834.0
kate79	1980	120664.0
JLP	1981	20222.0
anna ruffs	1984	38469.0
GashH	1987	44940.0
Ummi07	1981	40706.0
lillpuckot	1984	52825.0
TigerLily	1974	84805.0
cärröförfän	1988	2104.0
Smuliz	1982	163253.0
Älskade vovvsing	1977	21840.0
Maira	1981	9615.0
StorFot	1978	30300.0
mammatill2rara	1989	15457.0
Pippiputti	1974	29975.0
GothicEve	1987	31338.0
kattengustav	1982	66051.0
emmeth	1983	5358.0
Irit	1988	11943.0
Linda3	1982	3122.0
amorvincitomniia	1991	8415.0
Mrs TH	1980	82339.0
Tussa76	1977	56334.0
rainbowbrite	1982	5171.0
Kesse88	1989	15126.0
KickanAnnika	1975	62501.0
79a	1980	2646.0
glitterkornet	1990	10880.0
ThereseK	1981	43752.0
Perlan08	1977	32843.0
AW76	1977	291452.0
Malllis	1985	46916.0
Vintersol80	1981	165950.0
1985	1986	7937.0
Ellani	1983	145174.0
Anglia	1965	28634.0
Lenagbg	1972	14478.0
Lillgull	1965	19981.0
Rose77	1978	4466.0
MiaMaa	1981	29885.0
MamaPapa	1972	36807.0
MiniStumpan	1983	51119.0
yennie84	1985	68367.0
Carolina84	1985	3807.0
HASP	1985	10647.0
Lily38	1974	42773.0
Tuvaduva	1984	8695.0
InHeaven	1988	184406.0
gravid85	1986	17882.0
Hojan84	1985	3353.0
NilleMilleTjejen	1975	19925.0
cid	1985	93798.0
Malva85	1986	3933.0
Mor till Ella	1984	37869.0
Izela	1984	57403.0
muffin	1985	43134.0
Love74	1975	33083.0
Hugge47	1968	6077.0
Anastasia	1983	31583.0
Vivvi	1975	7996.0
LillFia	1984	943.0
bakabakalitenkaka	1979	85252.0
sunshine03	1980	20164.0
Janina	1986	8859.0
Liba	1977	29677.0
TrueBlood	1977	15087.0
Snöbarn	1985	33183.0
Blåbärspaj	1973	42237.0
Nöjd	1975	15734.0
Papi Jo	1977	126097.0
Sladdis	1974	9518.0
Lioness	1977	69091.0
mansixxa	1986	6558.0
stress	1971	2024.0
Ulle 74	1975	10103.0
Leenda	1988	13425.0
Mysanochmimer	1986	47599.0
Nlie	1986	32209.0
Madicken 71	1972	11649.0
mamion	1980	11407.0
Bubbles	1976	17120.0
PS84	1985	22185.0
Chiliräkan	1987	75490.0
Diana P	1982	11173.0
Akilla	1983	91838.0
fjomsan	1982	8437.0
Gliimma	1990	19292.0
Neria	1987	2554.0
tusselisan	1976	15772.0
LokesMamma84	1985	25444.0
MammanZ	1976	33084.0
Livetpålandet	1984	13866.0
MyDignity	1980	6253.0
Wonderchild2009	1990	23480.0
Bebbo	1982	15837.0
5 barnsmamman	1979	152635.0
zeebra	1980	15417.0
Maria1984	1985	1540.0
linhol	1981	17056.0
lokacitron	1981	25062.0
Akleja	1981	69225.0
Blubban82	1983	13210.0
EvigLängtan	1985	5706.0
yousou	1988	4984.0
guld lock	1982	63482.0
Ullegulle78	1979	85231.0
Pethrelita	1978	7424.0
Mia22	1985	24743.0
Vårblomma	1985	53259.0
lillgarden	1984	40455.0
2barnsmorsa	1982	26041.0
T inne	1980	11485.0
Cjes83	1984	48794.0
Tingeling76	1977	46481.0
Humminggirl	1976	14965.0
737 dagar	1986	41354.0
Livsglädjen	1973	141090.0
frau M	1984	33825.0
filiduttan	1980	26368.0
lianem	1981	14720.0
Kalle17	1971	39753.0
Nattastrand	1988	4086.0
MickisFlisanNellie	1984	42559.0
Kryztina	1978	72502.0
Nirak Gbg	1983	8041.0
Pillemajsan	1983	63153.0
MammaAlex	1984	53970.0
Cinderella87	1988	14800.0
Hera	1986	2047.0
annsedi	1975	14358.0
längtans tider	1983	4810.0
norskan78	1979	27926.0
Ebbis	1984	41548.0
Molina	1978	58393.0
Caeruleus	1979	115730.0
Theia	1985	25086.0
Zessan84	1985	47360.0
Kicki	1981	17902.0
Chaotica	1977	4899.0
erika85	1986	6233.0
nixxia	1980	12616.0
Niveaa	1986	11240.0
kjempejente	1972	70644.0
Strumpansmamma	1985	10819.0
Scraptroll	1984	93811.0
Mollsan06	1979	5332.0
MrsHW	1987	21669.0
Tuttan80	1981	14049.0
mumma84	1985	70349.0
Jill 79	1980	3286.0
Smilla1976	1977	89036.0
MissAdelaide	1978	15031.0
luspudel	1989	78688.0
sazzia	1987	52176.0
cii	1986	56311.0
TheOnlyOne	1979	22087.0
Kanejl	1982	80774.0
BitchigaBea	1982	6120.0
annie dark	1977	43306.0
iAnnaMaria	1988	32672.0
Mariahogergö	1984	22689.0
Erizajo	1985	4170.0
Uliise	1988	60815.0
Känslan	1982	69385.0
mammat2	1987	60135.0
Anna Antonio	1986	6094.0
LadyLi	1983	17015.0
Thelma82	1983	40440.0
saralways	1978	2619.0
Älskarminabarn	1977	37079.0
VilkenLycka	1975	4915.0
Tindrande	1983	18602.0
ponduss	1991	1919.0
annasara	1980	25714.0
enavalladom	1980	3343.0
ToK	1989	35042.0
Bella73	1974	6198.0
Xay1de	1982	149810.0
Miniz1983	1984	1710.0
prospicientia	1979	36056.0
silvanus	1983	25465.0
zanwer	1986	33011.0
Alvinbus	1980	39538.0
bebis0307	1982	7670.0
Jwa	1955	6145.0
Kopparkruka	1989	55467.0
Kickiliisa	1978	45632.0
Mary Wollstonecraft	1978	68421.0
Tudor 05	1983	18897.0
SofiFrid	1985	21371.0
IngGa	1988	13302.0
LindaPalm	1984	14524.0
Texasthecat	1983	2212.0
Medveten	1977	18631.0
Millia	1971	2331.0
Anna83	1984	40617.0
Tessa606	1973	32680.0
Farth Vader	1974	52827.0
Nitrogen	1988	62184.0
kinapuff	1989	15684.0
Panthera leo	1976	38575.0
snigelkatt	1976	112747.0
Pyl	1980	18428.0
philmKarin	1981	26741.0
nami	1981	7971.0
CathrinLarsson	1984	10658.0
FruHH	1973	24051.0
sunbeam	1957	17562.0
ELLY78	1979	8389.0
linda007	1979	32495.0
Tyrell	1973	318446.0
idefix	1979	1970.0
Indy500	1983	8889.0
mandrarinen	1987	59972.0
Älskar	1983	25148.0
Emjah	1977	16870.0
fatooooosh	1985	66210.0
ekp	1976	3858.0
GodBiten	1986	20279.0
Lina Nk	1990	17579.0
Magnetica	1974	13668.0
Victoria86	1987	20687.0
pamilya	1986	54704.0
kossilalli	1983	41076.0
Erase	1973	31097.0
mysgravid	1989	39194.0
Dejsi	1962	18560.0
Änglasöt	1983	7910.0
limon	1980	11117.0
CamillaJ	1985	247615.0
Cloudy	1971	7933.0
sammetrocker	1984	34061.0
Lycklig88	1989	15396.0
Psychadelia	1983	75234.0
Mammas Kalle	1980	10533.0
Den som Längtar	1989	27594.0
Flisan79	1980	175571.0
Petra72	1973	35314.0
Saniis	1984	18465.0
linedja	1982	26934.0
Fama123	1974	66300.0
asparinC	1980	37448.0
ängelenfrånovan	1989	15270.0
annika81	1981	20750.0
BrödernaBus	1980	370874.0
Hanna01	1988	37254.0
MammasGos	1980	9663.0
Lady Maria	1977	8692.0
Sandra N	1985	38259.0
MajaB	1984	27255.0
ullehj	1974	10720.0
Emsan1988	1989	18145.0
Suzycreamcheese	1976	14215.0
Tatu	1980	3024.0
faster	1964	101357.0
Wilmisen	1986	71726.0
Helena85	1986	76064.0
villa villekulla	1984	7061.0
Gelicapelica	1985	7087.0
maccadam	1986	32515.0
84Johanna	1985	6774.0
Freksta	1986	18529.0
Amelica	1984	11613.0
Trinis	1976	99808.0
Kaisa Kavat	1975	13901.0
zephyr	1985	32895.0
Mamma Tes	1982	116500.0
memilsmamma	1981	5255.0
Hercule	1971	85667.0
CA81	1982	20197.0
MeeWe	1985	13819.0
guldrosen1	1987	34771.0
Cecilia80	1981	23701.0
Knallen12	1975	17023.0
MrsMom	1985	6186.0
spån Mona	1973	7426.0
ProosAnna	1984	102729.0
MammaSwahn	1990	27069.0
Annica1	1987	31011.0
saferide	1989	3794.0
Myra	1973	288139.0
N88	1989	10061.0
vernia	1986	23514.0
Vilja81	1982	17333.0
Idizen	1984	26324.0
Danneli	1986	30764.0
LeeLoo82	1983	13176.0
AllYours	1990	20238.0
LillfisenE	1986	23008.0
Bellevue	1968	67542.0
MollyMax	1977	17845.0
vallakra	1972	13269.0
Grålle	1988	12960.0
jelp77	1978	7682.0
Planer för Juni	1983	2688.0
Ängsblomma	1985	7270.0
mrseriksson	1976	34081.0
dea	1992	3094.0
Mamma1988	1989	47094.0
Gulletuss	1981	11579.0
Friid4	1991	35013.0
Thuleslapper	1974	25988.0
yellow88	1989	7833.0
elinl	1986	50787.0
annalena81	1982	5989.0
Esska	1977	23704.0
IdaN	1986	34549.0
M1986	1987	13911.0
Ninnan	1974	56330.0
marremask	1980	7838.0
Adut 27	1985	14690.0
Nonnie	1985	34951.0
Balooba	1979	32179.0
sommar barn	1980	13919.0
Såckan	1978	3361.0
höst	1975	6413.0
ser91	1992	6524.0
Rosdraken	1986	102854.0
phillipha	1989	33807.0
kaninchen	1989	3974.0
7of9	1988	25634.0
JennySpindel	1979	20544.0
Sofia85	1986	3898.0
Kappan	1983	17318.0
carola78	1979	43299.0
Guldkorn	1982	2835.0
MissC24	1982	18831.0
Hedda89	1988	17900.0
Seka	1975	13014.0
Sylten	1978	74432.0
klaramamma	1978	3725.0
mammiloo	1974	24872.0
anna99	1975	14489.0
victory tilly	1978	17227.0
Pethra	1967	26033.0
Masarin	1979	12236.0
Prinsessan Viktoria	1986	39678.0
kmp	1971	12023.0
Nalle har ett blått hus	1977	5385.0
Tizzan	1984	57349.0
Tuttie	1981	119929.0
Minika	1988	20644.0
Pudan	1968	39605.0
ThillaMilla	1985	12171.0
apelsinens mamma	1986	13888.0
nooova	1984	23097.0
Thezz88	1989	11904.0
miljarden	1977	40785.0
abuelita	1951	877969.0
September2009	1982	49196.0
Pappa2006	1979	15766.0
Ollibolli	1983	26837.0
IVFmamma	1983	145853.0
Mirain	1983	11414.0
verosus	1974	6721.0
miamartini	1982	24867.0
Plly	1981	50440.0
nahna87	1988	18239.0
turboalex	1987	13522.0
Linduccia	1976	89384.0
Labbematte	1975	53538.0
kornberoende	1991	6370.0
Tindragull	1977	37626.0
tok	1989	14551.0
Emelie1988	1989	27827.0
Leeluu	1979	37286.0
Froggis	1975	2185.0
fjollan	1989	18857.0
annis83	1984	25300.0
Mammisen	1979	12558.0
Coronet	1972	14555.0
Mamma Björck	1975	9906.0
eleonore	1984	3824.0
vanilla	1973	27224.0
stardream	1981	98930.0
Evilhoney	1984	6301.0
lillalorten06	1984	11228.0
april87an	1988	24818.0
Nyfiken86	1987	92003.0
Monica83	1984	29027.0
Liveit1971	1972	23282.0
O Hanna O	1987	12715.0
VeraVera	1987	29724.0
swiitii	1988	143859.0
Tilda	1981	7376.0
hemligt gravid	1982	60107.0
Maggan81	1974	15330.0
Laloo	1981	8499.0
novembersol	1981	4743.0
Tilcha	1985	307568.0
LauraPalmer	1985	2950.0
Moasmostermia	1987	7174.0
malin77	1978	6658.0
ViSkaBliTre	1978	198133.0
Nikitastar	1981	10734.0
meesa	1983	39421.0
MissEve	1983	6107.0
litenlind	1980	71039.0
Immer	1961	38350.0
Maja09	1979	78661.0
Lillstrumpa	1982	19636.0
CrazyCarro	1986	18669.0
JOJS	1983	15336.0
LillaLilli	1989	27549.0
Dolliver	1980	34354.0
Lima80	1981	26145.0
Sassilina	1982	8261.0
Ett två tre	1986	405945.0
Thessiss	1985	27973.0
BasseKatt	1975	215312.0
icelolly	1981	11151.0
WolfTatto	1967	12988.0
Dohgon	1988	111050.0
LillaNovaK	1982	9524.0
Tokmamman	1985	4492.0
Lurpa	1983	42812.0
Yrrepyrr	1967	43522.0
Krafs	1981	4249.0
Karroägget	1984	13490.0
Lucaz mamma	1973	12642.0
bonäslina	1985	4219.0
StinaStina	1986	11080.0
Plommonben	1983	12193.0
Ida82	1983	3153.0
Maggan 86	1987	11135.0
Vinterbarnet	1983	19314.0
Jossi82	1983	3512.0
Lordia	1982	4231.0
QrazyQuties	1974	20815.0
piiiinkcat	1984	45447.0
Honey Boo	1984	111509.0
Tninis	1988	15794.0
Lillfot	1984	369.0
liquorice	1971	1842.0
Camilla85	1986	156587.0
Mammat3	1987	41282.0
kath	1977	50185.0
PW58	1990	3757.0
Alex 86	1987	4680.0
R3becca	1991	41170.0
Malin 72	1972	3860.0
Maidens Blush	1969	9690.0
q cat	1977	36067.0
Åja81	1982	48404.0
Missariella	1980	10181.0
Mammassaga	1986	112591.0
asplundskan	1988	35254.0
Lilla Lycka	1982	28765.0
Stella 78	1979	225152.0
alwilda	1980	54167.0
FruLiniz	1983	16852.0
MissHellen	1984	155819.0
Elsa o jag	1982	2842.0
Jordgubbarmeglass	1987	22699.0
Jose	1988	12789.0
finskaflikkan	1984	153183.0
Dixy	1981	15596.0
suomigirl	1986	35756.0
FamÅsling	1988	44586.0
anna hepp	1985	1732.0
lisadragon	1985	217790.0
sarap1978	1979	41268.0
virre80	1981	8987.0
Mossberg	1963	61.0
marysoul	1988	41876.0
Amy27	1984	7648.0
maddeofreddes	1980	5129.0
Kilsbergen	1979	16094.0
Moomin	1982	24653.0
Smilla	1982	10485.0
jerseyko	1986	51350.0
Misan S	1976	14767.0
Dantes matte	1972	10353.0
Maddisen80	1981	621281.0
Skysome	1981	2154.0
kvinna 86	1987	175602.0
HH78	1978	15045.0
Gwen	1977	17217.0
linelullan	1985	13147.0
BertaFilippa Krattkquist	1986	28401.0
Sandra Forslund	1984	86315.0
Eaive	1984	4354.0
MeMayo	1973	6462.0
Mickaann	1988	6374.0
Le petite moi	1979	83720.0
romlen	1976	4604.0
Ninizen	1975	49983.0
Estrellitas	1987	2790.0
Mickan84	1985	18938.0
BinniBoo	1989	55887.0
Malinsson84	1985	30515.0
Mirkamu	1973	25676.0
Lindex	1982	6886.0
TessaLisa	1984	25230.0
Parvel	1969	15616.0
mezzi	1989	19530.0
LisaT	1987	10467.0
ratwoman	1977	35057.0
Emeliee	1981	144591.0
Ester W	1976	37986.0
EmmaMag	1984	26400.0
LO72	1973	7146.0
Obsessed Feelings	1986	44993.0
AnnaSvea	1984	19256.0
Singel Man	1969	21543.0
Mango Morsan	1986	14629.0
Elin hogberg	1988	17130.0
Nettan1982	1983	37203.0
Milleman	1989	57039.0
Fia lotta lus	1979	11999.0
MymlanMy	1968	83052.0
lovemissen	1983	21762.0
Anna i Hult	1971	56815.0
Laguna	1973	22065.0
Waiting 4U	1986	17436.0
mlinz	1990	3816.0
AndyP	1980	75630.0
keepthefaith	1978	7177.0
princess of hearts	1988	5859.0
Aurora2005	1979	2537.0
Fröken Fräken	1979	53755.0
lotties	1979	8754.0
FamMel	1980	27216.0
angiee	1975	105887.0
Angelica89	1990	9078.0
Trulsa1985	1986	62468.0
mollaMalina	1987	34667.0
Ängaboll	1978	30926.0
Jenny28	1976	187622.0
Thuss	1982	4395.0
Smilla0608	1981	49464.0
labbalabba	1987	11407.0
Trisses2	1972	9584.0
Tesssi	1982	4619.0
Nattfjäril	1975	5551.0
mysifer	1985	21559.0
LillePluttansMamma	1984	18419.0
vera79	1980	24293.0
Kristina30p	1976	21321.0
e som i elin	1985	32631.0
Autumnbeauty	1976	19985.0
Helena 79	1980	6092.0
Lekia	1979	20414.0
Theresa1	1980	32565.0
Amandamamman	1980	23623.0
icecreamlover	1980	13900.0
Mamma till viljestark dotter	1976	185758.0
gedansk	1978	50093.0
malin84johansson	1985	7129.0
Mrs girl	1981	24511.0
EnAnka	1991	26049.0
Riley	1985	14609.0
Norpan81	1982	59992.0
BirkaCarro	1980	1202.0
FrökenCola	1987	21767.0
Yanya	1986	144.0
AdWi	1981	9070.0
Trolletroll	1978	3857.0
s89	1990	126602.0
DestinationX	1978	30532.0
Maomao	1980	7792.0
ego	1980	20018.0
Dramatic Chipmunk	1987	28108.0
Legewiel	1985	54080.0
Memmal	1982	22567.0
JMA84	1985	54489.0
Lastbilsfarsan	1980	2404.0
Pjatt	1983	92833.0
BeanGirl	1976	13038.0
Selma77	1978	10377.0
Hickupp	1961	6767.0
Snoffsan	1980	109539.0
Isabelles85	1986	56181.0
Lycklig Jessica	1981	9408.0
Isola80	1981	19980.0
LoverBambi	1985	11563.0
Minja	1976	27923.0
Althea	1975	35134.0
Mimmi86	1987	48738.0
Gummisnodden	1979	45545.0
EmmaE86	1987	4653.0
Soffy	1982	14536.0
Mrs00K	1987	9632.0
arrro	1975	7695.0
Linda 1978	1979	3208.0
Gravid 2008	1987	12402.0
Sara35	1971	5302.0
Hormonermedhumör	1979	107264.0
Snärtan	1973	10105.0
Kiimen	1988	36981.0
Alfonsina	1978	147721.0
Fiaw89	1990	9860.0
MrsCharlotte	1981	270245.0
Bradbury	1977	69036.0
JennyL29	1980	190686.0
Amanda85	1986	10676.0
Frasse	1966	3782.0
EnormLängtan	1991	43006.0
Lovva	1987	6640.0
Bowmore	1971	36002.0
MariaX m 2	1974	51002.0
Josefin	1971	3729.0
3way	1990	65205.0
Mjesec	1990	41904.0
Helene70	1971	124329.0
FlickaMedGuld	1973	10588.0
Happy me	1976	78498.0
5 barn Waldenryd	1976	2715.0
Ssnuttan	1984	7247.0
lilla gumman 85	1986	14929.0
Emeliie89	1990	15756.0
Mammatillnoah	1990	42162.0
MammaIna88	1989	4877.0
Nissa	1975	5507.0
hoppfull idag	1982	1201.0
missworld	1990	7190.0
Foxy79	1980	9077.0
Hillbillie	1964	148825.0
Inredarpanik	1983	13282.0
Längtar Igen	1976	44187.0
Supermamsen	1985	683.0
emmisss	1985	59239.0
Jaja88	1989	13834.0
Smurfen70	1981	31352.0
VäntanochLängtan	1985	940.0
tussilago00	1984	3291.0
musiknallen	1977	34233.0
annelie80	1981	24613.0
mama mellitus	1973	43191.0
anders 1974	1975	5245.0
mimbo	1977	21392.0
hadhouda	1978	23686.0
sol75	1976	6624.0
Erki	1981	16525.0
Miisa	1984	63102.0
Guavasylt	1976	20956.0
Lajs85	1986	30084.0
timoteja00	1983	109541.0
lottizm	1985	220569.0
PreciousDivine	1987	10115.0
MrSmith	1985	5350.0
glidan	1972	1413.0
staaaaar	1988	17484.0
krost	1977	18123.0
ninaaw	1991	10135.0
Sussi82	1983	36032.0
ciccir	1987	36052.0
Adnil76	1977	39784.0
rims	1989	33670.0
ZJN	1989	48761.0
XLinneaX	1988	6323.0
antagligen	1985	14417.0
pärlan83	1984	935.0
Hultan	1986	1624.0
Tirun	1982	1053.0
SmurfÖga	1972	1328.0
larssonsophie	1984	6959.0
TessanE	1978	26733.0
FruAnna	1984	33153.0
Mooki	1975	11997.0
M82	1983	18933.0
smillis06	1983	7047.0
IrreVirre	1971	25671.0
Uhngoliant	1984	13831.0
jinxy	1982	17136.0
BabyJia	1985	119916.0
yasmin	1956	32903.0
83a	1984	16084.0
Snutten	1981	106332.0
hallåja	1982	17767.0
Sally Bally	1986	29195.0
Musche	1976	25004.0
Kleopatra II	1971	66061.0
HemligeArne	1982	21516.0
sara e s	1986	23082.0
Mamba	1985	79020.0
murremarre	1982	11153.0
Miss Juni	1971	4163.0
Bina86	1987	49070.0
Fröken Julie	1976	7301.0
Lyckobebisen	1986	10687.0
solemio	1982	6640.0
AishaYasmine	1976	24737.0
Emki	1989	21927.0
Annicka	1977	23810.0
dontworrybehappy	1987	3344.0
Cam82	1983	71867.0
ohbaby	1986	34493.0
MysSarah	1976	5109.0
Tirnanog	1985	7011.0
NEllY 85	1986	16274.0
spirituality	1982	8911.0
Wkd chick	1980	11106.0
trasis	1983	18645.0
Elijza	1971	122545.0
gulligavera	1984	35305.0
AEL	1983	40787.0
view	1987	3718.0
Knoza	1983	9178.0
Jigge	1981	10248.0
flashieangel	1982	16349.0
sancho	1986	9144.0
LinaTed	1987	98781.0
Sacre	1985	2257.0
smulan1981	1982	14202.0
Badfantasten	1978	7372.0
EmmaLengstrand	1987	23242.0
Queenofice	1983	38970.0
Maarriiiaaa	1989	25537.0
miapia	1978	11893.0
Emejli	1988	31376.0
ellla	1984	109970.0
bulankulan	1985	10784.0
MuM2girls	1987	106576.0
EmsanPemsan	1987	104604.0
Kultis	1981	53858.0
Camilita	1988	6789.0
Desiree1988	1989	51072.0
Loppan84	1984	4121.0
Lövings	1987	4768.0
lillalitenjag	1982	15965.0
lillasessan	1990	10995.0
Mammatillfem	1986	44988.0
Mollystar	1981	77026.0
broglo	1979	11009.0
Kickan90	1971	11854.0
MammaTillEnPrins	1980	7930.0
jagkan	1978	2137.0
Friiidaa	1986	23832.0
chivas	1974	11692.0
Mijjo	1971	50296.0
Sessan100	1981	32951.0
6kimpa6	1986	9103.0
malingo	1984	9267.0
södermamman	1981	11263.0
zerano	1986	38407.0
sommar123	1981	3499.0
Stinis83	1984	11606.0
Frida Li	1986	928.0
Nissen86	1987	12115.0
Snowsee	1986	41169.0
Karin och Pyret	1980	8478.0
Angelicious	1984	9376.0
detejagdet	1980	4801.0
nikki2006	1967	243804.0
Bobido	1982	6877.0
UmmAminah	1985	149726.0
Meah	1979	26245.0
Rävelina	1978	8238.0
sofieann	1985	20434.0
Sabineb	1980	2012.0
MajaMi	1985	28087.0
81missan	1982	21130.0
LinnyUK	1989	5605.0
budde1	1974	72353.0
PeMa	1983	7470.0
Miss Julie	1989	31725.0
heidi norlen	1987	7257.0
bily	1987	29042.0
Pannkakan16	1986	14555.0
sandra1984	1985	1689.0
Mulllis	1986	13848.0
Pejo	1967	55492.0
MumOfThree	1986	8919.0
Ellas och Alvins mamma	1978	16297.0
Nallen	1980	4552.0
frítz76	1977	5757.0
Astrid80	1981	25927.0
Jimps	1981	130379.0
Unikus	1972	22267.0
Dellan	1967	22552.0
MariaD	1980	23472.0
Fru Anna	1972	7975.0
gina2012	1980	11103.0
Yara	1987	5681.0
Zanda	1981	9474.0
eldflugan	1982	39365.0
Cami11a87	1988	20229.0
sweetfia	1988	52325.0
darkwell82	1983	9546.0
Serafine	1981	72609.0
Jano	1971	12877.0
Majsan72	1973	18747.0
Blomsterflickan	1982	3744.0
jossa8	1981	12425.0
Daphne85	1986	22246.0
Knorrisen	1983	16832.0
FVA	1981	104767.0
giftman	1972	9146.0
tree	1987	11151.0
HannaS83	1984	34093.0
mogirl	1978	9450.0
prickelina	1983	14401.0
pojkens	1975	191507.0
Redaktör	1981	9924.0
Skruttensmamma	1978	75976.0
Dawngirl	1986	16095.0
mithrandil	1983	461508.0
Superolga	1981	6924.0
tilj75	1976	13497.0
fiddelin	1985	20110.0
Höstbebis2010	1985	12060.0
Badabing	1979	4063.0
stephanie	1986	5142.0
FannyB	1982	23953.0
sjl89	1990	78795.0
hoppaspåenliten	1973	11525.0
solrosfrö	1974	2292.0
Annica74	1984	7117.0
Fiamedbarn	1971	155442.0
Maria Helena	1969	27794.0
mammaprutt	1986	6436.0
Karla79	1980	60780.0
Tove H	1984	11869.0
hjärtemax	1981	21903.0
Virvelflicka	1987	11033.0
druvans	1981	9496.0
Rainbowbright	1983	32435.0
tina03	1988	5202.0
liams mamma07	1981	19599.0
Kattmor	1979	6538.0
Elektra82	1983	27099.0
NeMeAr	1983	32315.0
Biinzan	1990	9709.0
Bebbefabriken	1979	8568.0
Jojo7777	1978	36735.0
Lilla Lila	1977	13979.0
Novaliss	1984	6908.0
Kamillan	1978	5234.0
Neiti	1989	1017.0
tuggummigirl	1985	16802.0
Z05	1977	2733.0
Jessa76	1977	69442.0
MrsC	1985	14145.0
Bustrollen	1988	66464.0
Tatiin	1985	17981.0
Alexe	1977	38412.0
jesslin	1973	335678.0
Aiva	1983	50271.0
Lehla	1984	14010.0
fian82	1983	2121.0
Iza2011	1984	16783.0
snartliverhorn	1979	50868.0
Hottentotten	1979	10512.0
Sofie 87	1988	12394.0
mumama	1981	1093.0
Bellss	1989	4400.0
glader	1975	37503.0
Waite	1988	9048.0
Fröken Snork	1976	4770.0
honeydew	1986	12093.0
Jandy	1982	9168.0
Caab	1981	19206.0
annry	1980	21833.0
Kissie	1987	8693.0
ronjaeda	1991	341.0
jush	1984	10012.0
Cattizzz83	1984	34017.0
ingridlinnéa	1983	76119.0
Woody K	1958	7074.0
Teza73	1974	108747.0
Albasmamma	1983	64874.0
Seniorita	1989	16607.0
mariamitsu	1978	15582.0
Nilsfar	1965	76984.0
Raggarflickan	1982	8086.0
mama90j	1991	19678.0
StorSara	1989	13013.0
Lindyn	1985	12751.0
sydney	1978	121029.0
Plärtan	1990	18486.0
gullunge1	1987	38398.0
Sofi 79	1980	37261.0
C0211	1980	11327.0
LollloZ	1985	9252.0
majken81	1981	72848.0
Han o jag o barn	1986	11109.0
NollSjuTjugo	1982	5619.0
Tingeling82	1983	6237.0
TheRoses	1984	12958.0
Lynn84	1985	39621.0
meanwhile	1986	36001.0
plettis	1977	66146.0
Jenny81	1982	65829.0
mörlin	1987	10700.0
malininorrköping	1975	33343.0
Hej hopp i blåbärsskogen	1985	23273.0
Jessie 89	1990	16621.0
Leiah	1985	21009.0
Aisha	1968	45896.0
alegria	1982	9660.0
beijer	1985	24962.0
asaA	1984	16019.0
Zhna	1977	55464.0
Jenny1985	1986	95271.0
UWO BaraJag	1973	29707.0
Azalea	1979	11655.0
Lappen	1987	35205.0
Passionsblomma	1984	4541.0
AnnaS84	1985	7920.0
Blomman80	1981	15544.0
AvalonC	1982	22726.0
liebespuppe	1986	36081.0
Therace	1987	64093.0
Sanna86	1987	87218.0
luckyme	1979	26228.0
skumtomte	1981	2456.0
MajasMat	1987	19674.0
Carro 83	1984	16271.0
xtina	1987	11085.0
flower79	1980	12456.0
driver28	1971	5114.0
Celestina	1980	6448.0
kirsty	1986	9949.0
Mjukamilla	1976	24155.0
Anna J01	1987	54936.0
lisen88	1989	24597.0
Enira	1981	60925.0
anzita	1960	171047.0
monchichi76	1977	148179.0
Sockerbullen	1988	23035.0
Lullisgirl	1978	30981.0
Pingela	1980	16092.0
Annielee	1983	10058.0
tiiinann	1987	12492.0
aquamarin	1990	29922.0
Mile	1971	14748.0
Jessica84	1985	1268.0
marielindquist	1986	12994.0
Babyfacepsycho	1986	8764.0
pinkygirl	1979	12655.0
Irma01	1978	69261.0
luutra	1986	19921.0
fantasia	1975	8835.0
Vill Ha Liten 83	1984	27993.0
Spookie	1961	12586.0
solnamorsa	1985	5884.0
mami79	1980	31803.0
LaSexorcisto	1986	7370.0
copycat83	1984	5021.0
kimsivimsi	1986	2371.0
JECJ	1984	29274.0
flower6	1975	14043.0
MollyBuz	1984	10845.0
caledonianclear	1988	3358.0
Jna	1971	6273.0
Myssan78	1979	21883.0
Adore26	1981	7096.0
mammahaj	1989	40937.0
solrosen1	1983	27361.0
Tigerhonan	1991	19952.0
Ido	1987	8620.0
NummerTvå0710	1990	28928.0
NicoleSthlm	1984	54461.0
Calles matte	1979	202745.0
camcam1	1983	2585.0
gulleplutten	1981	7761.0
MsFrida	1983	10516.0
Sandra  84	1985	14631.0
LinaEje	1967	9623.0
Emmi27	1984	34937.0
Aprilbarn1	1989	42937.0
Gostosa	1981	10100.0
Moka	1986	29794.0
Sockerpinglan	1973	31866.0
lokis	1982	29801.0
Sven Erik Johansson	1964	95786.0
Billen	1988	11640.0
FridaKim	1989	9377.0
Södermalmsbönan	1982	37925.0
Caza	1983	1216.0
Håkan Johansson	1988	4457.0
Snakeheart	1981	49906.0
Pepsikatten	1982	66974.0
FruHall	1989	9296.0
ollebulle86	1987	34765.0
malinorebro	1979	22766.0
Mothes	1988	4736.0
MalinV	1977	41751.0
Liam0411	1976	13076.0
Silverjag	1981	11162.0
sandbacken	1969	16846.0
lillgrodan2010	1983	8157.0
Sarabella	1986	8371.0
Doodelidoo	1975	16153.0
Emmy K	1979	70039.0
Tussebus	1977	54135.0
Fru Lillstrumpa	1982	25605.0
Magnolian	1973	3095.0
Lille Skrutt	1971	3583.0
annis02	1992	2371.0
nadja83	1984	8304.0
Ninninio	1977	9405.0
Saralainen	1982	9960.0
jazzkatten	1981	55709.0
Eilem	1989	12691.0
MinNatalie	1987	31097.0
Sussolita	1988	11421.0
PennyLane	1979	17892.0
NovaLi	1985	5032.0
Cazza	1984	12786.0
Tweety11	1974	10918.0
saraA88	1971	30826.0
Aimy	1978	3989.0
LKM	1988	22626.0
hellokitty	1980	19160.0
Baby Doll	1984	34315.0
Mivo	1976	15690.0
jenn82	1983	8254.0
LillaMymlan	1969	6348.0
RosaPrinsessa	1988	16125.0
storstrumpan	1981	272.0
Mulle78	1979	71943.0
smelata	1987	8229.0
Bondfia	1972	376872.0
Crea Diem	1972	3123.0
Leonesse	1981	912.0
Bebismamma	1981	19053.0
Kristin85	1986	64155.0
fiafiafia	1988	18451.0
hatte	1971	3009.0
Love76	1977	15326.0
Vickyb	1985	59307.0
Natli	1985	32279.0
MissB	1983	39703.0
anchel	1983	10702.0
Fia 85	1986	543.0
mimamima	1967	18271.0
Iskristall	1977	11083.0
Husfrun	1978	814.0
Ab imo pectore	1984	974.0
LinaJo83	1984	12579.0
Annakth	1989	3535.0
Plumsan	1980	1322.0
heartgirl	1983	20541.0
wea	1975	396.0
kodarn	1988	13346.0
Lotten73	1974	32905.0
TanjaS	1973	96888.0
Airona	1983	48876.0
Mjölk	1976	26198.0
Mare pacificum	1977	45343.0
mammamina	1980	17589.0
Fangoria	1982	120051.0
Sacajawea	1977	16910.0
HelenFr	1982	37532.0
Logopeden	1985	14687.0
fenja	1973	54360.0
Jehu	1962	1384.0
HannaBanani	1988	10616.0
1980 längtar	1981	11408.0
Badkruka	1968	16242.0
Mumsi	1980	55422.0
cajsalisa	1967	14808.0
smis	1990	26708.0
Eddiesmamma	1986	21257.0
Filurken	1976	173.0
Afrodisiac	1979	34850.0
Hope7	1988	11864.0
Tereza	1974	3182.0
Alfaqueen	1977	84685.0
S U S E N	1986	13676.0
Mamman88	1989	51310.0
So far away	1979	1716.0
miica	1983	4291.0
Mejas mamma	1981	1418.0
rosendal	1987	40319.0
Kakan85	1986	5555.0
Miemi	1974	49733.0
mamman2008	1982	54298.0
Lina007	1989	8047.0
Nymphéa	1979	9823.0
gmt	1987	161964.0
Frelin	1986	7690.0
Flicka86	1986	6559.0
paron	1987	9117.0
Luxuria	1990	12808.0
gson	1976	17309.0
MIAH73	1973	3970.0
SofiaL	1990	78729.0
Miss M V	1976	26278.0
CarVen	1979	43034.0
Alexandria	1974	29140.0
Bejje	1982	19447.0
Mamman8	1988	4519.0
Anjonen	1974	21250.0
lavendeln	1985	20869.0
james	1982	26609.0
Mullepop	1989	7964.0
vimsan06	1987	70099.0
Skogsråttan	1985	9111.0
Hope03	1985	5602.0
Cillizan	1986	27779.0
Nordie	1981	15393.0
SDG	1990	4598.0
EnLitenFlicka	1983	14485.0
Superhero	1983	106081.0
Veronica76	1977	5161.0
alessa	1983	12234.0
Mar ia	1981	14421.0
IsaN	1974	116064.0
TildisVildis	1976	4688.0
Nellie81	1982	14874.0
anka11	1976	5119.0
Kyssen	1984	208080.0
To be or not to be	1982	15851.0
Diana	1966	16347.0
AnAngel	1984	81219.0
Twisti	1980	615.0
Kaffekopp	1978	45548.0
Jonnasmamma08	1989	20043.0
Susyloo	1981	18015.0
Nattis90	1991	2403.0
BiimBiim	1988	11535.0
leyley	1982	28172.0
Amazon	1977	857.0
Snutteplutt	1982	1533.0
Ghostrider	1990	30033.0
MissMy	1985	101669.0
Prillis	1971	6582.0
Sassa A	1983	53858.0
Mrs B	1984	41337.0
MalinK85	1985	17865.0
Louise 77	1978	30203.0
Miffy	1982	60420.0
mw24	1986	25740.0
Chaktio	1977	178659.0
TEF	1980	3000.0
Lilla C	1979	19311.0
Prinsessmamman	1976	16994.0
anna gottegris	1980	48270.0
Pippin	1987	2950.0
hurskadetgå	1978	30742.0
MiieRO	1981	130044.0
Sarah H	1980	34630.0
Julianna	1974	11662.0
Amatory	1985	21587.0
Älskarbebisar	1989	9918.0
tooba	1984	15534.0
Eistla	1985	14508.0
Swompi	1987	7569.0
daddybear	1977	34250.0
ninnnna	1976	4428.0
lillzan	1983	51452.0
Minnon	1982	29297.0
Thessie	1985	7993.0
Godot	1975	16962.0
Lindatmw	1982	11867.0
blueberry4	1983	5319.0
MollyN	1979	43700.0
MinaMirakel	1985	10874.0
Nevea	1985	3386.0
sofie27	1982	57871.0
Västerås	1978	8606.0
Skahlmann	1966	151020.0
Kerstin	1985	218802.0
svarta	1982	23823.0
pinky	1984	3094.0
evalee	1985	10259.0
enola	1978	65769.0
cheetah	1980	543.0
pyjamastrollet	1986	48674.0
Torrbollen	1980	19038.0
Madicken 29	1980	11040.0
Sunshine78	1979	5256.0
hellish89	1990	12568.0
Eldflamman	1981	17929.0
millalle	1986	11053.0
Maara	1981	4163.0
Korkskruv	1989	94150.0
Breathe Me	1986	12586.0
bambiii	1988	40849.0
Assis	1974	17563.0
nr1	1979	70775.0
Helena D	1975	76993.0
allt och lite till	1988	76840.0
Lellebror	1975	5465.0
mellieB	1988	87371.0
redbull	1974	1961.0
MariaJuj	1983	97002.0
Sparvöga	1980	30703.0
singer	1978	42191.0
Med två små	1981	36003.0
mira 82a	1983	608.0
nittioett	1992	12537.0
Tvåbarnsmamman81	1982	6915.0
LinnIzabelle	1989	25369.0
Lillan1971	1972	18116.0
Helenaa	1986	174.0
LiviasMamma	1990	6780.0
Mila11	1985	6420.0
J R	1981	36341.0
Smillasmatte	1977	17255.0
Galatheaa	1990	10873.0
chasmin	1983	30880.0
Johjo	1985	40199.0
Idchen	1981	1353.0
Sissa83	1984	60.0
Zirkon	1989	21548.0
snorkan	1980	48749.0
Moa Li	1982	19332.0
A flikka	1987	3278.0
Muminmamman 81	1982	8796.0
47705	1972	10883.0
maj09	1976	52800.0
Trollvinter	1984	81351.0
Jiged	1979	3545.0
Alfonsmamman	1982	17842.0
myzz	1981	10069.0
a queer star	1984	3731.0
EmmaRoSa	1984	85801.0
kexkille	1976	5177.0
Rona	1983	17521.0
Dansken	1987	31127.0
MissKS	1982	14470.0
Tuzzelina	1979	12592.0
Mamma till V	1982	13644.0
emelie85	1986	5197.0
frifantasi	1980	2943.0
The Viksan	1982	40129.0
garttin80	1981	443.0
Pilgrimka	1980	11082.0
Fanta	1961	9824.0
gaud	1964	12816.0
Snart3barn	1980	1621.0
Duvmamman	1982	13929.0
silvermist	1981	11042.0
spallen	1976	12545.0
Ekstrumpa	1982	31469.0
Luddan	1973	10743.0
So nice	1971	49026.0
kinadockan	1977	5051.0
frukarlsson	1980	10005.0
Fjädersten	1988	3928.0
kaffebönan	1973	12714.0
Ninnus	1983	7136.0
Christina86	1987	11138.0
Summer	1980	111578.0
Pinglan73	1974	60993.0
KATITZY	1989	26447.0
Jaya	1989	24205.0
noelle	1978	4530.0
Acelise	1984	171178.0
Lunamamma	1971	11894.0
Stampan	1979	22639.0
Kat the bat	1986	54079.0
stortå	1975	2563.0
Malansu	1986	3713.0
acilegna	1968	22789.0
Pjåsk	1985	7226.0
wannabemom	1985	16995.0
Alexia06	1982	7951.0
hanna elise	1980	21914.0
mjukisb	1980	68506.0
Grynet2010	1981	4295.0
josse1	1987	1486.0
mammacarro	1986	6966.0
MrsAlonso	1981	13860.0
Ellenvillhabebis	1987	18343.0
Vero06	1975	9244.0
princess edition	1984	7141.0
mia84	1985	21526.0
ostkroken	1983	680.0
Jokkan	1987	23042.0
Avena	1980	20371.0
mariakall	1979	8447.0
anbiel	1969	4278.0
Fru Persson	1988	15524.0
MinoosMami	1986	18813.0
sagasofie	1979	4816.0
Jinx	1985	2317.0
Love Forever	1986	26491.0
fru bengtsson	1972	4854.0
MHK	1983	15663.0
Gullebulle25	1985	21147.0
Sötnostim	1986	23679.0
Bullan1978	1979	100812.0
misspoison	1981	1475.0
WilliamSofia	1981	6859.0
MammaU	1973	66465.0
Tesso84	1985	11814.0
Starla	1981	15973.0
Ina81	1982	7162.0
AnnCharlotte86	1987	24759.0
anahabecc	1989	13616.0
ÄlskaLivet	1975	2771.0
Lucia1987	1988	75171.0
goatess82	1983	54791.0
Jollan06	1985	16387.0
EricaN81	1982	35124.0
Jessan	1979	4779.0
Marilis	1984	1144.0
YinYang	1986	18826.0
Himlan77	1978	41976.0
epikuren	1989	1561.0
Honeydew	1986	256.0
NovemberMommy	1992	15615.0
Frijon	1981	1880.0
Knasan	1981	51963.0
ElinMic	1983	10323.0
Micci	1986	34148.0
Buggster	1989	71417.0
huju	1972	571.0
theesi	1988	53168.0
Håll min hand	1987	25708.0
Linslusa	1985	3326.0
Morgard82	1983	945.0
Saian	1979	5195.0
JT80	1981	7808.0
Johan75	1976	65956.0
Ella N	1976	4754.0
neela	1984	17773.0
Lodjuret	1983	24658.0
lillakulan	1980	16248.0
Maddex	1981	34522.0
MangaGirl	1978	50700.0
septemberängel	1981	73064.0
Ceciliah	1989	29224.0
Lakey69	1969	942.0
katzon	1982	29207.0
Godess	1979	7753.0
Hammare	1971	28208.0
Soffipropp01	1989	6876.0
SVEACOOL	1973	22614.0
eliten	1983	3039.0
MillaP	1968	4808.0
EMR	1986	2135.0
Paulas mamma	1986	7554.0
Lillyros	1984	6087.0
Flicka81	1982	14774.0
Elle84	1985	7760.0
Fru Plommon81	1982	30169.0
zmurfan	1974	5622.0
MammaTillMaja	1990	1634.0
Tweety78	1979	3662.0
Getz	1987	7930.0
Dina	1984	22270.0
Tuffsan	1977	1415.0
Tillalamm	1983	13657.0
dannya	1987	3364.0
Neccin	1990	11783.0
MrsEnglund	1982	17234.0
ttiinnaa	1978	2183.0
EJT	1990	13349.0
Smurflisa	1976	7463.0
sandy sandy	1985	47145.0
majasmamma	1988	41985.0
Mamma till H o F	1979	5366.0
lisa86	1987	8349.0
Pilla84	1985	16386.0
margar	1985	609.0
Sofia8504	1986	39216.0
RoseRed	1987	8468.0
pippipopp	1979	21265.0
Pyret3	1966	768.0
Emma0709	1984	16734.0
daKi	1989	47989.0
syntharen	1980	19473.0
Zoolie	1971	17565.0
FloPow	1987	6364.0
deam	1987	28963.0
nötskrikan	1978	119881.0
StinaL	1987	1268.0
STA	1979	7677.0
Mrs Jen	1981	6180.0
Juni 06	1982	58883.0
Thessis77	1978	87116.0
Sjuan	1977	51145.0
Joppalojna	1983	14486.0
hejsvej	1983	207113.0
dukat	1967	10937.0
FrökenPeura	1986	66.0
soffan86	1987	37434.0
Malinw	1979	42180.0
Greta Anna	1978	41150.0
neffi	1979	6269.0
johannaalkehag	1987	86239.0
TigerlilyGbg	1975	10702.0
chippan	1980	97857.0
Flurran	1983	33283.0
Loppan77	1978	6844.0
Drömmer	1967	8134.0
Siljelin	1979	59495.0
Chaton	1981	2381.0
Bosco	1981	1508.0
dorothea	1976	82236.0
Torken	1990	807.0
EbbsansMamma	1992	8949.0
charlen	1983	10503.0
frida S83	1984	10238.0
stinaliza	1972	1499.0
Johanninen	1985	24688.0
lillisen2	1987	218.0
Rollindynamite	1991	38325.0
agtiwi	1980	8859.0
HallWall	1977	46553.0
rundafrida	1984	9863.0
Lindis87	1987	20350.0
z86a	1987	25337.0
Enigmia	1977	127546.0
habibty81	1981	72051.0
TuvaLi	1978	87268.0
Anti75	1976	16800.0
Lugnistormen	1981	29657.0
Nadadija	1986	5702.0
amanda h	1989	3586.0
mammatillFelix	1982	31383.0
annah01	1980	764.0
Mania x2	1978	269686.0
TheKakan	1980	671.0
Nonstop	1989	18280.0
smulan777	1984	4076.0
LeyasMamma	1989	15752.0
Johanna75	1976	30998.0
JaQ	1990	9953.0
jamka	1978	4872.0
Ung Mamma 91	1992	4589.0
Albertine79	1980	6190.0
bubbly	1987	777.0
Selina04	1982	14065.0
Finlandssvenska	1976	6726.0
Lillhagen	1962	9720.0
eternalstar	1989	10089.0
sommar 77	1978	51093.0
Tess1986	1987	14227.0
Frax	1981	11432.0
tutam	1979	3047.0
mittallt	1986	4948.0
Starlight78	1979	15161.0
Mavios	1971	19959.0
kali86	1987	5558.0
moniquee83	1984	2344.0
LiBä007	1980	21092.0
Bombus	1984	22897.0
lilla snöflingan	1988	40372.0
Lilithmoon	1981	1875.0
Saja75	1976	15935.0
konami	1989	20647.0
NeverEver	1975	5686.0
pinkiepie	1979	48366.0
Peter37	1973	14201.0
LindaSofi	1988	12924.0
Adorable Misfit	1979	2709.0
Caramella	1980	12855.0
Bianca1	1984	1009.0
smurfarna	1987	23555.0
Kraxflax	1985	4924.0
lier1979	1980	26861.0
OoSOLINoO	1984	29507.0
nattasmamma	1983	25265.0
dream81	1982	7819.0
Soffiie	1979	29123.0
Mysabelle	1991	4990.0
Jenga	1984	13021.0
Rockkarlsson	1987	6622.0
Zamina	1982	11108.0
Filur	1973	3467.0
Anna123	1983	18572.0
MariaWe	1981	45425.0
SaraLj	1982	46452.0
jebba	1975	4980.0
Majjis	1985	6045.0
Kattamaja	1984	6261.0
Junibarn	1981	6079.0
MiaMorot	1986	6647.0
Helsingborg	1986	8863.0
jankie	1986	16851.0
Tjohooj	1980	2933.0
RaggarJesa	1987	5200.0
Tussilago83	1984	11982.0
Lori	1975	3273.0
BiLLYshaw	1991	675.0
bratz	1978	2277.0
ceisabelle	1988	8066.0
Mamsen1	1974	11186.0
Krickelin med Naemi	1983	9186.0
sanneq	1980	856.0
Rosenskära	1989	20955.0
Tequeida86	1987	3290.0
mini75	1976	33728.0
Monna	1980	26619.0
DiZZY	1975	26350.0
smartdum	1986	12169.0
Mia Magdalena	1985	16249.0
LindaMamman	1975	28166.0
pamsa	1981	27261.0
Aurora82	1983	9943.0
litenkotte	1976	15148.0
kirsikka	1966	32090.0
Nostalgitripp	1990	6604.0
Emma77	1978	43338.0
Angeeliicca	1991	3143.0
väduren74	1975	53846.0
Immini	1989	45453.0
jmynt	1989	29449.0
takida	1980	5221.0
Anniqa84	1985	23396.0
MrsSophie	1975	16462.0
Dr Myo	1974	49194.0
dubbelt upp	1980	36179.0
Mildred	1987	11498.0
annie80	1981	149881.0
kica	1976	8254.0
Ensamamma	1985	2980.0
Peteja	1973	1009.0
livisen	1986	9063.0
Zs1985	1986	6198.0
Nutiopa	1989	10646.0
niiiica	1982	9123.0
Sunniva	1984	4220.0
Koji	1986	3414.0
Jasmine86	1987	6766.0
JuliaIsabella	1982	68846.0
BelindaL	1987	8214.0
shinybluestar	1985	6376.0
SanSis	1986	9954.0
elisan	1990	162.0
sunni	1986	13953.0
majo79	1980	6438.0
Jordgubben82	1983	18867.0
smurfen84	1985	3932.0
SatuJonna	1983	13567.0
Sirenia	1982	9619.0
Jimmie	1976	2026.0
Pooma	1988	3871.0
Ambrooke	1990	5322.0
MattiasFru	1990	1565.0
kitte	1978	8570.0
goding6666	1979	8818.0
Ida Maria	1981	26683.0
kanske fru larsson	1988	12053.0
Lokatten	1975	22526.0
jisses	1978	1876.0
grönräv	1979	32782.0
Andréa84	1985	10028.0
mamalin	1984	32622.0
Aroma	1982	11639.0
EvaChristina	1982	5339.0
Liberté	1985	12231.0
Litenkatt	1980	43002.0
HelenaH	1985	42984.0
Morfen	1975	218.0
Adora1	1980	78073.0
Snäckan1979	1980	6116.0
Cecilia86	1987	17173.0
kicke	1979	236.0
emilial	1989	10828.0
längtan8402	1985	23269.0
MagMat	1986	15363.0
Chick	1988	18400.0
lilja82	1983	9880.0
ulimon	1973	39268.0
MalinHöög	1986	2799.0
Limja	1975	55570.0
Ico	1985	10806.0
Fröken Honung	1979	3915.0
KamJo	1985	5021.0
Williamsmamma	1980	5059.0
Mamman09	1988	2585.0
chazbo	1979	78896.0
Hannah med H	1987	16396.0
Once	1982	36850.0
mjauen	1984	70676.0
Mallan 82	1983	16650.0
PaulaVanilla	1986	33572.0
Mayflower	1983	9966.0
lliliot	1989	34900.0
CuteCherryAnn	1984	3443.0
Isch	1986	20371.0
Denizkizi	1987	10035.0
Annie1982	1983	26514.0
thenalle	1985	5441.0
RobSab	1987	8087.0
Ölandstok	1973	20614.0
dcy	1980	3378.0
jusstuss	1984	1572.0
Aurora84	1985	24371.0
mababy	1984	4701.0
Elmyra	1981	11567.0
daphne	1982	11243.0
Anubisa	1979	108383.0
Ilus	1979	9574.0
Sejda79	1980	12667.0
FrogSandra	1981	5790.0
snobben76	1977	50286.0
Lambi09	1986	11490.0
Shyme	1978	14301.0
Pix	1966	53804.0
Tess90	1991	2639.0
Lindur	1986	7415.0
Caroline76	1977	1820.0
Heavenlie	1983	14202.0
mynona	1979	24607.0
love child	1980	185.0
näbben	1978	5359.0
Sosofofie	1987	4762.0
Spring Time	1990	21233.0
Sockersött	1990	1864.0
Barkbam	1957	52668.0
Mmmbop	1980	19377.0
MrsCL	1981	4614.0
Josun	1981	5244.0
ALLIEVERDO	1987	44005.0
hjert	1981	16198.0
Ellenö	1990	3877.0
Snowieflickan	1982	3797.0
mariiee	1986	28797.0
Nenne	1986	44993.0
kana	1973	1376.0
Lady Unicorn	1980	4642.0
örnen	1984	13117.0
englasmamma86	1987	494.0
Annie82	1983	18495.0
lo800	1978	65011.0
Sööderbönan	1985	2015.0
Underlig	1975	4437.0
tussunge	1980	34915.0
LokesMammi	1982	34692.0
Gojtan	1976	150844.0
zazzy	1985	45920.0
pågmamman	1972	72061.0
LJo	1974	8651.0
Karin Hanna	1981	14725.0
honeybunches	1982	161891.0
Ninniisen	1986	11958.0
nur	1983	45412.0
EeMe	1987	10109.0
siren	1989	58389.0
Trebarns far	1978	25455.0
Dreamrose	1975	32079.0
downismor	1979	24327.0
Ulfino	1966	3947.0
Mysgrodan	1984	20336.0
emelielj	1990	14332.0
lerumstessan	1983	121508.0
Lilymor	1979	3697.0
kentmaximus	1975	13529.0
Busflickan	1983	44850.0
babylon	1983	3611.0
Svalan75	1976	6288.0
miainfo	1978	38896.0
låle	1977	410.0
BagarMilla	1981	5663.0
Karolina1	1976	2768.0
BeHappy	1979	11739.0
Jossan1979	1971	12902.0
Madde1986	1987	11335.0
mimmelie	1988	10241.0
foodji	1977	29184.0
urv73	1974	10653.0
värmeljus	1976	7354.0
sofiedellholm	1982	26899.0
xenastina	1982	2739.0
Suzieq	1982	752.0
BlåFjäril	1989	4723.0
Ävlan	1980	20552.0
ceciliaL	1984	15367.0
Dixxie	1980	8052.0
Christin3	1985	19005.0
irruz	1986	3327.0
ebk88	1988	19192.0
sk76	1977	8357.0
tokmonkan	1980	23140.0
Igloo	1986	7606.0
Lilla Bus	1968	11584.0
Elvelina	1983	14829.0
Lumlan	1982	12650.0
Demona	1977	1004.0
vilängtar	1986	11186.0
Elessario	1986	27072.0
hjärta	1989	35512.0
Johanna77	1978	20016.0
Finamamma	1975	4823.0
we wish for a baby	1980	53839.0
jagärglad	1989	8557.0
de Robespierre	1963	116196.0
Hestia	1981	33391.0
Hjärter Dam100	1981	14399.0
sol1	1984	62089.0
Cynara	1984	7757.0
Krumpy	1974	253.0
MommysLittleMonster	1981	14713.0
Littlestar83	1984	34485.0
Mammatezz81	1982	905.0
Renegade	1977	4895.0
Emennie	1987	1426.0
Amandia	1982	1640.0
Cattis40	1967	112793.0
mammaF	1990	10525.0
Tjorvet	1980	11811.0
Linny79	1980	50474.0
alexia78	1979	16742.0
Ewelins	1983	3283.0
mariaheterjag	1982	262709.0
Tuss 1	1974	2154.0
Maria Nabard	1977	964.0
Rutgers	1976	2032.0
mimi66	1967	5475.0
LinnJes	1981	21679.0
ellinormaria	1978	6770.0
Bigfoot	1979	258.0
Emotional	1986	10659.0
78Suss	1979	4521.0
Melon	1985	4083.0
Johanniee	1991	4050.0
hoppfull 80	1981	21862.0
mummy82	1983	2085.0
Vikingafrun	1974	2967.0
Limani	1983	2344.0
Ayla sthlm	1976	30261.0
Indra78	1979	67151.0
Saandra88	1989	9001.0
MammaMia84	1985	16840.0
zoomzoom	1981	7338.0
LillaStenen	1969	2099.0
Elvira	1975	627.0
har 2 vill ha 3	1975	7234.0
vintertjej	1981	42426.0
Tessos	1979	1828.0
NiWa	1978	15983.0
RaketMorsan	1987	32576.0
marialintott	1979	16328.0
Freyja	1985	8760.0
Linjen	1986	9787.0
Hannizz	1985	29771.0
burehed	1987	8170.0
Litenmyra	1978	3306.0
Precious	1982	82.0
Mibe	1987	39972.0
Yoenia	1980	595.0
krissa	1982	43194.0
Stella81	1982	109557.0
adooore	1991	8321.0
Alfalfafrö	1987	57460.0
penni	1984	5788.0
Sofiech78	1979	205620.0
Kaja	1985	78572.0
mariem	1983	44413.0
Lofot	1985	223.0
inessa	1981	16984.0
Fader	1987	9452.0
Michella	1979	13793.0
myheartbelongstoyou	1984	6755.0
Leesa	1985	28841.0
Quartz	1977	29774.0
DonnaLisa	1981	9104.0
Blommig	1985	848.0
majbebbe	1986	9679.0
Stjärnfall	1982	998.0
lottsan	1982	11866.0
Sparriz	1989	63221.0
burnisen	1984	17266.0
vattendjuret	1990	8641.0
Smulanflen	1974	48342.0
Sussies	1985	13885.0
bebisjakt	1987	39006.0
adromina	1977	4740.0
totte38	1982	19276.0
Längtan82	1983	35538.0
carro2012	1983	9627.0
Kotten3	1990	11917.0
vanna	1986	15446.0
Lena28	1981	20667.0
Mariella81	1982	20351.0
Krollspell	1969	5554.0
Carbon	1980	28282.0
linnea83	1984	137.0
Brodsmulan	1978	149160.0
sandiberu	1983	1685.0
Queenie	1986	6373.0
Helena och Axel	1983	30114.0
Kianne	1981	9214.0
Karriärmamman	1977	14710.0
guldnos	1985	9505.0
prinsessanTyra	1982	12152.0
Hinos	1969	50608.0
asp76	1977	25227.0
joos	1985	9331.0
Lillii	1987	24834.0
Xadime	1985	8414.0
Cupere	1982	7638.0
Alvine	1989	67151.0
BadMan	1990	22837.0
jannovich	1982	20356.0
annemi	1982	4534.0
Snoddass	1983	1644.0
Poughkeepsie	1975	19609.0
Ulrisa	1980	8937.0
Dr Börje	1966	22877.0
Dagsländan	1978	20038.0
emmah83	1984	22423.0
Mem3	1982	35726.0
Nattluven	1983	837.0
Amy86	1987	4215.0
Ellie86	1987	10557.0
ida  maria	1981	14701.0
Fröken J	1974	22323.0
Shizuka	1960	14507.0
Eleonor86	1987	11004.0
Shemira	1992	5567.0
Ponja	1988	2413.0
SummerAnkiz	1985	5628.0
Computerworld	1973	609.0
Emlan88	1989	11804.0
dahrma74	1975	26748.0
Tess26	1981	21337.0
majnollnio	1984	13243.0
Neasmamma	1989	4950.0
mammakristina	1978	153943.0
lilaemma	1981	55436.0
Kickelina	1966	1661.0
Hallonsmoothie	1985	15122.0
Hennah	1981	7358.0
place	1978	1652.0
josse83	1984	149610.0
HEARM	1983	2208.0
carran no1	1986	2494.0
Trix85	1986	3271.0
Runawaybride	1984	26069.0
Essi	1971	915.0
Soffifi	1981	10958.0
Yamma	1973	20553.0
PetraK	1986	8003.0
LadyBond	1975	14039.0
Peecock	1984	15627.0
LMJ	1975	3380.0
isblomma	1974	5788.0
40 plus	1978	28618.0
Zazza86	1987	788.0
Caroliine85	1986	18590.0
sebbejonte	1984	1828.0
auo	1978	13819.0
mammawannabe	1969	82023.0
ssssssss8	1983	14282.0
fantasyforever	1984	1677.0
Vemdär	1984	97.0
charlie och novas mamma	1986	43491.0
Excelsior	1971	20479.0
Lina W	1982	25156.0
icekizz	1986	3119.0
Lilla Jag	1984	44544.0
Margit	1982	18052.0
Tricia	1980	16170.0
malinsoderman	1981	52579.0
UngFru	1988	5900.0
MariaMalmö	1979	24101.0
skogstok	1987	25364.0
friper	1981	9067.0
MammaOchMatte	1984	17464.0
Annapanna80	1981	10249.0
Claudia gbg	1980	6579.0
Mandis	1991	3566.0
hundtok	1984	516.0
mammiz83	1984	108701.0
smultron74	1975	2693.0
TheSucker	1989	11914.0
lantidyllen	1984	4418.0
Sab1na	1989	12348.0
Jenny Tom	1979	3839.0
Nilla54	1972	11596.0
Veronica74	1975	31537.0
anneliesofia	1980	31201.0
EmelieL	1991	11290.0
CissiS	1983	9773.0
Lindizz	1986	69517.0
Yoda123	1986	10144.0
mikaela1978	1979	16611.0
WilleViking	1977	74177.0
MrsMumrik	1980	39331.0
pinglan77	1978	62354.0
SofieMuller	1991	2939.0
sundsvallstjej	1989	41541.0
Stargazer	1976	3411.0
pippin	1987	1252.0
Bubbliz	1988	14367.0
Mrskut	1977	22789.0
EmmePemme	1983	6350.0
Jezziie	1987	12183.0
Bine78	1979	13797.0
J0SSAN	1983	8764.0
Kräfta2009	1977	8830.0
gotjej	1971	1136.0
sweet86	1987	8451.0
Akinto	1986	7825.0
Änglaflickan	1983	83087.0
Tildas	1977	4355.0
MalinBN	1973	15967.0
elinil86	1987	7268.0
Maddolf	1979	86802.0
AlexandersMamma	1991	43450.0
MiaD	1972	2128.0
Funny	1952	13294.0
Karin J	1976	6765.0
Ben10	1982	5590.0
Grodan1972	1973	45635.0
Tessan71	1972	7370.0
Vaddårå	1979	18759.0
Ida04Emma06Thea09	1984	14403.0
Dulcinea	1980	3712.0
LiN88	1989	10900.0
nathaiie	1988	15866.0
camillas1985	1986	47798.0
dreamy	1981	71496.0
MammaNova	1983	12675.0
Coccio	1977	22751.0
Zophia	1980	56936.0
asa1018	1980	64357.0
dec06	1978	77988.0
crocco	1983	75009.0
NicKnejm	1966	20407.0
strumpa	1984	15290.0
Mia1985	1986	11560.0
ecco87	1988	11504.0
Katitziii	1987	670.0
Stoce	1983	34015.0
LeKaMe	1988	6454.0
Theresa28	1982	2426.0
jEnNiK	1983	7762.0
Mamma Emma	1985	27365.0
Päronskrutt	1972	2443.0
wallis	1982	22570.0
annvian	1980	27466.0
Therre	1989	17546.0
augustikatten	1979	19283.0
Sanna Ni	1986	2686.0
marengski	1977	10866.0
Videunge	1982	9206.0
Shk76	1977	1349.0
FCBJ	1974	44292.0
Hallonsylt	1987	14987.0
Josephina	1985	28623.0
Fru H 81	1982	45132.0
Scorpio	1986	595.0
Räkmamman	1975	19219.0
elno	1981	15522.0
1982	1982	16932.0
Masterblaster	1972	12088.0
katinka1	1986	21672.0
MD77	1978	51864.0
Tussen06	1982	20017.0
PostisPer	1973	466.0
Pillan85	1986	186.0
Misswiren	1983	20042.0
Gardenia	1984	2407.0
Lill Mamsen	1985	72885.0
MrsJ	1982	3351.0
Emmmsan	1987	7381.0
Sockerråtta	1978	4742.0
tebe	1974	12171.0
Lilla H	1979	3383.0
VildaVackraVilja	1984	4251.0
myran78	1979	7345.0
Bulten	1975	2388.0
MoL	1981	14549.0
Lilla Fjun	1978	115575.0
Fru LB	1984	48604.0
nemo08	1978	10032.0
vilden	1947	438.0
Grynet09	1977	12204.0
mimo	1976	3487.0
MysMalin	1984	5461.0
som en sol	1983	67016.0
Blomman76	1977	13243.0
MartinaL86	1987	17200.0
Äpplet75	1976	19054.0
Petal	1980	7190.0
saratjej	1981	3984.0
Mrs U	1983	15128.0
Varärstorken	1978	3912.0
Rodenback	1954	22048.0
Persemona	1985	3452.0
Rory	1971	592.0
Snos	1986	34692.0
CillowP	1974	3959.0
Lena Miranda	1983	414.0
Talossa	1987	49272.0
jennnyberg	1981	9875.0
greeta	1981	36.0
Dirtyhabits	1989	4778.0
svea84	1985	2773.0
Second adventure	1985	15505.0
Rootsler	1979	16858.0
Joti	1976	5426.0
the W family	1982	11371.0
linhall	1983	41995.0
angelgirl84	1985	12527.0
E11in0or	1990	10038.0
caos	1980	23528.0
båten	1987	10939.0
Skruttis74	1975	16770.0
Catja3	1982	46137.0
AlbicemammaR	1983	501.0
Humpan	1975	30826.0
Stina1982	1983	8872.0
Sticky	1984	6686.0
häggen	1967	2169.0
niskalainen	1985	6896.0
jossefina	1975	11509.0
Starline	1982	7827.0
JosJos	1979	19577.0
frankrike	1978	15879.0
aurora1827	1978	9695.0
Bajjelen	1985	171211.0
Komänglar	1977	18385.0
Anka75	1976	422.0
tinituss	1984	28436.0
Imagine this	1985	132736.0
Dianbobo	1983	53777.0
blyg viol	1972	21349.0
IJAM	1965	49195.0
godistroll	1983	16428.0
Sussna	1986	25074.0
Lotta80	1981	1639.0
Dhevil	1989	3553.0
LillaRu	1971	2143.0
Malinell	1989	16237.0
Jkpg Deluxe	1985	75505.0
Längtande jag	1986	2447.0
AnneLine	1988	18804.0
Linda1986	1987	26593.0
turgut	1963	19564.0
MammaMoon	1984	933.0
Cina01	1986	239.0
knastintis	1983	24513.0
Pemberly	1979	47252.0
Heobea	1988	91935.0
knäckis	1977	5390.0
Mysan31	1981	58961.0
Sandra O	1981	14076.0
Kassiopeja	1978	2523.0
November2007	1984	17953.0
Sjuttiosjuan	1977	3191.0
Kajsa 30	1973	11775.0
Lovergirl80	1980	17040.0
zorina	1985	136.0
Jessspaaa	1989	4183.0
xtina85	1986	12434.0
Sebastian05	1976	5000.0
längtabarn	1967	10242.0
Monitzzz	1976	25278.0
delinda	1989	16509.0
babyboom2005	1984	8074.0
Astra	1977	10773.0
emya	1982	2422.0
Ellinora	1982	20088.0
Dirtsa	1966	6604.0
emilsmamma	1983	28325.0
Frukost	1976	7579.0
Emilia	1983	4795.0
fjunis	1978	2296.0
Yasmine	1978	1563.0
79anil	1980	1023.0
Neith	1985	4169.0
innak	1976	20083.0
Ärtansmamma	1985	25468.0
Jezza	1985	6423.0
EmLin	1984	42731.0
PHofie	1987	45724.0
lillan77	1977	2174.0
monkan10	1974	6376.0
Tjingelingan	1983	26195.0
Ängeln Teo	1971	4891.0
Lottapotta08	1974	8923.0
ceropegia	1983	214772.0
Pingla35	1978	12426.0
snowball	1986	23734.0
Annsofie82	1983	821.0
Strawberry3	1979	88550.0
lillkrabaten	1986	46528.0
Erre	1984	13092.0
Tezeen	1987	4861.0
Tr0ust	1991	12890.0
Mari80	1981	4847.0
drummelfjollan	1986	7329.0
Jolise	1989	14239.0
snocke	1959	5605.0
simmaren	1988	1920.0
wedding2009	1981	44202.0
Anna Panna 81	1982	9402.0
Jenny7804	1979	54.0
Millies	1989	8915.0
Fiabus	1968	16505.0
LittelG	1982	7617.0
dianmant76	1977	5816.0
Bäsis	1979	1664.0
rattle and hum	1979	31749.0
SmultronCupcake	1991	1710.0
Minimo	1975	677.0
evva	1988	1550.0
Heini	1983	13892.0
Ackelova	1983	14096.0
Kicka	1968	7410.0
Vit Lilja	1989	1820.0
somanjot	1982	4003.0
Ella H	1965	10829.0
jemaka	1981	8900.0
sophiemedPH	1988	5656.0
Beckaa	1986	1972.0
TAN	1987	20215.0
Carin82	1983	59288.0
Little Mrs Li	1983	6019.0
eriXa	1982	169.0
Sol33	1981	18546.0
Madaluha	1976	8806.0
majamajas	1974	1086.0
junk	1986	24928.0
EK83	1984	12469.0
Zorn	1971	58218.0
Saramalia	1978	25803.0
Maria303	1980	8619.0
brinkly	1972	4428.0
lillsmulan	1981	2326.0
bubbeltess	1978	24187.0
Malinx	1973	3587.0
MG1981	1982	80029.0
Puppa	1975	22356.0
Snörpan	1989	11755.0
Flurstina	1977	1438.0
lena76	1977	111.0
pluggande mamma	1973	57246.0
Klubben	1974	12749.0
LillaBus	1976	6997.0
Kajsa K	1983	2130.0
Dazzle	1980	93.0
Johanna 85	1986	21796.0
lillasysteryster	1981	35524.0
sommar78	1979	2352.0
Svampp	1982	67657.0
Aran	1971	671.0
Charli	1979	18922.0
greatdaysfan	1976	5913.0
Anna X	1978	17866.0
lna	1984	2952.0
Soultravel	1979	994.0
Svardh	1983	9451.0
Mamia	1978	4780.0
Godiva	1971	4079.0
airam	1966	11119.0
Anna24	1991	11198.0
Ester77	1978	1381.0
Obzi	1977	10029.0
Solrosen82	1983	79478.0
Eleonor01	1982	1786.0
tan73	1974	57852.0
Ängeln Casper	1983	3158.0
NinaTherese	1981	16830.0
Längtan01	1979	12460.0
jagomina	1988	2638.0
mammanov	1986	14320.0
Tuntalisa	1977	49778.0
stayinshape	1976	6918.0
gosgroda	1974	492.0
Niccan	1972	12594.0
Avalon	1980	1395.0
proppen100	1980	58760.0
frk lorelei	1980	134549.0
Wonderbabe	1987	11631.0
Catox9	1982	19388.0
Elisabeth09	1980	9698.0
vildovacker1	1982	2579.0
Tjej84	1984	13209.0
nagellack	1988	7899.0
lillblobb	1979	18255.0
tempest1	1974	9629.0
Kevlarsjäl87	1988	15524.0
sosso1	1988	10132.0
Mejaochjag	1977	2420.0
linlus	1977	4715.0
imaf	1987	4730.0
cissy	1964	2914.0
StinaS	1969	302.0
jessicaskärlekar	1981	3989.0
Juli1	1978	18865.0
tessan87	1988	9355.0
Aktalia	1976	35017.0
SA26	1984	14648.0
TvåTrollungar	1990	69279.0
emelianzei	1992	935.0
elinos01	1990	1299.0
4finafilidutter	1980	8881.0
emersson75	1976	1001.0
soryd	1981	31483.0
Carolinalovetobias	1991	18043.0
solrosen81	1982	76378.0
many87	1988	4549.0
Lenis21	1987	19414.0
Michelle Ö	1983	25168.0
EmilieG	1989	3494.0
Loppan87	1988	15551.0
Hajda	1978	476.0
juana	1986	3466.0
akleyan	1977	4545.0
pronomen	1986	5192.0
marriz99	1983	15118.0
candi	1972	6367.0
Tobidoo	1978	24697.0
Pinja	1975	19235.0
Sally86	1987	29657.0
annthos	1981	3499.0
Nokkan	1977	21306.0
Malvan	1978	111.0
NEAN	1989	73857.0
Mammas propp	1979	12886.0
Anissa	1988	4271.0
TessaCarlsson	1983	3817.0
Tyrlöv	1983	11231.0
Ida 1981	1982	1115.0
Maje	1978	14620.0
never	1967	34777.0
Jenn86	1987	649.0
Tjohooo82	1983	25003.0
trust	1983	10583.0
Anlin	1983	75.0
kristina	1981	5266.0
Nanniz	1980	4833.0
nemosmamma	1976	11312.0
lilllarsson	1985	63356.0
Lisol	1983	7164.0
stinur	1981	10298.0
kicki08	1978	478021.0
Angelique	1976	106471.0
lupin84	1985	72759.0
fläck	1984	24934.0
Neko87	1988	27186.0
Hollie	1982	10482.0
charmig	1976	7755.0
Skrutten00	1978	42180.0
Dåså	1990	9339.0
MammaMyran	1978	2340.0
Jennsan79	1980	2243.0
Pondus	1977	838.0
lady84	1985	2732.0
benedikten	1981	22264.0
BabyNo2	1989	28955.0
Emms1984	1985	731.0
Soltussen	1977	178.0
Epica	1992	6056.0
Catha	1982	12771.0
E85	1986	15535.0
Fridie	1986	5439.0
Tramses	1983	4529.0
Vapor	1983	3394.0
nina72	1973	3737.0
mamma33	1979	2187.0
ensam själ	1986	11287.0
Snusann	1983	8651.0
mrsjo	1981	12793.0
Goingen	1987	11793.0
AlexandraH	1989	8517.0
Anarkamamman	1988	7484.0
Aggi	1976	3971.0
perniebernie	1979	7653.0
amazonija	1984	21857.0
passionsfrukten	1981	10065.0
Ylwa	1981	2154.0
Jelan	1987	39972.0
Aiyana	1963	1522.0
Edzy	1980	16759.0
Karolina1982	1983	2780.0
Mutter80	1981	1340.0
anniecaroline	1982	8906.0
bull bakerskan	1987	101.0
oxen	1978	33208.0
Sarah81	1982	2318.0
evapeva	1976	258.0
chicko	1983	2244.0
Kroken	1980	922.0
multivitaminjuice	1989	66124.0
Zhuhai	1973	12071.0
Vattuman83	1984	24204.0
villamakebarn	1987	4357.0
skrotis78	1979	13118.0
MollyMilly	1979	4242.0
björneochsnigel	1982	13099.0
BirgittaR	1972	7153.0
Ml83	1984	11358.0
Ida o Olivia	1982	22582.0
Chokladmums	1968	17363.0
Slaria	1988	14866.0
Totek	1978	3208.0
indicaana	1985	13410.0
jojjo78	1979	26953.0
madeleinesophie	1988	46456.0
Aniara	1974	80036.0
Tistel	1976	6522.0
SandraHelena	1988	1303.0
Frallan78	1979	12131.0
sabinaa	1984	45918.0
flisan82	1983	1450.0
blehnda	1988	49714.0
Fredis	1985	15739.0
Vitsippa	1973	44.0
Asali65	1966	5790.0
annacarin	1972	632.0
Lycka78	1979	14542.0
jennas1	1973	23414.0
Dist	1979	116.0
Isabelle Kristin	1983	22959.0
Mumbi	1979	7216.0
monny	1976	116.0
FrökenH	1987	8252.0
peaches101	1990	1339.0
Elidasofie	1985	21539.0
student	1982	5755.0
Ninnis75	1976	147691.0
Pluss	1981	10321.0
Ossie	1976	31823.0
supermamman2	1979	17144.0
englarum2008	1976	20237.0
fantasy06	1983	9517.0
minili	1981	195.0
susieQ	1984	18587.0
PiaSara	1983	4921.0
guldklimpen	1973	9350.0
TessLiihten	1984	19921.0
tängla	1979	15463.0
Milljor	1979	347.0
La gartija	1982	3917.0
Helfrida	1978	255.0
Kallisto	1978	281.0
erimother	1977	2535.0
Oo v oO	1978	146.0
abbi	1984	10273.0
ztarshine	1982	12012.0
Suss73	1974	21496.0
Oh yes	1977	3152.0
ERIKA8585	1986	1734.0
okt76	1977	29853.0
Lillen09	1990	10278.0
Nyfikna jag	1976	8543.0
shioo	1978	18498.0
AKJ	1976	12825.0
Minatre3	1975	36025.0
nettea	1974	10590.0
anna1972	1971	3925.0
Puff77	1978	12015.0
Duttan	1984	7019.0
TessanM	1980	22818.0
Cat lover	1971	30536.0
ninina	1985	23504.0
Bal	1984	77131.0
Majskorn	1985	9371.0
snutte	1980	20414.0
tjej 79	1979	305.0
kendi	1989	2781.0
zannahh	1985	1995.0
singhatjejen	1971	2687.0
Lysande	1981	5960.0
DollyD	1977	16504.0
Klöverdam	1982	2317.0
Libra77	1978	2.0
Neija	1987	16543.0
xxMollyxx	1982	4395.0
Yarrow	1984	13736.0
Juvina	1985	85.0
gwendelyn	1979	5165.0
Marängen86	1987	1514.0
Garderoben	1979	10857.0
Stina85	1986	23827.0
Mållgan	1982	78245.0
StefanH	1973	3010.0
vixi82	1983	11070.0
Liisaan	1989	12024.0
marcitron	1991	3082.0
Linnispinnis	1988	4882.0
LsomiLinda	1986	9217.0
Rosa84	1985	945.0
Linneablomman	1987	1799.0
Kalina	1971	2633.0
Cecilia90	1991	394.0
karin h	1978	5902.0
AnDan	1985	9086.0
MrsNilsson	1985	13847.0
Vicky85	1986	11260.0
mammatill5	1985	9723.0
fancyface3	1986	1669.0
zatori	1983	20778.0
jesslaw	1982	8466.0
frökensvår	1991	16168.0
Maria1971	1981	6802.0
strawberrypie	1985	41847.0
Annika31	1973	1192.0
Skrutthumlan	1978	8940.0
La musica	1972	17028.0
mini77	1978	13805.0
Mandolin	1978	29215.0
Tottling	1981	1091.0
smultronpuss	1973	57.0
down under	1978	11031.0
V89	1990	2687.0
LC77	1978	19691.0
Aquarius	1984	30523.0
Nelle	1974	858.0
Ängla88	1973	2611.0
PrinsessanLeia	1979	530.0
Alexandra85	1986	5272.0
Vivvi12	1978	506.0
Josefin L	1980	47548.0
MirakelSmå	1985	2319.0
Maggi74	1975	789.0
Jo76	1977	5658.0
zandra80	1981	983.0
jensan 80	1981	43398.0
babydeluxe	1983	37505.0
Jossan79	1979	168.0
Katja80	1981	3908.0
Emilia75	1976	5461.0
Chili	1955	350.0
sleepy	1986	53.0
violla	1981	15810.0
Tobben	1982	5201.0
Vicha	1978	4035.0
Loviz	1973	15054.0
Min skrutt	1981	30030.0
LinSam	1985	3310.0
Linusen	1985	25875.0
Pärlan81	1982	2120.0
Nile	1986	8324.0
Tarzanina	1981	36661.0
HokusPokus	1982	31.0
Loppan25	1982	9774.0
Liian	1983	39006.0
ladybug	1987	29476.0
nabben	1978	12010.0
Annsiss	1983	9183.0
Mida	1973	19687.0
big mama	1973	2373.0
Mika1980	1981	29850.0
Verea	1980	916.0
min lilla groda	1982	26404.0
Klotjohan	1979	145.0
sofiaolivia	1988	11346.0
NikZan	1983	10541.0
lire100	1974	146456.0
BobRob	1978	6564.0
tre ska bli fyra	1979	10069.0
Nygge	1978	58207.0
jimbo	1980	590.0
Snooz	1978	5183.0
Mamabear	1983	30330.0
frwi	1987	3093.0
gaby84	1985	3781.0
Floppan	1976	13170.0
halmstadcarro	1986	26656.0
Prusiluskan	1969	915.0
sax1	1974	47760.0
sandraG	1987	1322.0
Ulrika 80	1981	3627.0
mamma2007	1986	7663.0
kalleman	1987	1148.0
Tenshii	1984	631.0
Francisca	1984	10306.0
sandra8712	1988	16180.0
Annica P	1973	13127.0
livhog	1989	4178.0
The bad seed	1984	6172.0
snowberry	1986	748.0
MamaJuice	1987	13206.0
CarpeDiem	1980	6124.0
milla1984	1985	12080.0
Impertiff	1974	372532.0
How about cupcakes	1976	3539.0
haptic	1982	4687.0
Lovisa87	1988	1171.0
Zuzanne	1988	431.0
Belle Amie	1976	75536.0
Bellenellen09	1977	44491.0
Moa83	1983	6750.0
Thea	1980	9681.0
nattiizz	1985	1711.0
Ausi79	1980	39717.0
frujakobsson	1971	23595.0
missH	1984	111.0
JenRose	1985	3699.0
Fru Wennerström	1987	64898.0
Tobbelina	1980	7224.0
Klara 80	1981	24374.0
Månskugga	1982	4523.0
emmis77	1978	2947.0
rymdmonstret	1980	13759.0
NoWiMom	1987	3848.0
Depsin1	1975	441.0
Challis	1979	6764.0
murresnurre	1973	15523.0
Sousou	1983	5489.0
Camela	1981	3449.0
Linnie83	1984	153.0
hejo79	1971	18763.0
Hanna E	1985	10932.0
Zophie	1985	582.0
mammailund85	1986	67292.0
Petter 72	1973	6528.0
GalnaMamman	1985	1409.0
mammamumin	1983	5727.0
myran6801	1971	30830.0
Älskade Neo	1982	53927.0
Millime	1985	81.0
Carolina01	1987	3917.0
Minday	1956	1654.0
Fia 82	1983	10281.0
Hultis	1984	1425.0
madde10	1976	5894.0
myspysan	1982	3166.0
Tesla	1986	9019.0
Baypower	1977	141765.0
XJCX	1988	10343.0
Koalababy	1971	22183.0
Thinkerbell	1978	11596.0
Naiw	1989	121.0
AKT83	1984	32595.0
Virga	1975	40409.0
panter	1982	54.0
Lindaewer	1978	16775.0
Rusina	1984	22223.0
herewegoagain	1986	10736.0
copycat	1987	1441.0
AlmNov	1978	1083.0
Mamma gås	1973	22266.0
Gosegumman22	1983	81.0
Issa86	1987	14958.0
Kakandi	1977	15765.0
Alvsten	1987	248.0
Myggan82	1982	5452.0
asteri	1981	967.0
Miss Piggy 82	1983	22565.0
marabou	1984	9302.0
h77	1978	23421.0
Knuts76	1977	9943.0
Humlan75	1976	9652.0
Cat79	1980	79773.0
Pepparmint	1986	38686.0
isabellem	1989	14349.0
Caroline	1988	1980.0
Fi4	1987	9449.0
brunatofflor	1989	7041.0
Terrus	1973	1360.0
India	1975	9312.0
Krusmynta	1980	2392.0
Nore	1974	1162.0
svarten	1966	4306.0
fellan	1986	9059.0
ellebelle	1981	9149.0
C rex	1968	19310.0
semlan10	1973	2891.0
KiLi	1976	27509.0
Cerulean	1980	82714.0
vinda	1962	99.0
lisala	1976	20959.0
sweasmamma	1982	191.0
Lucie	1978	120151.0
elinorlilja	1988	654.0
7feb	1982	1112.0
en mamma	1975	1511.0
Lovisa75	1976	10381.0
Persika80	1981	2422.0
wify	1977	14722.0
UppIDeBlå	1978	3986.0
mii76	1977	6038.0
Snobbas	1982	1097.0
skånegås	1982	35566.0
ÄlskadeGryn	1979	21632.0
Josse B	1981	31068.0
shootking	1974	456.0
Virus85	1986	848.0
Skräpis	1976	33708.0
Trissy	1976	30787.0
Isalar	1986	780.0
Maräng	1986	996.0
Bohuslän	1977	4587.0
Eldig72	1973	5528.0
Lotus	1983	9640.0
Bissen	1974	13078.0
LillaL	1985	1104.0
Minnas	1979	959.0
Milon	1979	56558.0
Alicia82	1983	182.0
Sissa Blom	1974	30191.0
Kringlan	1975	1365.0
Havannas mamma	1979	180.0
majsan2	1981	59582.0
Semlan10	1973	165602.0
chiquita	1981	317.0
mintur2010	1973	7991.0
blomman10	1975	126.0
hummelhonung	1973	135.0
Duddes mamma	1978	10118.0
lillsussan	1980	23586.0
linda b a	1978	2031.0
LadyMa	1986	30766.0
Doa	1981	12127.0
mackis	1986	6456.0
Tulsa	1965	1812.0
stina t	1981	8710.0
lia79	1980	9423.0
EmmaT	1985	643.0
Helia	1984	6553.0
jassi83	1984	10398.0
Nickis	1974	129855.0
lcln	1980	9.0
Eva A	1959	6611.0
Emo08	1980	14864.0
Sebastians mamma	1983	7706.0
Lottans	1982	18620.0
Tulip70	1971	17406.0
Lillegrill	1971	24074.0
nal	1986	1638.0
Cumulus	1983	430.0
MinÖgonsten	1985	31221.0
Loijsisen	1978	4967.0
Calliope	1978	630.0
Sandrolin	1986	6725.0
Emmelinan	1980	30381.0
LindafrånFinland	1985	8925.0
Em N	1988	19216.0
Nanna81	1982	675.0
Kimmice	1988	2045.0
Maggzan	1977	8267.0
snäckis	1984	10138.0
annsofia	1989	48199.0
Princepesa	1974	27981.0
Hoppfullheten	1979	3815.0
Naura	1984	19312.0
Miss Johanna	1984	29747.0
apelsinblomma	1991	28780.0
veme	1985	10544.0
Kuben	1975	35184.0
jolo	1986	27404.0
majsan1	1972	3615.0
Pjoddas	1983	2345.0
Jenka1	1974	10252.0
katalina	1971	13915.0
anna74	1985	13596.0
blingring	1981	20326.0
Dudda	1978	16122.0
moonlight	1977	3159.0
Eddiebella	1981	24770.0
Eet	1978	47733.0
Nikki81	1982	45995.0
brallison	1979	9518.0
lindasvea	1987	8694.0
Maria Q	1980	3904.0
zoi	1977	39149.0
helena1981	1982	46673.0
prinsmamma	1984	495.0
Paige80	1981	11843.0
hannapanna84	1985	230.0
PetulaK	1984	3253.0
mamma0005	1981	12469.0
ljus	1951	18.0
Karlaa	1988	209.0
lindamarias	1974	15932.0
daisy76	1977	13822.0
zasu	1974	21711.0
Noel	1964	259.0
Kajsa81	1982	28953.0
Persikan	1983	193.0
Mikes bride	1976	50524.0
nonno	1985	799.0
Malta2006	1977	1083.0
Souvenir	1986	8390.0
Lotus09	1982	19399.0
Tussi	1980	1764.0
buslings mamma	1980	695.0
Madicken73	1974	19486.0
Skogsstjärnan	1968	270.0
MME	1969	19512.0
Mollan2	1983	6421.0
Rainbow	1976	74477.0
ylva t	1974	903.0
Charleston	1968	10500.0
Snoffy	1977	12746.0
veronica03	1981	19873.0
Sirba	1983	22083.0
foxy	1982	21251.0
Rosielou	1982	10201.0
mama30	1987	12575.0
Purelyplatonic	1980	83562.0
Love8707	1988	6753.0
Kickilina	1983	2458.0
Dodo74	1975	21707.0
Tilda å Jimmy	1984	5970.0
tovida	1982	1311.0
Pms Lisa	1989	253.0
jemast	1971	1876.0
Saara	1982	392.0
Lillan090815	1977	690.0
Jigga	1981	10156.0
maya21	1985	3311.0
kitty3465	1984	15924.0
Tildalainen	1974	6748.0
sara 00	1988	9193.0
catzy	1979	445.0
Humlekatten	1978	1747.0
hallandsliv	1979	11211.0
neleh	1986	102.0
Paisana	1983	10510.0
LiM	1974	348.0
lollo14	1969	12962.0
Anki79	1980	374.0
cattis83	1984	21129.0
Erica 73	1974	19384.0
ogen	1979	18550.0
familjemamma	1975	35943.0
fowler	1980	1089.0
Oo P A oO	1984	1861.0
Helen84	1985	5011.0
Kråkan77	1978	751.0
Anna4	1990	15056.0
Lill Fia	1980	6476.0
Groover	1973	721.0
Sagogrynet	1966	465.0
Jennolinnea	1973	9225.0
millie89	1990	21379.0
Lisa1979	1980	1236.0
Tisse	1984	48.0
Felicia68	1969	792.0
AnneCharlotte	1977	146.0
mammasälskling	1983	17121.0
FallenAngel	1983	104.0
Acantha	1976	23602.0
Vanilla78	1979	1863.0
Toffsan	1985	1549.0
solyluna	1987	2026.0
Sarah82	1983	13742.0
Kabo	1981	8310.0
jagheterjenny	1974	765.0
snosan	1985	3449.0
AnkiM	1955	734.0
Maya75	1975	1451.0
peka	1972	8509.0
Sussiek	1982	3749.0
TessK	1987	138.0
Rallarros	1984	44539.0
Eva77	1978	1079.0
Bollas	1976	913.0
Cathie	1983	5467.0
blåbär02	1987	199.0
Piper	1975	1026.0
Yozefeehn	1990	4835.0
Anna79	1980	3153.0
EoT	1978	5394.0
Jen08	1975	37757.0
SanBog	1984	5181.0
emma85	1986	8985.0
icaS	1969	6402.0
Lilla Mina	1979	734.0
Ankungen	1968	2458.0
Tezzy	1981	44959.0
Katarinab	1984	1053.0
Flinga	1971	2070.0
Kiapia	1971	6405.0
Pyret10	1983	2634.0
sandslott	1984	6637.0
Lottizz	1984	6433.0
cathil	1981	5061.0
makeupgirl	1977	4548.0
pewe	1978	413.0
Tummetott	1979	884.0
calnaneas	1980	14264.0
jenny1986	1987	2604.0
Jellan	1986	5036.0
BumbiLie	1987	1171.0
sam77	1978	9373.0
Nuno	1983	352.0
MiaMia	1985	4755.0
Nikis	1988	63.0
Jenny76	1977	1356.0
Empan85	1986	6098.0
Nojan	1985	2564.0
Sjöhästen	1985	1338.0
NiklaasKaroliine	1990	23217.0
Lilla M	1979	60618.0
Jeszicka	1987	5645.0
72dagar	1985	39695.0
anne87	1988	15329.0
jenny76	1977	143.0
Gumbo	1962	35376.0
önskar09	1975	41926.0
flummkeso	1986	968.0
esse	1982	3213.0
Maria 8403	1985	15245.0
UmeAnkan	1984	21438.0
Maroska	1973	1080.0
Katzy	1976	677.0
ananasen01	1979	92007.0
Super S	1980	7986.0
Minus	1981	4295.0
SysterYster2	1977	36571.0
dianam	1987	13276.0
Twizz	1988	936.0
Lotass	1974	2694.0
SoffH	1979	6823.0
Lacrima	1983	262.0
Kakankaka	1989	294.0
kamilla	1982	1183.0
drömmare	1984	35794.0
Alex  mamma	1977	405.0
AnneliR	1987	911.0
Ida83	1979	7635.0
brandynova	1982	16763.0
Johlin	1977	280.0
FruBorg	1985	2453.0
Molls	1977	9711.0
chupa chups	1985	10189.0
Silvermalvan	1977	2361.0
Samboo	1982	3185.0
Mrs Flink	1981	17336.0
rox	1980	2120.0
SA25	1984	79024.0
fia78	1979	419.0
nyinflyttad	1978	11653.0
Niina78	1979	1018.0
milla72	1973	8972.0
Gandalf	1976	6518.0
Sirimånstråle	1980	127.0
UgurBöcegi	1985	9443.0
snattran	1967	18550.0
Nisa	1983	36.0
Esme	1977	114.0
Nennen sthlm	1985	331.0
Gurkmeja	1966	967.0
Gabriella85	1986	2177.0
ItsyBitsy	1965	2153.0
Naomi	1972	638.0
idamarie	1981	261.0
Tillata	1982	9329.0
Wimlan	1971	359.0
pysis	1980	17.0
Lolisa	1977	923.0
Maajsi	1990	1144.0
Mamma33	1979	1848.0
Xina	1981	20849.0
Mysan75	1976	1471.0
Norrlandstjejen	1986	101.0
maybe2501	1981	19169.0
babymoon	1987	9352.0
Finmamma	1985	18884.0
Sandy76	1977	2266.0
kirseberg	1977	1452.0
Cherkan	1979	43396.0
Cocine	1983	24575.0
Nort	1981	657.0
ddalia	1979	875.0
Trixi	1976	10659.0
annika eriksson	1978	2214.0
L86	1987	15718.0
mumma	1981	494.0
BlackMamba	1965	13078.0
Rut	1985	94.0
Loojsen	1992	443.0
VBK	1979	18346.0
Mary84	1985	19036.0
syanha	1979	7826.0
pckattis	1984	21655.0
EvaLinnea	1987	974.0
Utan Barn	1968	3869.0
Vidarchefar	1980	10330.0
saile	1981	1215.0
LadyC	1982	250.0
Totinona	1973	994.0
cillaallic	1972	6127.0
lillnageln	1981	2131.0
ViVäntarLois	1990	620.0
Evie	1980	51968.0
Lovli	1984	12006.0
Frugan79	1980	313.0
liba71	1972	24428.0
Melle85	1986	7242.0
Jennski	1983	3508.0
lellisen	1978	26870.0
Fire	1980	4376.0
AryHann	1980	7479.0
fia 76	1977	104.0
FridaBo	1989	2722.0
Shigo	1983	57852.0
Cånrad	1982	25129.0
lilleva80	1981	11754.0
Lani	1971	15036.0
LindaMattias	1981	22304.0
Mumsa73	1974	7104.0
jessi	1992	225.0
Fiddelie	1989	28.0
LindaS75	1976	2685.0
Beccibus	1980	2364.0
isefisen	1976	818.0
Solen11	1972	91.0
palmrosi	1985	13014.0
Marre80	1981	14543.0
Mamma1983	1984	9909.0
Ofeigur	1980	27566.0
Ars Amandi	1977	6483.0
Maariiia	1989	2383.0
camilla88	1989	5774.0
Devotion	1980	1582.0
aquarius87	1988	32733.0
Royal	1985	2283.0
CharlieGto	1985	114.0
Isalisa	1979	1557.0
virvel	1976	471.0
ZillyChili	1985	271.0
Sinnika	1966	14334.0
mittliv	1977	840.0
Saso87	1988	3951.0
kamelia	1972	18061.0
VeraLu	1974	510.0
CamillaA	1974	16341.0
adnil87	1988	2533.0
miiis	1986	6613.0
Pedalen	1983	736.0
riverA	1991	1241.0
ernlia03	1980	41873.0
Eileen1	1975	4718.0
Vesslan	1978	7451.0
cookie8409	1985	36487.0
storkenkankomma	1984	12642.0
elliz	1987	34152.0
HeddaSophie	1976	2859.0
JBx2	1991	2690.0
Isse	1987	6692.0
gosis	1983	27446.0
Stor längtan	1969	27838.0
Minna71	1972	1640.0
LL2011	1983	1396.0
3flickor4pojkar7barnsmamma	1977	2517.0
Mamma Evve	1984	8227.0
k03san	1983	10880.0
jessii87	1988	3085.0
lindasv	1989	6084.0
mammamia77	1978	246.0
shadows	1987	35269.0
Myrtuva	1984	6639.0
Insomble	1986	10567.0
Maria1982	1983	493.0
Cliine	1980	829.0
nahaud	1978	844.0
lmcl	1988	9905.0
Kim Carol	1968	10276.0
Poddan	1976	39701.0
Daline	1990	11122.0
Barabeckis	1990	2393.0
laluna88	1989	117.0
barn är livet	1989	5406.0
Agathon	1961	136.0
Nalli	1983	30535.0
Dynastar	1978	617.0
Yonna	1979	401.0
Zimzalabim	1969	13542.0
Candino	1988	41.0
Isa82	1983	12507.0
sara1986	1987	726.0
Somsom	1981	6968.0
Elina82	1983	443.0
Fantacia	1978	159.0
PurJo	1983	126715.0
Chanel01	1977	522.0
Solros72	1973	31882.0
lillajag01	1983	2768.0
Ckm	1991	1184.0
Vanja	1986	2078.0
Snartmamma	1978	74.0
kolbodatjej	1986	6274.0
YlvaK	1978	3537.0
Majbaby2011	1982	195.0
svedalatjessi	1984	4621.0
Tilda och Thomas	1977	14550.0
Nemi	1971	323.0
Krutgumman	1971	17351.0
Smultronet84	1985	769.0
Knasgullet2	1989	6972.0
ejmy	1982	2172.0
Frida	1979	308.0
NilssonPettersson	1984	1152.0
Tigerkvinna	1989	110.0
Finskorpan	1981	2441.0
Sowa	1980	87749.0
Solkatten	1985	481.0
mixed	1981	17649.0
Kaka76	1977	11493.0
mejo	1986	1650.0
suck	1983	9763.0
Uppa	1987	956.0
Floris	1986	58.0
Mallin87	1988	20439.0
fraaajda	1989	2366.0
Akkie77	1978	4767.0
sasty	1987	1273.0
erika86	1987	39.0
Bubbly	1987	24996.0
catnap	1988	4410.0
Pumlan	1987	11842.0
Sthlm72	1973	162.0
Tulpa	1972	740.0
vildkatten	1975	590.0
MammaMariie	1991	6302.0
Simbis	1981	8606.0
minitrollet	1982	1717.0
Vilda	1981	61.0
Linyana	1990	1268.0
Annajosefina	1982	3127.0
3Jane	1980	283.0
SmUrFtUsS	1983	4797.0
Mini 82	1983	2810.0
Izzies matte	1986	30853.0
ungmamma2011	1990	1608.0
sarah88	1989	71.0
SErixon	1990	358.0
gilia	1986	12831.0
finder	1991	2479.0
Busfrö10	1979	9255.0
MariaO	1974	6138.0
mbo	1984	2495.0
längtar89	1989	18075.0
EllenH	1969	558.0
APEW	1986	3.0
Carla	1974	15626.0
Taxmamman	1978	1240.0
Ruggugglan	1988	23097.0
krabban	1987	1321.0
Gsson	1990	167.0
Pojkmamma2	1989	542.0
längtan67	1968	32541.0
Niccita	1988	893.0
ElinC	1989	9778.0
Daggdroppen	1988	3768.0
tomtemor	1990	1933.0
carolinasfam	1990	572.0
NobodysFool	1988	1961.0
caaroooline	1992	1805.0
Brio	1990	915.0
oki	1977	2023.0
Ida90	1991	1251.0
Coockie	1989	83.0
Wolfie	1979	158.0
Carl Den kloke	1990	9664.0
sandrasol	1989	1531.0
Natie	1990	3339.0
ja88	1989	1250.0
gretagarbo	1989	3199.0
Palle76	1977	12340.0
miniliten	1987	1114.0
Gris78	1979	26412.0
en ängel	1991	10.0
Caroliine	1990	1031.0
Lieea	1989	207.0
buffylinn	1988	2006.0
forever young	1988	515.0
VMS	1992	1146.0
Lappgeten	1986	3879.0
ahh	1990	1301.0
NajOo	1989	95.0
Sha	1987	84.0
Jackie och prinsarna	1990	904.0
FrokenJo	1990	126.0
Theres	1986	328.0
Sol88	1989	3637.0
Melwinsmamma	1992	104.0
Mii	1988	425.0
Lääängtar	1991	95.0
Komzi	1989	10.0
m0desty	1975	363.0
malinn	1987	26.0
sunshine09	1991	131.0
Midsommarbarn	1989	41.0
Sockerbit 1	1971	22168.0
Skrollansmamma	1983	3312.0
Herr Lindström	1981	686.0
Vanillas	1990	198.0
Piken	1973	29066.0
Lavendia	1975	7216.0
Hanna91	1992	48.0
lemonina	1981	513.0
Herkules	1978	2195.0
Man 1973	1974	89.0
j a g	1989	77.0
Deborah	1987	1468.0
Tussilagon	1990	8.0
Sweety	1988	139.0
cesse26	1985	164.0
Anna7	1992	107.0
ulricaz	1981	14564.0
SMB	1989	739.0
maha	1985	224.0
Naima	1992	901.0
sorgsen	1991	10159.0
alanbanks	1990	55.0
Vågatillslut	1976	1053.0
Stina10	1990	14649.0
Ella Jade	1983	4044.0
mementa	1971	431.0
Dolphin Blue	1985	5355.0
närtvåblirtre	1991	26.0
MRMR1	1965	793.0
MiraJ	1983	19626.0
robman	1965	446.0
vanligkille37	1974	8641.0
carlan	1983	25154.0
konvaljen	1985	5605.0
Fizelisan	1984	219.0
Taao83	1984	2381.0
Nicolinus	1984	3950.0
my1977	1978	8163.0
Nalle1	1968	662.0
tvillingmamma	1973	4229.0
Nellie	1975	91377.0
skinny	1982	137.0
busungar2	1978	33545.0
camper	1986	1349.0
Trötta Lina	1981	2038.0
SandraK	1986	816.0
Coccinelle	1954	2974.0
Monica G E S	1955	9951.0
Mullvaden	1985	5597.0
hugoboss	1977	6.0
millface	1978	158.0
Nudelsoppa	1983	2455.0
faringe	1984	9374.0
ankii	1989	81.0
joyride	1983	45827.0
islandgirl	1971	3423.0
Alicantina	1980	27.0
Maddeli	1984	55.0
women	1977	246.0
irrepirre	1985	1079.0
minimus	1987	4147.0
Pia73	1973	623.0
Emma N	1982	21.0
Mamma till 1	1985	6360.0
Sofiej	1987	11665.0
Medium	1973	1894.0
Nefertiti	1980	390.0
Jois	1974	3600.0
Expat	1983	1713.0
mini07	1976	4184.0
Yvonne	1976	129.0
emau88	1989	33502.0
niotillfem	1983	11321.0
Ella1979	1980	24605.0
Inanna Li	1969	53755.0
ystersyster	1978	10416.0
Perelin	1980	6411.0
tvåem	1978	3593.0
Längtan81	1982	6737.0
Mariana79	1980	1171.0
Isaan	1990	19959.0
tjorven01	1980	15751.0
Särlan	1976	13740.0
SmillaK	1984	1121.0
orkidee80	1981	7475.0
Danskan	1976	14004.0
Jordgubbe1	1979	14685.0
heiden	1983	20640.0
javabönan	1975	7969.0
Goklumpen	1982	23748.0
Pion82	1983	16168.0
Mårran	1980	13468.0
Djurparken	1978	4910.0
Stabilo	1985	26094.0
BigDreams	1981	898.0
jazzan	1976	362.0
mayilin	1987	416.0
Elin85	1986	42.0
anka och uggla	1982	1916.0
nikka	1986	1679.0
MammaMor	1989	18311.0
sofiaah	1984	15132.0
Nellan10	1977	10479.0
Smirfas	1983	54.0
Blake	1989	71.0
Söndag	1985	46.0
Regnbågsbarn	1986	309.0
lillatrollet85	1986	250.0
Hillewi	1990	58.0
malika	1991	21543.0
Elizabett	1983	550.0
Majken03	1986	217.0
EmiliaGK	1988	730.0
kimzeiy	1985	1861.0
MissFreckles	1983	19.0
Eviglängtan	1985	14208.0
Maraki73	1974	74.0
SaraSofie	1973	196.0
Hjärtat78	1979	10256.0
kamikirimusi	1981	1061.0
Sunflower	1971	441.0
Fraajdaa	1986	1551.0
mammsen79	1980	394.0
lindy01	1980	4700.0
Sisko	1981	274.0
Essa	1986	429.0
Fiiaaa	1982	1522.0
lilla puppan	1966	342.0
Chan2	1980	1955.0
MissP	1983	46.0
Never ending story	1989	92.0
Jonzonto	1981	3300.0
Herr Häst	1981	5631.0
Sebastian72	1972	242.0
JayJay	1985	18.0
Emy	1984	134.0
Minime01	1986	258.0
joseeffin	1984	279.0
smillan	1968	552.0
Hemliga damen	1967	13393.0
pimpim78	1979	621.0
Brumelina	1972	799.0
MollysMamma	1991	6290.0
Orka	1985	1327.0
Sharika	1979	10716.0
bubblan91	1992	928.0
elin22	1980	11565.0
sara72	1986	2276.0
ballamalla	1974	1109.0
Yoga	1973	2776.0
Colourful	1982	1923.0
Strumpemamma	1983	40.0
moadylan	1974	3422.0
vivela	1975	2838.0
kariin	1985	19.0
zest	1976	5.0
Doulan	1956	10239.0
