 
 
 
{
"corpora": {
"FAMILJELIV-ADOPTION": [
{
"absolute": {
"2003": 0,
"2023": null,
"2006": 1,
"2007": 3,
"2008": 0,
"2012": 2,
"2013": 0
},
"relative": {
"2003": 0,
"2023": null,
"2006": 0.746279238287707,
"2007": 1.3629771783101263,
"2008": 0.0,
"2012": 4.788664273930751,
"2013": 0.0
},
"sums": {
"absolute": 6,
"relative": 6.897920690528585
}
},
{
"absolute": {
"2003": 0,
"2023": null
},
"relative": {
"2003": 0,
"2023": null
},
"sums": {
"absolute": 0,
"relative": 0.0
},
"cqp": "[lemma contains 'f\u00f6refalla' & (msd = '.*VB.PRS.AKT.*' | msd = '.*VB.PRT.AKT.*')] [word = 'att' %c] [msd = '.*INF.AKT.*'] [msd != '.*INF.*']"
},
{
"absolute": {
"2003": 0,
"2023": null,
"2006": 1,
"2007": 3,
"2008": 0,
"2012": 2,
"2013": 0
},
"relative": {
"2003": 0,
"2023": null,
"2006": 0.746279238287707,
"2007": 1.3629771783101263,
"2008": 0.0,
"2012": 4.788664273930751,
"2013": 0.0
},
"sums": {
"absolute": 6,
"relative": 6.897920690528585
},
"cqp": "[lemma contains 'f\u00f6refalla' & (msd = '.*VB.PRS.AKT.*' | msd = '.*VB.PRT.AKT.*')] [msd = '.*INF.AKT.*'] [msd != '.*INF.*']"
}
],
"FAMILJELIV-ALLMANNA-EKONOMI": [
{
"absolute": {
"2003": 0,
"2023": null,
"2008": 2,
"2009": 1,
"2010": 4,
"2011": 0,
"2012": 1,
"2013": 0,
"2015": 1,
"2016": 1,
"2017": 0
},
"relative": {
"2003": 0,
"2023": null,
"2008": 0.26341396083455865,
"2009": 0.13592894178639173,
"2010": 0.742571454402307,
"2011": 0.0,
"2012": 0.3444981746764215,
"2013": 0.0,
"2015": 0.8508067775267898,
"2016": 1.1251314997440325,
"2017": 0.0
},
"sums": {
"absolute": 10,
"relative": 3.462350808970501
}
},
{
"absolute": {
"2003": 0,
"2023": null,
"2010": 1,
"2011": 0
},
"relative": {
"2003": 0,
"2023": null,
"2010": 0.18564286360057675,
"2011": 0.0
},
"sums": {
"absolute": 1,
"relative": 0.18564286360057675
},
"cqp": "[lemma contains 'f\u00f6refalla' & (msd = '.*VB.PRS.AKT.*' | msd = '.*VB.PRT.AKT.*')] [word = 'att' %c] [msd = '.*INF.AKT.*'] [msd != '.*INF.*']"
},
{
"absolute": {
"2003": 0,
"2023": null,
"2008": 2,
"2009": 1,
"2010": 3,
"2011": 0,
"2012": 1,
"2013": 0,
"2015": 1,
"2016": 1,
"2017": 0
},
"relative": {
"2003": 0,
"2023": null,
"2008": 0.26341396083455865,
"2009": 0.13592894178639173,
"2010": 0.5569285908017303,
"2011": 0.0,
"2012": 0.3444981746764215,
"2013": 0.0,
"2015": 0.8508067775267898,
"2016": 1.1251314997440325,
"2017": 0.0
},
"sums": {
"absolute": 9,
"relative": 3.2767079453699246
},
"cqp": "[lemma contains 'f\u00f6refalla' & (msd = '.*VB.PRS.AKT.*' | msd = '.*VB.PRT.AKT.*')] [msd = '.*INF.AKT.*'] [msd != '.*INF.*']"
}
],
"FAMILJELIV-ALLMANNA-FAMILJELIV": [
{
"absolute": {
"2003": 0,
"2023": null,
"2004": 2,
"2005": 0,
"2006": 3,
"2007": 5,
"2008": 5,
"2009": 3,
"2010": 2,
"2011": 0,
"2012": 1,
"2013": 0,
"2021": 1,
"2022": 0
},
"relative": {
"2003": 0,
"2023": null,
"2004": 1.8095519006628389,
"2005": 0.0,
"2006": 0.2006122149835391,
"2007": 0.48319972538793204,
"2008": 0.650637221081583,
"2009": 0.3923466764770773,
"2010": 0.31802953985578,
"2011": 0.0,
"2012": 0.7854608062912269,
"2013": 0.0,
"2021": 4.347750473904802,
"2022": 0.0
},
"sums": {
"absolute": 22,
"relative": 8.987588558644779
}
},
{
"absolute": {
"2003": 0,
"2023": null,
"2006": 1,
"2007": 0
},
"relative": {
"2003": 0,
"2023": null,
"2006": 0.06687073832784637,
"2007": 0.0
},
"sums": {
"absolute": 1,
"relative": 0.06687073832784637
},
"cqp": "[lemma contains 'f\u00f6refalla' & (msd = '.*VB.PRS.AKT.*' | msd = '.*VB.PRT.AKT.*')] [word = 'att' %c] [msd = '.*INF.AKT.*'] [msd != '.*INF.*']"
},
{
"absolute": {
"2003": 0,
"2023": null,
"2004": 2,
"2005": 0,
"2006": 2,
"2007": 5,
"2008": 5,
"2009": 3,
"2010": 2,
"2011": 0,
"2012": 1,
"2013": 0,
"2021": 1,
"2022": 0
},
"relative": {
"2003": 0,
"2023": null,
"2004": 1.8095519006628389,
"2005": 0.0,
"2006": 0.13374147665569275,
"2007": 0.48319972538793204,
"2008": 0.650637221081583,
"2009": 0.3923466764770773,
"2010": 0.31802953985578,
"2011": 0.0,
"2012": 0.7854608062912269,
"2013": 0.0,
"2021": 4.347750473904802,
"2022": 0.0
},
"sums": {
"absolute": 21,
"relative": 8.920717820316934
},
"cqp": "[lemma contains 'f\u00f6refalla' & (msd = '.*VB.PRS.AKT.*' | msd = '.*VB.PRT.AKT.*')] [msd = '.*INF.AKT.*'] [msd != '.*INF.*']"
}
],
"FAMILJELIV-ALLMANNA-FRITID": [
{
"absolute": {
"2004": 0,
"2023": null,
"2013": 1,
"2014": 0
},
"relative": {
"2004": 0,
"2023": null,
"2013": 0.8603223627893372,
"2014": 0.0
},
"sums": {
"absolute": 1,
"relative": 0.8603223627893372
}
},
{
"absolute": {
"2004": 0,
"2023": null
},
"relative": {
"2004": 0,
"2023": null
},
"sums": {
"absolute": 0,
"relative": 0.0
},
"cqp": "[lemma contains 'f\u00f6refalla' & (msd = '.*VB.PRS.AKT.*' | msd = '.*VB.PRT.AKT.*')] [word = 'att' %c] [msd = '.*INF.AKT.*'] [msd != '.*INF.*']"
},
{
"absolute": {
"2004": 0,
"2023": null,
"2013": 1,
"2014": 0
},
"relative": {
"2004": 0,
"2023": null,
"2013": 0.8603223627893372,
"2014": 0.0
},
"sums": {
"absolute": 1,
"relative": 0.8603223627893372
},
"cqp": "[lemma contains 'f\u00f6refalla' & (msd = '.*VB.PRS.AKT.*' | msd = '.*VB.PRT.AKT.*')] [msd = '.*INF.AKT.*'] [msd != '.*INF.*']"
}
],
"FAMILJELIV-ALLMANNA-HUSDJUR": [
{
"absolute": {
"2003": 0,
"2023": null,
"2005": 2,
"2006": 0,
"2007": 1,
"2008": 1,
"2009": 0,
"2010": 3,
"2011": 3,
"2012": 1,
"2013": 1,
"2014": 0
},
"relative": {
"2003": 0,
"2023": null,
"2005": 0.7975648749238824,
"2006": 0.0,
"2007": 0.11145930999553717,
"2008": 0.13288369036080314,
"2009": 0.0,
"2010": 0.7241089417075406,
"2011": 0.7403078891156972,
"2012": 0.3501157832895338,
"2013": 0.5647637141572709,
"2014": 0.0
},
"sums": {
"absolute": 12,
"relative": 3.421204203550265
}
},
{
"absolute": {
"2003": 0,
"2023": null,
"2008": 1,
"2009": 0,
"2010": 2,
"2011": 0
},
"relative": {
"2003": 0,
"2023": null,
"2008": 0.13288369036080314,
"2009": 0.0,
"2010": 0.4827392944716938,
"2011": 0.0
},
"sums": {
"absolute": 3,
"relative": 0.6156229848324969
},
"cqp": "[lemma contains 'f\u00f6refalla' & (msd = '.*VB.PRS.AKT.*' | msd = '.*VB.PRT.AKT.*')] [word = 'att' %c] [msd = '.*INF.AKT.*'] [msd != '.*INF.*']"
},
{
"absolute": {
"2003": 0,
"2023": null,
"2005": 2,
"2006": 0,
"2007": 1,
"2008": 0,
"2010": 1,
"2011": 3,
"2012": 1,
"2013": 1,
"2014": 0
},
"relative": {
"2003": 0,
"2023": null,
"2005": 0.7975648749238824,
"2006": 0.0,
"2007": 0.11145930999553717,
"2008": 0.0,
"2010": 0.2413696472358469,
"2011": 0.7403078891156972,
"2012": 0.3501157832895338,
"2013": 0.5647637141572709,
"2014": 0.0
},
"sums": {
"absolute": 9,
"relative": 2.8055812187177684
},
"cqp": "[lemma contains 'f\u00f6refalla' & (msd = '.*VB.PRS.AKT.*' | msd = '.*VB.PRT.AKT.*')] [msd = '.*INF.AKT.*'] [msd != '.*INF.*']"
}
],
"FAMILJELIV-ALLMANNA-HUSHEM": [
{
"absolute": {
"2004": 0,
"2023": null,
"2006": 1,
"2007": 0,
"2011": 1,
"2012": 0,
"2016": 1,
"2017": 0
},
"relative": {
"2004": 0,
"2023": null,
"2006": 0.10276067583230239,
"2007": 0.0,
"2011": 0.21853710388510894,
"2012": 0.0,
"2016": 1.4865578010837006,
"2017": 0.0
},
"sums": {
"absolute": 3,
"relative": 1.807855580801112
}
},
{
"absolute": {
"2004": 0,
"2023": null,
"2016": 1,
"2017": 0
},
"relative": {
"2004": 0,
"2023": null,
"2016": 1.4865578010837006,
"2017": 0.0
},
"sums": {
"absolute": 1,
"relative": 1.4865578010837006
},
"cqp": "[lemma contains 'f\u00f6refalla' & (msd = '.*VB.PRS.AKT.*' | msd = '.*VB.PRT.AKT.*')] [word = 'att' %c] [msd = '.*INF.AKT.*'] [msd != '.*INF.*']"
},
{
"absolute": {
"2004": 0,
"2023": null,
"2006": 1,
"2007": 0,
"2011": 1,
"2012": 0
},
"relative": {
"2004": 0,
"2023": null,
"2006": 0.10276067583230239,
"2007": 0.0,
"2011": 0.21853710388510894,
"2012": 0.0
},
"sums": {
"absolute": 2,
"relative": 0.32129777971741136
},
"cqp": "[lemma contains 'f\u00f6refalla' & (msd = '.*VB.PRS.AKT.*' | msd = '.*VB.PRT.AKT.*')] [msd = '.*INF.AKT.*'] [msd != '.*INF.*']"
}
],
"FAMILJELIV-ALLMANNA-KROPP": [
{
"absolute": {
"2003": 0,
"2023": null,
"2005": 3,
"2006": 2,
"2007": 12,
"2008": 1,
"2009": 8,
"2010": 1,
"2011": 5,
"2012": 0,
"2013": 1,
"2014": 1,
"2015": 1,
"2016": 0,
"2020": 1,
"2021": 0
},
"relative": {
"2003": 0,
"2023": null,
"2005": 0.3674606265938605,
"2006": 0.10770046475981557,
"2007": 0.6591405268927687,
"2008": 0.060142240006148935,
"2009": 0.39887594763576506,
"2010": 0.07919659803093498,
"2011": 0.391467726030529,
"2012": 0.0,
"2013": 0.1587743131105666,
"2014": 0.2506693498313873,
"2015": 0.40566075240333715,
"2016": 0.0,
"2020": 1.3150091195882443,
"2021": 0.0
},
"sums": {
"absolute": 36,
"relative": 4.1940976648833574
}
},
{
"absolute": {
"2003": 0,
"2023": null,
"2009": 1,
"2010": 0
},
"relative": {
"2003": 0,
"2023": null,
"2009": 0.04985949345447063,
"2010": 0.0
},
"sums": {
"absolute": 1,
"relative": 0.04985949345447063
},
"cqp": "[lemma contains 'f\u00f6refalla' & (msd = '.*VB.PRS.AKT.*' | msd = '.*VB.PRT.AKT.*')] [word = 'att' %c] [msd = '.*INF.AKT.*'] [msd != '.*INF.*']"
},
{
"absolute": {
"2003": 0,
"2023": null,
"2005": 3,
"2006": 2,
"2007": 12,
"2008": 1,
"2009": 7,
"2010": 1,
"2011": 5,
"2012": 0,
"2013": 1,
"2014": 1,
"2015": 1,
"2016": 0,
"2020": 1,
"2021": 0
},
"relative": {
"2003": 0,
"2023": null,
"2005": 0.3674606265938605,
"2006": 0.10770046475981557,
"2007": 0.6591405268927687,
"2008": 0.060142240006148935,
"2009": 0.3490164541812944,
"2010": 0.07919659803093498,
"2011": 0.391467726030529,
"2012": 0.0,
"2013": 0.1587743131105666,
"2014": 0.2506693498313873,
"2015": 0.40566075240333715,
"2016": 0.0,
"2020": 1.3150091195882443,
"2021": 0.0
},
"sums": {
"absolute": 35,
"relative": 4.144238171428887
},
"cqp": "[lemma contains 'f\u00f6refalla' & (msd = '.*VB.PRS.AKT.*' | msd = '.*VB.PRT.AKT.*')] [msd = '.*INF.AKT.*'] [msd != '.*INF.*']"
}
],
"FAMILJELIV-ALLMANNA-NOJE": [
{
"absolute": {
"2003": 0,
"2023": null,
"2004": 1,
"2005": 0,
"2007": 1,
"2008": 2,
"2009": 1,
"2010": 0
},
"relative": {
"2003": 0,
"2023": null,
"2004": 0.23582258218181168,
"2005": 0.0,
"2007": 0.0785717293889068,
"2008": 0.15568157979439912,
"2009": 0.08017663232808406,
"2010": 0.0
},
"sums": {
"absolute": 5,
"relative": 0.5502525236932017
}
},
{
"absolute": {
"2003": 0,
"2023": null
},
"relative": {
"2003": 0,
"2023": null
},
"sums": {
"absolute": 0,
"relative": 0.0
},
"cqp": "[lemma contains 'f\u00f6refalla' & (msd = '.*VB.PRS.AKT.*' | msd = '.*VB.PRT.AKT.*')] [word = 'att' %c] [msd = '.*INF.AKT.*'] [msd != '.*INF.*']"
},
{
"absolute": {
"2003": 0,
"2023": null,
"2004": 1,
"2005": 0,
"2007": 1,
"2008": 2,
"2009": 1,
"2010": 0
},
"relative": {
"2003": 0,
"2023": null,
"2004": 0.23582258218181168,
"2005": 0.0,
"2007": 0.0785717293889068,
"2008": 0.15568157979439912,
"2009": 0.08017663232808406,
"2010": 0.0
},
"sums": {
"absolute": 5,
"relative": 0.5502525236932017
},
"cqp": "[lemma contains 'f\u00f6refalla' & (msd = '.*VB.PRS.AKT.*' | msd = '.*VB.PRT.AKT.*')] [msd = '.*INF.AKT.*'] [msd != '.*INF.*']"
}
],
"FAMILJELIV-ALLMANNA-SAMHALLE": [
{
"absolute": {
"2003": 0,
"2023": null,
"2004": 7,
"2005": 6,
"2006": 13,
"2007": 20,
"2008": 18,
"2009": 23,
"2010": 25,
"2011": 31,
"2012": 15,
"2013": 11,
"2014": 16,
"2015": 8,
"2016": 8,
"2017": 3,
"2018": 6,
"2019": 2,
"2020": 1,
"2021": 5,
"2022": 2
},
"relative": {
"2003": 0,
"2023": null,
"2004": 1.6581976197283825,
"2005": 0.46030929408961335,
"2006": 0.3861526721126273,
"2007": 0.5279213232516903,
"2008": 0.5109389764007506,
"2009": 0.5681877274464737,
"2010": 0.8347919653343621,
"2011": 0.9890473849730713,
"2012": 0.6485749705319962,
"2013": 0.7076281282952955,
"2014": 1.1958837382757614,
"2015": 0.8728540746192037,
"2016": 2.1172557401449685,
"2017": 0.7846708789543162,
"2018": 2.082097810708854,
"2019": 0.7380174563268945,
"2020": 0.545014669069818,
"2021": 2.6397357307765206,
"2022": 1.0367061357971
},
"sums": {
"absolute": 220,
"relative": 19.3039862968377
}
},
{
"absolute": {
"2003": 0,
"2023": null,
"2004": 2,
"2005": 0,
"2007": 4,
"2008": 0,
"2009": 1,
"2010": 1,
"2011": 3,
"2012": 0,
"2014": 2,
"2015": 0
},
"relative": {
"2003": 0,
"2023": null,
"2004": 0.47377074849382356,
"2005": 0.0,
"2007": 0.10558426465033804,
"2008": 0.0,
"2009": 0.024703814236803207,
"2010": 0.033391678613374484,
"2011": 0.09571426306191012,
"2012": 0.0,
"2014": 0.14948546728447018,
"2015": 0.0
},
"sums": {
"absolute": 13,
"relative": 0.8826502363407196
},
"cqp": "[lemma contains 'f\u00f6refalla' & (msd = '.*VB.PRS.AKT.*' | msd = '.*VB.PRT.AKT.*')] [word = 'att' %c] [msd = '.*INF.AKT.*'] [msd != '.*INF.*']"
},
{
"absolute": {
"2003": 0,
"2023": null,
"2004": 5,
"2005": 6,
"2006": 13,
"2007": 16,
"2008": 18,
"2009": 22,
"2010": 24,
"2011": 28,
"2012": 15,
"2013": 11,
"2014": 14,
"2015": 8,
"2016": 8,
"2017": 3,
"2018": 6,
"2019": 2,
"2020": 1,
"2021": 5,
"2022": 2
},
"relative": {
"2003": 0,
"2023": null,
"2004": 1.184426871234559,
"2005": 0.46030929408961335,
"2006": 0.3861526721126273,
"2007": 0.4223370586013522,
"2008": 0.5109389764007506,
"2009": 0.5434839132096705,
"2010": 0.8014002867209876,
"2011": 0.8933331219111611,
"2012": 0.6485749705319962,
"2013": 0.7076281282952955,
"2014": 1.0463982709912913,
"2015": 0.8728540746192037,
"2016": 2.1172557401449685,
"2017": 0.7846708789543162,
"2018": 2.082097810708854,
"2019": 0.7380174563268945,
"2020": 0.545014669069818,
"2021": 2.6397357307765206,
"2022": 1.0367061357971
},
"sums": {
"absolute": 207,
"relative": 18.42133606049698
},
"cqp": "[lemma contains 'f\u00f6refalla' & (msd = '.*VB.PRS.AKT.*' | msd = '.*VB.PRT.AKT.*')] [msd = '.*INF.AKT.*'] [msd != '.*INF.*']"
}
],
"FAMILJELIV-ALLMANNA-SANDLADAN": [
{
"absolute": {
"2005": 1,
"2023": null,
"2006": 0,
"2007": 3,
"2008": 0,
"2009": 1,
"2010": 4,
"2011": 2,
"2012": 3,
"2013": 1,
"2014": 1,
"2015": 0,
"2020": 2,
"2021": 0
},
"relative": {
"2005": 0.39833432518580303,
"2023": null,
"2006": 0.0,
"2007": 0.44491671529853544,
"2008": 0.0,
"2009": 0.1973326545090018,
"2010": 0.7688821107659258,
"2011": 0.38179144947505583,
"2012": 0.7057871962203685,
"2013": 0.5406510086925869,
"2014": 1.7748496702329313,
"2015": 0.0,
"2020": 3.819819131564121,
"2021": 0.0
},
"sums": {
"absolute": 18,
"relative": 9.032364261944329
}
},
{
"absolute": {
"2005": 0,
"2023": null,
"2007": 1,
"2008": 0,
"2009": 1,
"2010": 2,
"2011": 0
},
"relative": {
"2005": 0,
"2023": null,
"2007": 0.14830557176617848,
"2008": 0.0,
"2009": 0.1973326545090018,
"2010": 0.3844410553829629,
"2011": 0.0
},
"sums": {
"absolute": 4,
"relative": 0.7300792816581432
},
"cqp": "[lemma contains 'f\u00f6refalla' & (msd = '.*VB.PRS.AKT.*' | msd = '.*VB.PRT.AKT.*')] [word = 'att' %c] [msd = '.*INF.AKT.*'] [msd != '.*INF.*']"
},
{
"absolute": {
"2005": 1,
"2023": null,
"2006": 0,
"2007": 2,
"2008": 0,
"2010": 2,
"2011": 2,
"2012": 3,
"2013": 1,
"2014": 1,
"2015": 0,
"2020": 2,
"2021": 0
},
"relative": {
"2005": 0.39833432518580303,
"2023": null,
"2006": 0.0,
"2007": 0.29661114353235696,
"2008": 0.0,
"2010": 0.3844410553829629,
"2011": 0.38179144947505583,
"2012": 0.7057871962203685,
"2013": 0.5406510086925869,
"2014": 1.7748496702329313,
"2015": 0.0,
"2020": 3.819819131564121,
"2021": 0.0
},
"sums": {
"absolute": 14,
"relative": 8.302284980286187
},
"cqp": "[lemma contains 'f\u00f6refalla' & (msd = '.*VB.PRS.AKT.*' | msd = '.*VB.PRT.AKT.*')] [msd = '.*INF.AKT.*'] [msd != '.*INF.*']"
}
],
"FAMILJELIV-ANGLARUM": [
{
"absolute": {
"2006": 0,
"2023": null
},
"relative": {
"2006": 0,
"2023": null
},
"sums": {
"absolute": 0,
"relative": 0.0
}
},
{
"absolute": {
"2006": 0,
"2023": null
},
"relative": {
"2006": 0,
"2023": null
},
"sums": {
"absolute": 0,
"relative": 0.0
},
"cqp": "[lemma contains 'f\u00f6refalla' & (msd = '.*VB.PRS.AKT.*' | msd = '.*VB.PRT.AKT.*')] [word = 'att' %c] [msd = '.*INF.AKT.*'] [msd != '.*INF.*']"
},
{
"absolute": {
"2006": 0,
"2023": null
},
"relative": {
"2006": 0,
"2023": null
},
"sums": {
"absolute": 0,
"relative": 0.0
},
"cqp": "[lemma contains 'f\u00f6refalla' & (msd = '.*VB.PRS.AKT.*' | msd = '.*VB.PRT.AKT.*')] [msd = '.*INF.AKT.*'] [msd != '.*INF.*']"
}
],
"FAMILJELIV-EXPERT": [
{
"absolute": {
"2009": 0,
"2023": null,
"2010": 1,
"2011": 3,
"2012": 0
},
"relative": {
"2009": 0,
"2023": null,
"2010": 0.6737391309034707,
"2011": 1.4322338551438678,
"2012": 0.0
},
"sums": {
"absolute": 4,
"relative": 2.1059729860473384
}
},
{
"absolute": {
"2009": 0,
"2023": null
},
"relative": {
"2009": 0,
"2023": null
},
"sums": {
"absolute": 0,
"relative": 0.0
},
"cqp": "[lemma contains 'f\u00f6refalla' & (msd = '.*VB.PRS.AKT.*' | msd = '.*VB.PRT.AKT.*')] [word = 'att' %c] [msd = '.*INF.AKT.*'] [msd != '.*INF.*']"
},
{
"absolute": {
"2009": 0,
"2023": null,
"2010": 1,
"2011": 3,
"2012": 0
},
"relative": {
"2009": 0,
"2023": null,
"2010": 0.6737391309034707,
"2011": 1.4322338551438678,
"2012": 0.0
},
"sums": {
"absolute": 4,
"relative": 2.1059729860473384
},
"cqp": "[lemma contains 'f\u00f6refalla' & (msd = '.*VB.PRS.AKT.*' | msd = '.*VB.PRT.AKT.*')] [msd = '.*INF.AKT.*'] [msd != '.*INF.*']"
}
],
"FAMILJELIV-FORALDER": [
{
"absolute": {
"2003": 0,
"2023": null,
"2004": 2,
"2005": 7,
"2006": 13,
"2007": 12,
"2008": 10,
"2009": 10,
"2010": 8,
"2011": 12,
"2012": 3,
"2013": 1,
"2014": 1,
"2015": 2,
"2016": 3,
"2017": 0,
"2018": 1,
"2019": 0,
"2021": 1,
"2022": 0
},
"relative": {
"2003": 0,
"2023": null,
"2004": 0.12359390306332432,
"2005": 0.11414369530234121,
"2006": 0.13052344600692833,
"2007": 0.1399690432799795,
"2008": 0.11311244606671321,
"2009": 0.12346678940911758,
"2010": 0.13376592117525402,
"2011": 0.24479148987281288,
"2012": 0.10639096181826976,
"2013": 0.05946736861948585,
"2014": 0.10497286923708132,
"2015": 0.37407579897914717,
"2016": 0.7749505000368101,
"2017": 0.0,
"2018": 0.35858552354382905,
"2019": 0.0,
"2021": 0.7523548707454332,
"2022": 0.0
},
"sums": {
"absolute": 86,
"relative": 3.654164627156527
}
},
{
"absolute": {
"2003": 0,
"2023": null,
"2006": 1,
"2007": 0,
"2008": 1,
"2009": 0,
"2014": 1,
"2015": 0
},
"relative": {
"2003": 0,
"2023": null,
"2006": 0.010040265077456027,
"2007": 0.0,
"2008": 0.01131124460667132,
"2009": 0.0,
"2014": 0.10497286923708132,
"2015": 0.0
},
"sums": {
"absolute": 3,
"relative": 0.12632437892120868
},
"cqp": "[lemma contains 'f\u00f6refalla' & (msd = '.*VB.PRS.AKT.*' | msd = '.*VB.PRT.AKT.*')] [word = 'att' %c] [msd = '.*INF.AKT.*'] [msd != '.*INF.*']"
},
{
"absolute": {
"2003": 0,
"2023": null,
"2004": 2,
"2005": 7,
"2006": 12,
"2007": 12,
"2008": 9,
"2009": 10,
"2010": 8,
"2011": 12,
"2012": 3,
"2013": 1,
"2014": 0,
"2015": 2,
"2016": 3,
"2017": 0,
"2018": 1,
"2019": 0,
"2021": 1,
"2022": 0
},
"relative": {
"2003": 0,
"2023": null,
"2004": 0.12359390306332432,
"2005": 0.11414369530234121,
"2006": 0.12048318092947231,
"2007": 0.1399690432799795,
"2008": 0.10180120146004189,
"2009": 0.12346678940911758,
"2010": 0.13376592117525402,
"2011": 0.24479148987281288,
"2012": 0.10639096181826976,
"2013": 0.05946736861948585,
"2014": 0.0,
"2015": 0.37407579897914717,
"2016": 0.7749505000368101,
"2017": 0.0,
"2018": 0.35858552354382905,
"2019": 0.0,
"2021": 0.7523548707454332,
"2022": 0.0
},
"sums": {
"absolute": 83,
"relative": 3.5278402482353184
},
"cqp": "[lemma contains 'f\u00f6refalla' & (msd = '.*VB.PRS.AKT.*' | msd = '.*VB.PRT.AKT.*')] [msd = '.*INF.AKT.*'] [msd != '.*INF.*']"
}
],
"FAMILJELIV-GRAVID": [
{
"absolute": {
"2003": 1,
"2023": null,
"2004": 3,
"2005": 3,
"2006": 4,
"2007": 6,
"2008": 1,
"2009": 3,
"2010": 1,
"2011": 1,
"2012": 5,
"2013": 0,
"2014": 4,
"2015": 0
},
"relative": {
"2003": 0.43263411008461455,
"2023": null,
"2004": 0.11573791873593205,
"2005": 0.07573670799947015,
"2006": 0.07904384767744672,
"2007": 0.12443014622242726,
"2008": 0.021397656858144813,
"2009": 0.05881594215522668,
"2010": 0.027135387429700012,
"2011": 0.021719478556152486,
"2012": 0.12116698834482621,
"2013": 0.0,
"2014": 0.23713077922537557,
"2015": 0.0
},
"sums": {
"absolute": 32,
"relative": 1.3149489632893168
}
},
{
"absolute": {
"2003": 0,
"2023": null,
"2007": 1,
"2008": 0,
"2009": 1,
"2010": 0
},
"relative": {
"2003": 0,
"2023": null,
"2007": 0.020738357703737876,
"2008": 0.0,
"2009": 0.019605314051742227,
"2010": 0.0
},
"sums": {
"absolute": 2,
"relative": 0.04034367175548011
},
"cqp": "[lemma contains 'f\u00f6refalla' & (msd = '.*VB.PRS.AKT.*' | msd = '.*VB.PRT.AKT.*')] [word = 'att' %c] [msd = '.*INF.AKT.*'] [msd != '.*INF.*']"
},
{
"absolute": {
"2003": 1,
"2023": null,
"2004": 3,
"2005": 3,
"2006": 4,
"2007": 5,
"2008": 1,
"2009": 2,
"2010": 1,
"2011": 1,
"2012": 5,
"2013": 0,
"2014": 4,
"2015": 0
},
"relative": {
"2003": 0.43263411008461455,
"2023": null,
"2004": 0.11573791873593205,
"2005": 0.07573670799947015,
"2006": 0.07904384767744672,
"2007": 0.10369178851868939,
"2008": 0.021397656858144813,
"2009": 0.039210628103484454,
"2010": 0.027135387429700012,
"2011": 0.021719478556152486,
"2012": 0.12116698834482621,
"2013": 0.0,
"2014": 0.23713077922537557,
"2015": 0.0
},
"sums": {
"absolute": 30,
"relative": 1.2746052915338366
},
"cqp": "[lemma contains 'f\u00f6refalla' & (msd = '.*VB.PRS.AKT.*' | msd = '.*VB.PRT.AKT.*')] [msd = '.*INF.AKT.*'] [msd != '.*INF.*']"
}
],
"FAMILJELIV-KANSLIGA": [
{
"absolute": {
"2003": 2,
"2023": null,
"2004": 2,
"2005": 2,
"2006": 16,
"2007": 21,
"2008": 14,
"2009": 21,
"2010": 18,
"2011": 39,
"2012": 52,
"2013": 42,
"2014": 33,
"2015": 29,
"2016": 31,
"2017": 34,
"2018": 28,
"2019": 29,
"2020": 12,
"2021": 21,
"2022": 9
},
"relative": {
"2003": 1.8937134394949087,
"2023": null,
"2004": 0.19300322768947825,
"2005": 0.09943515858167679,
"2006": 0.30880176711811236,
"2007": 0.2552229151578384,
"2008": 0.16313179107450507,
"2009": 0.21889928703355596,
"2010": 0.2355105256522971,
"2011": 0.4082084993363786,
"2012": 0.5114220056411224,
"2013": 0.48236903284526544,
"2014": 0.573494890899114,
"2015": 0.8088473846672881,
"2016": 1.034852185886559,
"2017": 1.0961055338145174,
"2018": 0.9335034176560303,
"2019": 1.1418129745783216,
"2020": 0.48649367870384463,
"2021": 0.8540787363799353,
"2022": 0.43913222398124496
},
"sums": {
"absolute": 455,
"relative": 12.138038676191995
}
},
{
"absolute": {
"2003": 1,
"2023": null,
"2004": 1,
"2005": 0,
"2006": 2,
"2007": 1,
"2008": 1,
"2009": 0,
"2010": 1,
"2011": 1,
"2012": 3,
"2013": 2,
"2014": 2,
"2015": 0,
"2017": 2,
"2018": 2,
"2019": 0,
"2020": 1,
"2021": 0,
"2022": 2
},
"relative": {
"2003": 0.9468567197474543,
"2023": null,
"2004": 0.09650161384473913,
"2005": 0.0,
"2006": 0.038600220889764045,
"2007": 0.012153472150373257,
"2008": 0.011652270791036076,
"2009": 0.0,
"2010": 0.013083918091794284,
"2011": 0.010466884598368682,
"2012": 0.029505115710064755,
"2013": 0.022969953945012642,
"2014": 0.034757266115097815,
"2015": 0.0,
"2017": 0.0644767961067363,
"2018": 0.06667881554685931,
"2019": 0.0,
"2020": 0.04054113989198705,
"2021": 0.0,
"2022": 0.09758493866249887
},
"sums": {
"absolute": 22,
"relative": 1.4858291260917866
},
"cqp": "[lemma contains 'f\u00f6refalla' & (msd = '.*VB.PRS.AKT.*' | msd = '.*VB.PRT.AKT.*')] [word = 'att' %c] [msd = '.*INF.AKT.*'] [msd != '.*INF.*']"
},
{
"absolute": {
"2003": 1,
"2023": null,
"2004": 1,
"2005": 2,
"2006": 14,
"2007": 20,
"2008": 13,
"2009": 21,
"2010": 17,
"2011": 38,
"2012": 49,
"2013": 40,
"2014": 31,
"2015": 29,
"2016": 31,
"2017": 32,
"2018": 26,
"2019": 29,
"2020": 11,
"2021": 21,
"2022": 7
},
"relative": {
"2003": 0.9468567197474543,
"2023": null,
"2004": 0.09650161384473913,
"2005": 0.09943515858167679,
"2006": 0.2702015462283483,
"2007": 0.24306944300746516,
"2008": 0.15147952028346898,
"2009": 0.21889928703355596,
"2010": 0.2224266075605028,
"2011": 0.3977416147380099,
"2012": 0.48191688993105763,
"2013": 0.45939907890025283,
"2014": 0.5387376247840162,
"2015": 0.8088473846672881,
"2016": 1.034852185886559,
"2017": 1.0316287377077809,
"2018": 0.866824602109171,
"2019": 1.1418129745783216,
"2020": 0.4459525388118576,
"2021": 0.8540787363799353,
"2022": 0.34154728531874606
},
"sums": {
"absolute": 433,
"relative": 10.652209550100208
},
"cqp": "[lemma contains 'f\u00f6refalla' & (msd = '.*VB.PRS.AKT.*' | msd = '.*VB.PRT.AKT.*')] [msd = '.*INF.AKT.*'] [msd != '.*INF.*']"
}
],
"FAMILJELIV-MEDLEM-ALLMANNA": [
{
"absolute": {
"2006": 5,
"2023": null,
"2007": 2,
"2008": 9,
"2009": 5,
"2010": 4,
"2011": 1,
"2012": 0
},
"relative": {
"2006": 0.21320266000166724,
"2023": null,
"2007": 0.02722571180976916,
"2008": 0.1253202698741378,
"2009": 0.07665286731088189,
"2010": 0.13908206325041944,
"2011": 0.09481954371128815,
"2012": 0.0
},
"sums": {
"absolute": 26,
"relative": 0.6763031159581636
}
},
{
"absolute": {
"2006": 0,
"2023": null
},
"relative": {
"2006": 0,
"2023": null
},
"sums": {
"absolute": 0,
"relative": 0.0
},
"cqp": "[lemma contains 'f\u00f6refalla' & (msd = '.*VB.PRS.AKT.*' | msd = '.*VB.PRT.AKT.*')] [word = 'att' %c] [msd = '.*INF.AKT.*'] [msd != '.*INF.*']"
},
{
"absolute": {
"2006": 5,
"2023": null,
"2007": 2,
"2008": 9,
"2009": 5,
"2010": 4,
"2011": 1,
"2012": 0
},
"relative": {
"2006": 0.21320266000166724,
"2023": null,
"2007": 0.02722571180976916,
"2008": 0.1253202698741378,
"2009": 0.07665286731088189,
"2010": 0.13908206325041944,
"2011": 0.09481954371128815,
"2012": 0.0
},
"sums": {
"absolute": 26,
"relative": 0.6763031159581636
},
"cqp": "[lemma contains 'f\u00f6refalla' & (msd = '.*VB.PRS.AKT.*' | msd = '.*VB.PRT.AKT.*')] [msd = '.*INF.AKT.*'] [msd != '.*INF.*']"
}
],
"FAMILJELIV-MEDLEM-FORALDRAR": [
{
"absolute": {
"2006": 2,
"2023": null,
"2007": 1,
"2008": 1,
"2009": 3,
"2010": 0,
"2011": 3,
"2012": 0,
"2013": 1,
"2014": 0
},
"relative": {
"2006": 0.09639331867062431,
"2023": null,
"2007": 0.012489231472393714,
"2008": 0.012375984436853043,
"2009": 0.0490215823235364,
"2010": 0.0,
"2011": 0.3471065200488726,
"2012": 0.0,
"2013": 0.9030935469450604,
"2014": 0.0
},
"sums": {
"absolute": 11,
"relative": 1.4204801838973404
}
},
{
"absolute": {
"2006": 0,
"2023": null
},
"relative": {
"2006": 0,
"2023": null
},
"sums": {
"absolute": 0,
"relative": 0.0
},
"cqp": "[lemma contains 'f\u00f6refalla' & (msd = '.*VB.PRS.AKT.*' | msd = '.*VB.PRT.AKT.*')] [word = 'att' %c] [msd = '.*INF.AKT.*'] [msd != '.*INF.*']"
},
{
"absolute": {
"2006": 2,
"2023": null,
"2007": 1,
"2008": 1,
"2009": 3,
"2010": 0,
"2011": 3,
"2012": 0,
"2013": 1,
"2014": 0
},
"relative": {
"2006": 0.09639331867062431,
"2023": null,
"2007": 0.012489231472393714,
"2008": 0.012375984436853043,
"2009": 0.0490215823235364,
"2010": 0.0,
"2011": 0.3471065200488726,
"2012": 0.0,
"2013": 0.9030935469450604,
"2014": 0.0
},
"sums": {
"absolute": 11,
"relative": 1.4204801838973404
},
"cqp": "[lemma contains 'f\u00f6refalla' & (msd = '.*VB.PRS.AKT.*' | msd = '.*VB.PRT.AKT.*')] [msd = '.*INF.AKT.*'] [msd != '.*INF.*']"
}
],
"FAMILJELIV-MEDLEM-PLANERARBARN": [
{
"absolute": {
"2005": 0,
"2021": null,
"2022": 0,
"2023": null,
"2008": 1,
"2009": 5,
"2010": 0,
"2011": 3,
"2012": 0
},
"relative": {
"2005": 0,
"2021": null,
"2022": 0,
"2023": null,
"2008": 0.04046282184887177,
"2009": 0.21480230154651644,
"2010": 0.0,
"2011": 0.3802767197634374,
"2012": 0.0
},
"sums": {
"absolute": 9,
"relative": 0.6355418431588256
}
},
{
"absolute": {
"2005": 0,
"2021": null,
"2022": 0,
"2023": null
},
"relative": {
"2005": 0,
"2021": null,
"2022": 0,
"2023": null
},
"sums": {
"absolute": 0,
"relative": 0.0
},
"cqp": "[lemma contains 'f\u00f6refalla' & (msd = '.*VB.PRS.AKT.*' | msd = '.*VB.PRT.AKT.*')] [word = 'att' %c] [msd = '.*INF.AKT.*'] [msd != '.*INF.*']"
},
{
"absolute": {
"2005": 0,
"2021": null,
"2022": 0,
"2023": null,
"2008": 1,
"2009": 5,
"2010": 0,
"2011": 3,
"2012": 0
},
"relative": {
"2005": 0,
"2021": null,
"2022": 0,
"2023": null,
"2008": 0.04046282184887177,
"2009": 0.21480230154651644,
"2010": 0.0,
"2011": 0.3802767197634374,
"2012": 0.0
},
"sums": {
"absolute": 9,
"relative": 0.6355418431588256
},
"cqp": "[lemma contains 'f\u00f6refalla' & (msd = '.*VB.PRS.AKT.*' | msd = '.*VB.PRT.AKT.*')] [msd = '.*INF.AKT.*'] [msd != '.*INF.*']"
}
],
"FAMILJELIV-MEDLEM-VANTARBARN": [
{
"absolute": {
"2003": 0,
"2023": null,
"2005": 2,
"2006": 1,
"2007": 1,
"2008": 1,
"2009": 2,
"2010": 1,
"2011": 0
},
"relative": {
"2003": 0,
"2023": null,
"2005": 0.09647181354082233,
"2006": 0.023459108404680695,
"2007": 0.017699641647745307,
"2008": 0.019055183774099423,
"2009": 0.0444981081740555,
"2010": 0.022913411386952687,
"2011": 0.0
},
"sums": {
"absolute": 8,
"relative": 0.22409726692835596
}
},
{
"absolute": {
"2003": 0,
"2023": null
},
"relative": {
"2003": 0,
"2023": null
},
"sums": {
"absolute": 0,
"relative": 0.0
},
"cqp": "[lemma contains 'f\u00f6refalla' & (msd = '.*VB.PRS.AKT.*' | msd = '.*VB.PRT.AKT.*')] [word = 'att' %c] [msd = '.*INF.AKT.*'] [msd != '.*INF.*']"
},
{
"absolute": {
"2003": 0,
"2023": null,
"2005": 2,
"2006": 1,
"2007": 1,
"2008": 1,
"2009": 2,
"2010": 1,
"2011": 0
},
"relative": {
"2003": 0,
"2023": null,
"2005": 0.09647181354082233,
"2006": 0.023459108404680695,
"2007": 0.017699641647745307,
"2008": 0.019055183774099423,
"2009": 0.0444981081740555,
"2010": 0.022913411386952687,
"2011": 0.0
},
"sums": {
"absolute": 8,
"relative": 0.22409726692835596
},
"cqp": "[lemma contains 'f\u00f6refalla' & (msd = '.*VB.PRS.AKT.*' | msd = '.*VB.PRT.AKT.*')] [msd = '.*INF.AKT.*'] [msd != '.*INF.*']"
}
],
"FAMILJELIV-PAPPAGRUPP": [
{
"absolute": {
"2004": 0,
"2023": null,
"2006": 1,
"2007": 0,
"2013": 1,
"2014": 0
},
"relative": {
"2004": 0,
"2023": null,
"2006": 2.040687221828823,
"2007": 0.0,
"2013": 43.903938183255036,
"2014": 0.0
},
"sums": {
"absolute": 2,
"relative": 45.94462540508386
}
},
{
"absolute": {
"2004": 0,
"2023": null
},
"relative": {
"2004": 0,
"2023": null
},
"sums": {
"absolute": 0,
"relative": 0.0
},
"cqp": "[lemma contains 'f\u00f6refalla' & (msd = '.*VB.PRS.AKT.*' | msd = '.*VB.PRT.AKT.*')] [word = 'att' %c] [msd = '.*INF.AKT.*'] [msd != '.*INF.*']"
},
{
"absolute": {
"2004": 0,
"2023": null,
"2006": 1,
"2007": 0,
"2013": 1,
"2014": 0
},
"relative": {
"2004": 0,
"2023": null,
"2006": 2.040687221828823,
"2007": 0.0,
"2013": 43.903938183255036,
"2014": 0.0
},
"sums": {
"absolute": 2,
"relative": 45.94462540508386
},
"cqp": "[lemma contains 'f\u00f6refalla' & (msd = '.*VB.PRS.AKT.*' | msd = '.*VB.PRT.AKT.*')] [msd = '.*INF.AKT.*'] [msd != '.*INF.*']"
}
],
"FAMILJELIV-PLANERARBARN": [
{
"absolute": {
"2003": 1,
"2023": null,
"2004": 0,
"2005": 1,
"2006": 0,
"2010": 2,
"2011": 1,
"2012": 0,
"2014": 1,
"2015": 0,
"2020": 1,
"2021": 0
},
"relative": {
"2003": 0.49515907728096265,
"2023": null,
"2004": 0.0,
"2005": 0.044328856458685575,
"2006": 0.0,
"2010": 0.16366283982031457,
"2011": 0.058442071137909786,
"2012": 0.0,
"2014": 0.11754134075881163,
"2015": 0.0,
"2020": 0.3973665722523691,
"2021": 0.0
},
"sums": {
"absolute": 7,
"relative": 1.2765007577090532
}
},
{
"absolute": {
"2003": 0,
"2023": null
},
"relative": {
"2003": 0,
"2023": null
},
"sums": {
"absolute": 0,
"relative": 0.0
},
"cqp": "[lemma contains 'f\u00f6refalla' & (msd = '.*VB.PRS.AKT.*' | msd = '.*VB.PRT.AKT.*')] [word = 'att' %c] [msd = '.*INF.AKT.*'] [msd != '.*INF.*']"
},
{
"absolute": {
"2003": 1,
"2023": null,
"2004": 0,
"2005": 1,
"2006": 0,
"2010": 2,
"2011": 1,
"2012": 0,
"2014": 1,
"2015": 0,
"2020": 1,
"2021": 0
},
"relative": {
"2003": 0.49515907728096265,
"2023": null,
"2004": 0.0,
"2005": 0.044328856458685575,
"2006": 0.0,
"2010": 0.16366283982031457,
"2011": 0.058442071137909786,
"2012": 0.0,
"2014": 0.11754134075881163,
"2015": 0.0,
"2020": 0.3973665722523691,
"2021": 0.0
},
"sums": {
"absolute": 7,
"relative": 1.2765007577090532
},
"cqp": "[lemma contains 'f\u00f6refalla' & (msd = '.*VB.PRS.AKT.*' | msd = '.*VB.PRT.AKT.*')] [msd = '.*INF.AKT.*'] [msd != '.*INF.*']"
}
],
"FAMILJELIV-SEXSAMLEVNAD": [
{
"absolute": {
"2004": 0,
"2023": null,
"2005": 1,
"2006": 3,
"2007": 9,
"2008": 8,
"2009": 6,
"2010": 9,
"2011": 11,
"2012": 7,
"2013": 12,
"2014": 15,
"2015": 9,
"2016": 6,
"2017": 7,
"2018": 8,
"2019": 4,
"2020": 5,
"2021": 6,
"2022": 1
},
"relative": {
"2004": 0,
"2023": null,
"2005": 0.34653444760329843,
"2006": 0.4294759048269942,
"2007": 0.7074357153165491,
"2008": 0.5533836783357761,
"2009": 0.41290208921575444,
"2010": 0.8404269256725493,
"2011": 0.7955640505724155,
"2012": 0.4716853357476435,
"2013": 0.8153783620597925,
"2014": 1.3463938322237103,
"2015": 1.088247961892942,
"2016": 0.9861757878065281,
"2017": 1.0818563418418758,
"2018": 1.13719892836059,
"2019": 0.6955751162871174,
"2020": 0.9677407492210172,
"2021": 1.2508821325038595,
"2022": 0.24659410388565728
},
"sums": {
"absolute": 127,
"relative": 14.17345146337407
}
},
{
"absolute": {
"2004": 0,
"2023": null,
"2005": 1,
"2006": 0,
"2008": 1,
"2009": 0,
"2013": 1,
"2014": 0,
"2022": 1
},
"relative": {
"2004": 0,
"2023": null,
"2005": 0.34653444760329843,
"2006": 0.0,
"2008": 0.06917295979197201,
"2009": 0.0,
"2013": 0.06794819683831604,
"2014": 0.0,
"2022": 0.24659410388565728
},
"sums": {
"absolute": 4,
"relative": 0.7302497081192438
},
"cqp": "[lemma contains 'f\u00f6refalla' & (msd = '.*VB.PRS.AKT.*' | msd = '.*VB.PRT.AKT.*')] [word = 'att' %c] [msd = '.*INF.AKT.*'] [msd != '.*INF.*']"
},
{
"absolute": {
"2004": 0,
"2023": null,
"2006": 3,
"2007": 9,
"2008": 7,
"2009": 6,
"2010": 9,
"2011": 11,
"2012": 7,
"2013": 11,
"2014": 15,
"2015": 9,
"2016": 6,
"2017": 7,
"2018": 8,
"2019": 4,
"2020": 5,
"2021": 6,
"2022": 0
},
"relative": {
"2004": 0,
"2023": null,
"2006": 0.4294759048269942,
"2007": 0.7074357153165491,
"2008": 0.48421071854380404,
"2009": 0.41290208921575444,
"2010": 0.8404269256725493,
"2011": 0.7955640505724155,
"2012": 0.4716853357476435,
"2013": 0.7474301652214764,
"2014": 1.3463938322237103,
"2015": 1.088247961892942,
"2016": 0.9861757878065281,
"2017": 1.0818563418418758,
"2018": 1.13719892836059,
"2019": 0.6955751162871174,
"2020": 0.9677407492210172,
"2021": 1.2508821325038595,
"2022": 0.0
},
"sums": {
"absolute": 123,
"relative": 13.443201755254826
},
"cqp": "[lemma contains 'f\u00f6refalla' & (msd = '.*VB.PRS.AKT.*' | msd = '.*VB.PRT.AKT.*')] [msd = '.*INF.AKT.*'] [msd != '.*INF.*']"
}
],
"FAMILJELIV-SVARTATTFABARN": [
{
"absolute": {
"2003": 0,
"2023": null,
"2005": 3,
"2006": 1,
"2007": 0,
"2008": 5,
"2009": 4,
"2010": 1,
"2011": 0,
"2012": 1,
"2013": 1,
"2014": 0
},
"relative": {
"2003": 0,
"2023": null,
"2005": 0.26542539595497,
"2006": 0.0482074702970877,
"2007": 0.0,
"2008": 0.18425201017100576,
"2009": 0.19678635097741073,
"2010": 0.09702699582104729,
"2011": 0.0,
"2012": 0.08069433928402979,
"2013": 0.11536626771088522,
"2014": 0.0
},
"sums": {
"absolute": 16,
"relative": 0.9877588302164365
}
},
{
"absolute": {
"2003": 0,
"2023": null
},
"relative": {
"2003": 0,
"2023": null
},
"sums": {
"absolute": 0,
"relative": 0.0
},
"cqp": "[lemma contains 'f\u00f6refalla' & (msd = '.*VB.PRS.AKT.*' | msd = '.*VB.PRT.AKT.*')] [word = 'att' %c] [msd = '.*INF.AKT.*'] [msd != '.*INF.*']"
},
{
"absolute": {
"2003": 0,
"2023": null,
"2005": 3,
"2006": 1,
"2007": 0,
"2008": 5,
"2009": 4,
"2010": 1,
"2011": 0,
"2012": 1,
"2013": 1,
"2014": 0
},
"relative": {
"2003": 0,
"2023": null,
"2005": 0.26542539595497,
"2006": 0.0482074702970877,
"2007": 0.0,
"2008": 0.18425201017100576,
"2009": 0.19678635097741073,
"2010": 0.09702699582104729,
"2011": 0.0,
"2012": 0.08069433928402979,
"2013": 0.11536626771088522,
"2014": 0.0
},
"sums": {
"absolute": 16,
"relative": 0.9877588302164365
},
"cqp": "[lemma contains 'f\u00f6refalla' & (msd = '.*VB.PRS.AKT.*' | msd = '.*VB.PRT.AKT.*')] [msd = '.*INF.AKT.*'] [msd != '.*INF.*']"
}
]
},
"combined": [
{
"absolute": {
"2003": 4,
"2023": null,
"2004": 17,
"2005": 31,
"2006": 66,
"2007": 97,
"2008": 79,
"2009": 96,
"2010": 84,
"2011": 116,
"2012": 91,
"2013": 73,
"2014": 72,
"2015": 50,
"2016": 50,
"2017": 44,
"2018": 43,
"2019": 35,
"2020": 22,
"2021": 34,
"2022": 12
},
"relative": {
"2003": 0.5844140000464609,
"2023": null,
"2004": 0.17623564355938856,
"2005": 0.13340091911598034,
"2006": 0.1406830915256014,
"2007": 0.15276891420587235,
"2008": 0.12685761112643634,
"2009": 0.16182912274802683,
"2010": 0.20384614330850295,
"2011": 0.3216023916793588,
"2012": 0.3133464270360311,
"2013": 0.35136231447997596,
"2014": 0.5196826370313794,
"2015": 0.5629911485518241,
"2016": 0.7817404444113125,
"2017": 0.7147976532933116,
"2018": 0.7603866697072703,
"2019": 0.764647355344778,
"2020": 0.5274950437644655,
"2021": 0.8351682676146382,
"2022": 0.3635928536915386
},
"sums": {
"absolute": 1116,
"relative": 0.24814888558154352
}
},
{
"absolute": {
"2003": 1,
"2023": null,
"2004": 3,
"2005": 1,
"2006": 4,
"2007": 7,
"2008": 4,
"2009": 4,
"2010": 7,
"2011": 4,
"2012": 3,
"2013": 3,
"2014": 5,
"2015": 0,
"2016": 1,
"2017": 2,
"2018": 2,
"2019": 0,
"2020": 1,
"2021": 0,
"2022": 3
},
"relative": {
"2003": 0.14610350001161523,
"2023": null,
"2004": 0.031100407686950927,
"2005": 0.004303255455354205,
"2006": 0.008526247971248572,
"2007": 0.011024560818980478,
"2008": 0.006423170183617031,
"2009": 0.006742880114501117,
"2010": 0.01698717860904191,
"2011": 0.01108973764411582,
"2012": 0.010330101990198827,
"2013": 0.014439547170409971,
"2014": 0.036089072016068015,
"2015": 0.0,
"2016": 0.01563480888822625,
"2017": 0.03249080242242325,
"2018": 0.03536682184684978,
"2019": 0.0,
"2020": 0.02397704744383934,
"2021": 0.0,
"2022": 0.09089821342288465
},
"sums": {
"absolute": 55,
"relative": 0.012229559773283957
},
"cqp": "[lemma contains 'f\u00f6refalla' & (msd = '.*VB.PRS.AKT.*' | msd = '.*VB.PRT.AKT.*')] [word = 'att' %c] [msd = '.*INF.AKT.*'] [msd != '.*INF.*']"
},
{
"absolute": {
"2003": 3,
"2023": null,
"2004": 14,
"2005": 30,
"2006": 62,
"2007": 90,
"2008": 75,
"2009": 92,
"2010": 77,
"2011": 112,
"2012": 88,
"2013": 70,
"2014": 67,
"2015": 50,
"2016": 49,
"2017": 42,
"2018": 41,
"2019": 35,
"2020": 21,
"2021": 34,
"2022": 9
},
"relative": {
"2003": 0.4383105000348457,
"2023": null,
"2004": 0.14513523587243765,
"2005": 0.12909766366062614,
"2006": 0.13215684355435287,
"2007": 0.14174435338689187,
"2008": 0.12043444094281931,
"2009": 0.1550862426335257,
"2010": 0.18685896469946103,
"2011": 0.310512654035243,
"2012": 0.30301632504583226,
"2013": 0.336922767309566,
"2014": 0.48359356501531137,
"2015": 0.5629911485518241,
"2016": 0.7661056355230863,
"2017": 0.6823068508708884,
"2018": 0.7250198478604205,
"2019": 0.764647355344778,
"2020": 0.5035179963206262,
"2021": 0.8351682676146382,
"2022": 0.2726946402686539
},
"sums": {
"absolute": 1061,
"relative": 0.23591932580825958
},
"cqp": "[lemma contains 'f\u00f6refalla' & (msd = '.*VB.PRS.AKT.*' | msd = '.*VB.PRT.AKT.*')] [msd = '.*INF.AKT.*'] [msd != '.*INF.*']"
}
],
"time": 17.563698768615723
}
