 
 
{
"corpora": {
"BLOGGMIX1998": {
"absolute": {
"1998": 16,
"1999": null
},
"relative": {
"1998": 517.3138478450645,
"1999": null
},
"sums": {
"absolute": 16,
"relative": 517.3138478450645
}
},
"BLOGGMIX1999": {
"absolute": {
"1999": 371,
"2000": null
},
"relative": {
"1999": 616.3896512995688,
"2000": null
},
"sums": {
"absolute": 371,
"relative": 616.3896512995688
}
},
"BLOGGMIX2000": {
"absolute": {
"2000": 94,
"2001": null
},
"relative": {
"2000": 506.353661098572,
"2001": null
},
"sums": {
"absolute": 94,
"relative": 506.353661098572
}
},
"BLOGGMIX2001": {
"absolute": {
"2001": 199,
"2002": null
},
"relative": {
"2001": 730.6237838234754,
"2002": null
},
"sums": {
"absolute": 199,
"relative": 730.6237838234754
}
},
"BLOGGMIX2002": {
"absolute": {
"2002": 89,
"2003": null
},
"relative": {
"2002": 502.2941863680744,
"2003": null
},
"sums": {
"absolute": 89,
"relative": 502.2941863680744
}
},
"BLOGGMIX2003": {
"absolute": {
"2003": 143,
"2004": null
},
"relative": {
"2003": 666.2380379988632,
"2004": null
},
"sums": {
"absolute": 143,
"relative": 666.2380379988632
}
},
"BLOGGMIX2004": {
"absolute": {
"2004": 246,
"2005": null
},
"relative": {
"2004": 423.38532711679755,
"2005": null
},
"sums": {
"absolute": 246,
"relative": 423.38532711679755
}
},
"BLOGGMIX2005": {
"absolute": {
"2005": 4219,
"2006": null
},
"relative": {
"2005": 927.4945073595007,
"2006": null
},
"sums": {
"absolute": 4219,
"relative": 927.4945073595007
}
},
"BLOGGMIX2006": {
"absolute": {
"2006": 7027,
"2007": null
},
"relative": {
"2006": 895.4784138346381,
"2007": null
},
"sums": {
"absolute": 7027,
"relative": 895.4784138346381
}
},
"BLOGGMIX2007": {
"absolute": {
"2007": 14781,
"2008": null
},
"relative": {
"2007": 807.3499046621412,
"2008": null
},
"sums": {
"absolute": 14781,
"relative": 807.3499046621412
}
},
"BLOGGMIX2008": {
"absolute": {
"2008": 29602,
"2009": null
},
"relative": {
"2008": 714.2137634893741,
"2009": null
},
"sums": {
"absolute": 29602,
"relative": 714.2137634893741
}
},
"BLOGGMIX2009": {
"absolute": {
"2009": 50242,
"2010": null
},
"relative": {
"2009": 703.290282035053,
"2010": null
},
"sums": {
"absolute": 50242,
"relative": 703.290282035053
}
},
"BLOGGMIX2010": {
"absolute": {
"2010": 64819,
"2011": null
},
"relative": {
"2010": 706.2228068836845,
"2011": null
},
"sums": {
"absolute": 64819,
"relative": 706.2228068836845
}
},
"BLOGGMIX2011": {
"absolute": {
"2011": 67580,
"2012": null
},
"relative": {
"2011": 724.1567238884065,
"2012": null
},
"sums": {
"absolute": 67580,
"relative": 724.1567238884065
}
},
"BLOGGMIX2012": {
"absolute": {
"2012": 54410,
"2013": null
},
"relative": {
"2012": 764.8742527610119,
"2013": null
},
"sums": {
"absolute": 54410,
"relative": 764.8742527610119
}
},
"BLOGGMIX2013": {
"absolute": {
"2013": 42505,
"2014": null
},
"relative": {
"2013": 823.77899256781,
"2014": null
},
"sums": {
"absolute": 42505,
"relative": 823.77899256781
}
},
"BLOGGMIX2014": {
"absolute": {
"2014": 27027,
"2015": null
},
"relative": {
"2014": 1263.2700732315236,
"2015": null
},
"sums": {
"absolute": 27027,
"relative": 1263.2700732315236
}
},
"BLOGGMIX2015": {
"absolute": {},
"relative": {},
"sums": {
"absolute": 0,
"relative": 0.0
}
},
"BLOGGMIX2016": {
"absolute": {},
"relative": {},
"sums": {
"absolute": 0,
"relative": 0.0
}
},
"BLOGGMIX2017": {
"absolute": {},
"relative": {},
"sums": {
"absolute": 0,
"relative": 0.0
}
}
},
"combined": {
"absolute": {
"1998": 16,
"2015": null,
"1999": 371,
"2000": 94,
"2001": 199,
"2002": 89,
"2003": 143,
"2004": 246,
"2005": 4219,
"2006": 7027,
"2007": 14781,
"2008": 29602,
"2009": 50242,
"2010": 64819,
"2011": 67580,
"2012": 54410,
"2013": 42505,
"2014": 27027
},
"relative": {
"1998": 517.3138478450645,
"2015": null,
"1999": 616.3896512995688,
"2000": 506.353661098572,
"2001": 730.6237838234754,
"2002": 502.2941863680744,
"2003": 666.2380379988632,
"2004": 423.38532711679755,
"2005": 927.4945073595007,
"2006": 895.4784138346381,
"2007": 807.3499046621412,
"2008": 714.2137634893741,
"2009": 703.290282035053,
"2010": 706.2228068836845,
"2011": 724.1567238884065,
"2012": 764.8742527610119,
"2013": 823.77899256781,
"2014": 1263.2700732315236
},
"sums": {
"absolute": 363370,
"relative": 625.8202405287402
}
},
"time": 11.570324420928955
}
